date,ROC
2020-04-27 10:31:00,0.4266
2020-04-27 10:32:00,0.5613
2020-04-27 10:33:00,0.7393
2020-04-27 10:34:00,0.7248
2020-04-27 10:35:00,0.717
2020-04-27 10:36:00,0.6418
2020-04-27 10:37:00,0.8022
2020-04-27 10:38:00,0.5455
2020-04-27 10:39:00,0.5225
2020-04-27 10:40:00,0.4413
2020-04-27 10:41:00,0.4809
2020-04-27 10:42:00,0.617
2020-04-27 10:43:00,0.413
2020-04-27 10:44:00,0.3773
2020-04-27 10:45:00,0.4243
2020-04-27 10:46:00,0.2173
2020-04-27 10:47:00,0.1353
2020-04-27 10:48:00,0.1673
2020-04-27 10:49:00,-0.0169
2020-04-27 10:50:00,-0.0304
2020-04-27 10:51:00,-0.3368
2020-04-27 10:52:00,-0.3328
2020-04-27 10:53:00,-0.2729
2020-04-27 10:54:00,-0.429
2020-04-27 10:55:00,-0.5792
2020-04-27 10:56:00,-0.5024
2020-04-27 10:57:00,-0.4939
2020-04-27 10:58:00,-0.5856
2020-04-27 10:59:00,-0.7785
2020-04-27 11:00:00,-0.9923
2020-04-27 11:01:00,-0.9906
2020-04-27 11:02:00,-1.102
2020-04-27 11:03:00,-0.9857
2020-04-27 11:04:00,-1.0953
2020-04-27 11:05:00,-1.0027
2020-04-27 11:06:00,-0.9076
2020-04-27 11:07:00,-0.82
2020-04-27 11:08:00,-0.7287
2020-04-27 11:09:00,-0.7572
2020-04-27 11:10:00,-0.5567
2020-04-27 11:11:00,-0.4868
2020-04-27 11:12:00,-0.606
2020-04-27 11:13:00,-0.4126
2020-04-27 11:14:00,-0.3623
2020-04-27 11:15:00,-0.3667
2020-04-27 11:16:00,-0.3035
2020-04-27 11:17:00,-0.342
2020-04-27 11:18:00,-0.4318
2020-04-27 11:19:00,-0.3467
2020-04-27 11:20:00,-0.2169
2020-04-27 11:21:00,-0.2609
2020-04-27 11:22:00,-0.0989
2020-04-27 11:23:00,-0.1095
2020-04-27 11:24:00,-0.1499
2020-04-27 11:25:00,-0.0601
2020-04-27 11:26:00,0.0353
2020-04-27 11:27:00,0.0194
2020-04-27 11:28:00,0.2229
2020-04-27 11:29:00,0.0548
2020-04-27 11:30:00,-0.0106
2020-04-27 11:31:00,0.0276
2020-04-27 11:32:00,0.1479
2020-04-27 11:33:00,0.0356
2020-04-27 11:34:00,0.1361
2020-04-27 11:35:00,0.2247
2020-04-27 11:36:00,0.2799
2020-04-27 11:37:00,0.2332
2020-04-27 11:38:00,0.4009
2020-04-27 11:39:00,0.337
2020-04-27 11:40:00,0.2551
2020-04-27 11:41:00,0.2681
2020-04-27 11:42:00,0.2339
2020-04-27 11:43:00,0.273
2020-04-27 11:44:00,0.3139
2020-04-27 11:45:00,0.4082
2020-04-27 11:46:00,0.5367
2020-04-27 11:47:00,0.583
2020-04-27 11:48:00,0.5116
2020-04-27 11:49:00,0.562
2020-04-27 11:50:00,0.4154
2020-04-27 11:51:00,0.5105
2020-04-27 11:52:00,0.4015
2020-04-27 11:53:00,0.1053
2020-04-27 11:54:00,0.2246
2020-04-27 11:55:00,0.1533
2020-04-27 11:56:00,0.1667
2020-04-27 11:57:00,0.0957
2020-04-27 11:58:00,0.1952
2020-04-27 11:59:00,0.1704
2020-04-27 12:00:00,0.306
2020-04-27 12:01:00,0.2917
2020-04-27 12:02:00,0.4023
2020-04-27 12:03:00,0.2098
2020-04-27 12:04:00,0.1384
2020-04-27 12:05:00,0.0035
2020-04-27 12:06:00,-0.0657
2020-04-27 12:07:00,-0.0994
2020-04-27 12:08:00,-0.1277
2020-04-27 12:09:00,-0.1239
2020-04-27 12:10:00,-0.1899
2020-04-27 12:11:00,-0.2552
2020-04-27 12:12:00,-0.2428
2020-04-27 12:13:00,-0.3966
2020-04-27 12:14:00,-0.468
2020-04-27 12:15:00,-0.3911
2020-04-27 12:16:00,-0.2336
2020-04-27 12:17:00,-0.1455
2020-04-27 12:18:00,-0.1575
2020-04-27 12:19:00,-0.2424
2020-04-27 12:20:00,-0.3217
2020-04-27 12:21:00,-0.3641
2020-04-27 12:22:00,-0.3076
2020-04-27 12:23:00,-0.2617
2020-04-27 12:24:00,-0.2735
2020-04-27 12:25:00,-0.2969
2020-04-27 12:26:00,-0.3744
2020-04-27 12:27:00,-0.3991
2020-04-27 12:28:00,-0.533
2020-04-27 12:29:00,-0.4857
2020-04-27 12:30:00,-0.4804
2020-04-27 12:31:00,-0.4204
2020-04-27 12:32:00,-0.3802
2020-04-27 12:33:00,-0.2651
2020-04-27 12:34:00,-0.3853
2020-04-27 12:35:00,-0.3012
2020-04-27 12:36:00,-0.2897
2020-04-27 12:37:00,-0.288
2020-04-27 12:38:00,-0.3603
2020-04-27 12:39:00,-0.3885
2020-04-27 12:40:00,-0.3145
2020-04-27 12:41:00,-0.3557
2020-04-27 12:42:00,-0.3324
2020-04-27 12:43:00,-0.3869
2020-04-27 12:44:00,-0.3341
2020-04-27 12:45:00,-0.3429
2020-04-27 12:46:00,-0.403
2020-04-27 12:47:00,-0.4948
2020-04-27 12:48:00,-0.4454
2020-04-27 12:49:00,-0.3713
2020-04-27 12:50:00,-0.3341
2020-04-27 12:51:00,-0.2549
2020-04-27 12:52:00,-0.3256
2020-04-27 12:53:00,-0.271
2020-04-27 12:54:00,-0.258
2020-04-27 12:55:00,-0.2409
2020-04-27 12:56:00,-0.2284
2020-04-27 12:57:00,-0.1736
2020-04-27 12:58:00,-0.1735
2020-04-27 12:59:00,-0.1034
2020-04-27 13:00:00,-0.1492
2020-04-27 13:01:00,-0.1188
2020-04-27 13:02:00,-0.2517
2020-04-27 13:03:00,-0.1845
2020-04-27 13:04:00,-0.2021
2020-04-27 13:05:00,-0.0782
2020-04-27 13:06:00,-0.0266
2020-04-27 13:07:00,-0.0883
2020-04-27 13:08:00,-0.1207
2020-04-27 13:09:00,-0.0995
2020-04-27 13:10:00,-0.1257
2020-04-27 13:11:00,-0.0498
2020-04-27 13:12:00,-0.0881
2020-04-27 13:13:00,-0.0071
2020-04-27 13:14:00,0.0268
2020-04-27 13:15:00,-0.0373
2020-04-27 13:16:00,-0.2537
2020-04-27 13:17:00,-0.3475
2020-04-27 13:18:00,-0.3354
2020-04-27 13:19:00,-0.3772
2020-04-27 13:20:00,-0.4291
2020-04-27 13:21:00,-0.4221
2020-04-27 13:22:00,-0.447
2020-04-27 13:23:00,-0.4432
2020-04-27 13:24:00,-0.5024
2020-04-27 13:25:00,-0.5779
2020-04-27 13:26:00,-0.4999
2020-04-27 13:27:00,-0.4078
2020-04-27 13:28:00,-0.2697
2020-04-27 13:29:00,-0.2449
2020-04-27 13:30:00,-0.2591
2020-04-27 13:31:00,-0.2555
2020-04-27 13:32:00,-0.3729
2020-04-27 13:33:00,-0.4466
2020-04-27 13:34:00,-0.4426
2020-04-27 13:35:00,-0.4275
2020-04-27 13:36:00,-0.535
2020-04-27 13:37:00,-0.4058
2020-04-27 13:38:00,-0.2588
2020-04-27 13:39:00,-0.2908
2020-04-27 13:40:00,-0.2978
2020-04-27 13:41:00,-0.1597
2020-04-27 13:42:00,-0.1538
2020-04-27 13:43:00,-0.1725
2020-04-27 13:44:00,-0.2093
2020-04-27 13:45:00,-0.188
2020-04-27 13:46:00,-0.11
2020-04-27 13:47:00,-0.103
2020-04-27 13:48:00,-0.0994
2020-04-27 13:49:00,-0.1544
2020-04-27 13:50:00,-0.1192
2020-04-27 13:51:00,-0.0976
2020-04-27 13:52:00,0.0284
2020-04-27 13:53:00,0.0675
2020-04-27 13:54:00,0.0071
2020-04-27 13:55:00,0.0533
2020-04-27 13:56:00,0.0182
2020-04-27 13:57:00,0.0
2020-04-27 13:58:00,-0.0426
2020-04-27 13:59:00,-0.0597
2020-04-27 14:00:00,-0.0322
2020-04-27 14:01:00,0.0976
2020-04-27 14:02:00,0.2725
2020-04-27 14:03:00,0.2346
2020-04-27 14:04:00,0.3486
2020-04-27 14:05:00,0.3165
2020-04-27 14:06:00,0.2807
2020-04-27 14:07:00,0.3208
2020-04-27 14:08:00,0.2737
2020-04-27 14:09:00,0.3111
2020-04-27 14:10:00,0.3143
2020-04-27 14:11:00,0.3414
2020-04-27 14:12:00,0.3727
2020-04-27 14:13:00,0.3271
2020-04-27 14:14:00,0.2993
2020-04-27 14:15:00,0.2666
2020-04-27 14:16:00,0.3361
2020-04-27 14:17:00,0.3629
2020-04-27 14:18:00,0.3827
2020-04-27 14:19:00,0.4603
2020-04-27 14:20:00,0.5147
2020-04-27 14:21:00,0.6132
2020-04-27 14:22:00,0.611
2020-04-27 14:23:00,0.5521
2020-04-27 14:24:00,0.6862
2020-04-27 14:25:00,0.7418
2020-04-27 14:26:00,0.6526
2020-04-27 14:27:00,0.5447
2020-04-27 14:28:00,0.4875
2020-04-27 14:29:00,0.4911
2020-04-27 14:30:00,0.5124
2020-04-27 14:31:00,0.4553
2020-04-27 14:32:00,0.5587
2020-04-27 14:33:00,0.6265
2020-04-27 14:34:00,0.6587
2020-04-27 14:35:00,0.6332
2020-04-27 14:36:00,0.716
2020-04-27 14:37:00,0.6548
2020-04-27 14:38:00,0.5777
2020-04-27 14:39:00,0.6116
2020-04-27 14:40:00,0.569
2020-04-27 14:41:00,0.549
2020-04-27 14:42:00,0.5378
2020-04-27 14:43:00,0.6152
2020-04-27 14:44:00,0.5794
2020-04-27 14:45:00,0.533
2020-04-27 14:46:00,0.5046
2020-04-27 14:47:00,0.5582
2020-04-27 14:48:00,0.4976
2020-04-27 14:49:00,0.4996
2020-04-27 14:50:00,0.5189
2020-04-27 14:51:00,0.4129
2020-04-27 14:52:00,0.3027
2020-04-27 14:53:00,0.2668
2020-04-27 14:54:00,0.3124
2020-04-27 14:55:00,0.2839
2020-04-27 14:56:00,0.2639
2020-04-27 14:57:00,0.2709
2020-04-27 14:58:00,0.3833
2020-04-27 14:59:00,0.3444
2020-04-27 15:00:00,0.3076
2020-04-27 15:01:00,0.227
2020-04-27 15:02:00,0.221
2020-04-27 15:03:00,0.2713
2020-04-27 15:04:00,0.312
2020-04-27 15:05:00,0.2642
2020-04-27 15:06:00,0.1701
2020-04-27 15:07:00,0.0549
2020-04-27 15:08:00,0.1634
2020-04-27 15:09:00,0.14
2020-04-27 15:10:00,0.1298
2020-04-27 15:11:00,0.078
2020-04-27 15:12:00,0.1169
2020-04-27 15:13:00,0.124
2020-04-27 15:14:00,0.1825
2020-04-27 15:15:00,0.2198
2020-04-27 15:16:00,0.2277
2020-04-27 15:17:00,0.2624
2020-04-27 15:18:00,0.1985
2020-04-27 15:19:00,0.2105
2020-04-27 15:20:00,0.2214
2020-04-27 15:21:00,0.236
2020-04-27 15:22:00,0.2
2020-04-27 15:23:00,0.2567
2020-04-27 15:24:00,0.2053
2020-04-27 15:25:00,0.2018
2020-04-27 15:26:00,0.1439
2020-04-27 15:27:00,0.1523
2020-04-27 15:28:00,0.0637
2020-04-27 15:29:00,0.0293
2020-04-27 15:30:00,0.0336
2020-04-27 15:31:00,0.0992
2020-04-27 15:32:00,0.0708
2020-04-27 15:33:00,-0.0884
2020-04-27 15:34:00,-0.0318
2020-04-27 15:35:00,0.0336
2020-04-27 15:36:00,0.046
2020-04-27 15:37:00,-0.0597
2020-04-27 15:38:00,-0.0583
2020-04-27 15:39:00,-0.031
2020-04-27 15:40:00,-0.0475
2020-04-27 15:41:00,-0.0407
2020-04-27 15:42:00,-0.0247
2020-04-27 15:43:00,-0.0177
2020-04-27 15:44:00,-0.0141
2020-04-27 15:45:00,0.0336
2020-04-27 15:46:00,0.0742
2020-04-27 15:47:00,0.0778
2020-04-27 15:48:00,0.0849
2020-04-27 15:49:00,0.0985
2020-04-27 15:50:00,0.1096
2020-04-27 15:51:00,0.1175
2020-04-27 15:52:00,0.1193
2020-04-27 15:53:00,0.1339
2020-04-27 15:54:00,0.1366
2020-04-27 15:55:00,0.1557
2020-04-27 15:56:00,0.1274
2020-04-27 15:57:00,0.1716
2020-04-27 15:58:00,0.1874
2020-04-27 15:59:00,0.1769
2020-04-27 16:00:00,0.2421
2020-04-28 09:31:00,1.0193
2020-04-28 09:32:00,0.8242
2020-04-28 09:33:00,0.8612
2020-04-28 09:34:00,0.8429
2020-04-28 09:35:00,0.9635
2020-04-28 09:36:00,1.079
2020-04-28 09:37:00,1.1303
2020-04-28 09:38:00,0.8385
2020-04-28 09:39:00,0.6619
2020-04-28 09:40:00,0.7272
2020-04-28 09:41:00,0.7967
2020-04-28 09:42:00,0.7043
2020-04-28 09:43:00,0.6512
2020-04-28 09:44:00,0.6685
2020-04-28 09:45:00,0.6897
2020-04-28 09:46:00,0.8038
2020-04-28 09:47:00,0.8395
2020-04-28 09:48:00,0.7256
2020-04-28 09:49:00,0.8576
2020-04-28 09:50:00,0.7283
2020-04-28 09:51:00,0.6543
2020-04-28 09:52:00,0.7773
2020-04-28 09:53:00,0.7756
2020-04-28 09:54:00,0.855
2020-04-28 09:55:00,0.8249
2020-04-28 09:56:00,0.8076
2020-04-28 09:57:00,0.7495
2020-04-28 09:58:00,0.7891
2020-04-28 09:59:00,0.7247
2020-04-28 10:00:00,0.7663
2020-04-28 10:01:00,0.5501
2020-04-28 10:02:00,0.4668
2020-04-28 10:03:00,0.625
2020-04-28 10:04:00,0.4812
2020-04-28 10:05:00,0.5631
2020-04-28 10:06:00,0.6364
2020-04-28 10:07:00,0.7567
2020-04-28 10:08:00,0.7073
2020-04-28 10:09:00,0.6285
2020-04-28 10:10:00,0.7797
2020-04-28 10:11:00,0.7425
2020-04-28 10:12:00,0.8131
2020-04-28 10:13:00,0.8449
2020-04-28 10:14:00,0.76
2020-04-28 10:15:00,0.7085
2020-04-28 10:16:00,0.6607
2020-04-28 10:17:00,0.6377
2020-04-28 10:18:00,0.6007
2020-04-28 10:19:00,0.4916
2020-04-28 10:20:00,0.3534
2020-04-28 10:21:00,0.1183
2020-04-28 10:22:00,0.1661
2020-04-28 10:23:00,0.1308
2020-04-28 10:24:00,-0.0206
2020-04-28 10:25:00,-0.0459
2020-04-28 10:26:00,0.1494
2020-04-28 10:27:00,0.11
2020-04-28 10:28:00,0.06
2020-04-28 10:29:00,0.0565
2020-04-28 10:30:00,-0.0
2020-04-28 10:31:00,-0.6983
2020-04-28 10:32:00,-0.4736
2020-04-28 10:33:00,-0.5076
2020-04-28 10:34:00,-0.5708
2020-04-28 10:35:00,-0.6409
2020-04-28 10:36:00,-0.609
2020-04-28 10:37:00,-0.5776
2020-04-28 10:38:00,-0.4247
2020-04-28 10:39:00,-0.2162
2020-04-28 10:40:00,-0.3199
2020-04-28 10:41:00,-0.5279
2020-04-28 10:42:00,-0.5975
2020-04-28 10:43:00,-0.545
2020-04-28 10:44:00,-0.7344
2020-04-28 10:45:00,-0.8255
2020-04-28 10:46:00,-1.0543
2020-04-28 10:47:00,-1.1937
2020-04-28 10:48:00,-1.0983
2020-04-28 10:49:00,-1.2658
2020-04-28 10:50:00,-0.9784
2020-04-28 10:51:00,-1.0459
2020-04-28 10:52:00,-1.0658
2020-04-28 10:53:00,-1.0412
2020-04-28 10:54:00,-1.2926
2020-04-28 10:55:00,-1.4907
2020-04-28 10:56:00,-1.3621
2020-04-28 10:57:00,-1.4248
2020-04-28 10:58:00,-1.248
2020-04-28 10:59:00,-1.2899
2020-04-28 11:00:00,-1.2749
2020-04-28 11:01:00,-1.131
2020-04-28 11:02:00,-0.9187
2020-04-28 11:03:00,-0.9272
2020-04-28 11:04:00,-0.831
2020-04-28 11:05:00,-1.01
2020-04-28 11:06:00,-1.1909
2020-04-28 11:07:00,-1.1621
2020-04-28 11:08:00,-1.0678
2020-04-28 11:09:00,-0.9943
2020-04-28 11:10:00,-1.0995
2020-04-28 11:11:00,-1.1581
2020-04-28 11:12:00,-1.3044
2020-04-28 11:13:00,-1.2743
2020-04-28 11:14:00,-1.1823
2020-04-28 11:15:00,-1.2421
2020-04-28 11:16:00,-1.0936
2020-04-28 11:17:00,-1.1884
2020-04-28 11:18:00,-1.3661
2020-04-28 11:19:00,-1.2405
2020-04-28 11:20:00,-1.1089
2020-04-28 11:21:00,-0.8609
2020-04-28 11:22:00,-0.7181
2020-04-28 11:23:00,-0.6694
2020-04-28 11:24:00,-0.5294
2020-04-28 11:25:00,-0.4808
2020-04-28 11:26:00,-0.638
2020-04-28 11:27:00,-0.5646
2020-04-28 11:28:00,-0.5661
2020-04-28 11:29:00,-0.4447
2020-04-28 11:30:00,-0.4589
2020-04-28 11:31:00,-0.4484
2020-04-28 11:32:00,-0.5499
2020-04-28 11:33:00,-0.5965
2020-04-28 11:34:00,-0.5661
2020-04-28 11:35:00,-0.5781
2020-04-28 11:36:00,-0.5916
2020-04-28 11:37:00,-0.541
2020-04-28 11:38:00,-0.6063
2020-04-28 11:39:00,-0.6763
2020-04-28 11:40:00,-0.5818
2020-04-28 11:41:00,-0.4546
2020-04-28 11:42:00,-0.35
2020-04-28 11:43:00,-0.4207
2020-04-28 11:44:00,-0.3965
2020-04-28 11:45:00,-0.2277
2020-04-28 11:46:00,-0.0561
2020-04-28 11:47:00,0.0071
2020-04-28 11:48:00,0.0626
2020-04-28 11:49:00,-0.0107
2020-04-28 11:50:00,-0.2277
2020-04-28 11:51:00,-0.2553
2020-04-28 11:52:00,-0.3863
2020-04-28 11:53:00,-0.3737
2020-04-28 11:54:00,-0.1206
2020-04-28 11:55:00,0.0532
2020-04-28 11:56:00,0.0397
2020-04-28 11:57:00,0.121
2020-04-28 11:58:00,-0.0126
2020-04-28 11:59:00,0.0533
2020-04-28 12:00:00,0.0213
2020-04-28 12:01:00,0.0426
2020-04-28 12:02:00,-0.2167
2020-04-28 12:03:00,-0.4333
2020-04-28 12:04:00,-0.3622
2020-04-28 12:05:00,-0.2629
2020-04-28 12:06:00,-0.1422
2020-04-28 12:07:00,-0.3002
2020-04-28 12:08:00,-0.2695
2020-04-28 12:09:00,-0.3027
2020-04-28 12:10:00,-0.2866
2020-04-28 12:11:00,-0.1651
2020-04-28 12:12:00,-0.0782
2020-04-28 12:13:00,-0.2894
2020-04-28 12:14:00,-0.3072
2020-04-28 12:15:00,-0.3055
2020-04-28 12:16:00,-0.7468
2020-04-28 12:17:00,-0.4441
2020-04-28 12:18:00,-0.4026
2020-04-28 12:19:00,-0.524
2020-04-28 12:20:00,-0.4947
2020-04-28 12:21:00,-0.4449
2020-04-28 12:22:00,-0.5278
2020-04-28 12:23:00,-0.5603
2020-04-28 12:24:00,-0.5685
2020-04-28 12:25:00,-0.5186
2020-04-28 12:26:00,-0.4958
2020-04-28 12:27:00,-0.5842
2020-04-28 12:28:00,-0.6154
2020-04-28 12:29:00,-0.6595
2020-04-28 12:30:00,-0.6206
2020-04-28 12:31:00,-0.7217
2020-04-28 12:32:00,-0.6664
2020-04-28 12:33:00,-0.5673
2020-04-28 12:34:00,-0.6133
2020-04-28 12:35:00,-0.5211
2020-04-28 12:36:00,-0.5387
2020-04-28 12:37:00,-0.5578
2020-04-28 12:38:00,-0.4362
2020-04-28 12:39:00,-0.3462
2020-04-28 12:40:00,-0.4256
2020-04-28 12:41:00,-0.3352
2020-04-28 12:42:00,-0.33
2020-04-28 12:43:00,-0.2365
2020-04-28 12:44:00,-0.1315
2020-04-28 12:45:00,-0.2315
2020-04-28 12:46:00,-0.371
2020-04-28 12:47:00,-0.4329
2020-04-28 12:48:00,-0.3815
2020-04-28 12:49:00,-0.231
2020-04-28 12:50:00,-0.1563
2020-04-28 12:51:00,-0.0676
2020-04-28 12:52:00,-0.0107
2020-04-28 12:53:00,-0.0693
2020-04-28 12:54:00,-0.1528
2020-04-28 12:55:00,-0.16
2020-04-28 12:56:00,-0.0249
2020-04-28 12:57:00,0.1387
2020-04-28 12:58:00,0.0741
2020-04-28 12:59:00,0.1958
2020-04-28 13:00:00,0.1067
2020-04-28 13:01:00,0.096
2020-04-28 13:02:00,0.2314
2020-04-28 13:03:00,0.4263
2020-04-28 13:04:00,0.3564
2020-04-28 13:05:00,0.2814
2020-04-28 13:06:00,0.235
2020-04-28 13:07:00,0.3046
2020-04-28 13:08:00,0.0947
2020-04-28 13:09:00,0.1399
2020-04-28 13:10:00,0.0819
2020-04-28 13:11:00,0.0302
2020-04-28 13:12:00,0.0036
2020-04-28 13:13:00,0.1585
2020-04-28 13:14:00,0.0944
2020-04-28 13:15:00,0.1069
2020-04-28 13:16:00,0.4612
2020-04-28 13:17:00,0.2427
2020-04-28 13:18:00,0.3861
2020-04-28 13:19:00,0.5582
2020-04-28 13:20:00,0.465
2020-04-28 13:21:00,0.5452
2020-04-28 13:22:00,0.4002
2020-04-28 13:23:00,0.5371
2020-04-28 13:24:00,0.4664
2020-04-28 13:25:00,0.4249
2020-04-28 13:26:00,0.3501
2020-04-28 13:27:00,0.3127
2020-04-28 13:28:00,0.3069
2020-04-28 13:29:00,0.2858
2020-04-28 13:30:00,0.1901
2020-04-28 13:31:00,0.232
2020-04-28 13:32:00,0.2212
2020-04-28 13:33:00,0.2282
2020-04-28 13:34:00,0.0785
2020-04-28 13:35:00,0.0214
2020-04-28 13:36:00,-0.0531
2020-04-28 13:37:00,-0.0926
2020-04-28 13:38:00,-0.0748
2020-04-28 13:39:00,-0.1068
2020-04-28 13:40:00,-0.1639
2020-04-28 13:41:00,-0.13
2020-04-28 13:42:00,-0.1905
2020-04-28 13:43:00,-0.23
2020-04-28 13:44:00,-0.1459
2020-04-28 13:45:00,-0.0053
2020-04-28 13:46:00,0.0815
2020-04-28 13:47:00,0.2698
2020-04-28 13:48:00,0.219
2020-04-28 13:49:00,0.1425
2020-04-28 13:50:00,0.0676
2020-04-28 13:51:00,0.0783
2020-04-28 13:52:00,0.0747
2020-04-28 13:53:00,0.0463
2020-04-28 13:54:00,0.0605
2020-04-28 13:55:00,0.1175
2020-04-28 13:56:00,-0.0533
2020-04-28 13:57:00,-0.1474
2020-04-28 13:58:00,-0.0847
2020-04-28 13:59:00,-0.2113
2020-04-28 14:00:00,-0.1439
2020-04-28 14:01:00,-0.0744
2020-04-28 14:02:00,-0.0675
2020-04-28 14:03:00,-0.0373
2020-04-28 14:04:00,-0.0427
2020-04-28 14:05:00,0.0163
2020-04-28 14:06:00,0.0035
2020-04-28 14:07:00,0.0142
2020-04-28 14:08:00,0.0902
2020-04-28 14:09:00,0.1285
2020-04-28 14:10:00,0.2204
2020-04-28 14:11:00,0.2083
2020-04-28 14:12:00,0.2382
2020-04-28 14:13:00,0.2293
2020-04-28 14:14:00,0.2811
2020-04-28 14:15:00,0.267
2020-04-28 14:16:00,0.2313
2020-04-28 14:17:00,0.2065
2020-04-28 14:18:00,0.2707
2020-04-28 14:19:00,0.2598
2020-04-28 14:20:00,0.2528
2020-04-28 14:21:00,0.1298
2020-04-28 14:22:00,0.2278
2020-04-28 14:23:00,0.0782
2020-04-28 14:24:00,0.1146
2020-04-28 14:25:00,0.0676
2020-04-28 14:26:00,0.1796
2020-04-28 14:27:00,0.185
2020-04-28 14:28:00,0.0712
2020-04-28 14:29:00,0.0282
2020-04-28 14:30:00,0.1469
2020-04-28 14:31:00,0.1782
2020-04-28 14:32:00,0.1175
2020-04-28 14:33:00,0.0889
2020-04-28 14:34:00,0.2227
2020-04-28 14:35:00,0.1752
2020-04-28 14:36:00,0.1317
2020-04-28 14:37:00,0.0775
2020-04-28 14:38:00,0.1283
2020-04-28 14:39:00,0.1319
2020-04-28 14:40:00,0.2211
2020-04-28 14:41:00,0.1568
2020-04-28 14:42:00,0.2086
2020-04-28 14:43:00,0.2899
2020-04-28 14:44:00,0.1614
2020-04-28 14:45:00,-0.0747
2020-04-28 14:46:00,-0.0267
2020-04-28 14:47:00,-0.0754
2020-04-28 14:48:00,-0.1137
2020-04-28 14:49:00,-0.1244
2020-04-28 14:50:00,-0.0659
2020-04-28 14:51:00,-0.0355
2020-04-28 14:52:00,-0.1244
2020-04-28 14:53:00,-0.1707
2020-04-28 14:54:00,-0.127
2020-04-28 14:55:00,-0.1885
2020-04-28 14:56:00,-0.1032
2020-04-28 14:57:00,-0.2471
2020-04-28 14:58:00,-0.2205
2020-04-28 14:59:00,-0.1006
2020-04-28 15:00:00,-0.0783
2020-04-28 15:01:00,-0.1994
2020-04-28 15:02:00,-0.1812
2020-04-28 15:03:00,-0.1421
2020-04-28 15:04:00,-0.1705
2020-04-28 15:05:00,-0.2329
2020-04-28 15:06:00,-0.1936
2020-04-28 15:07:00,-0.1634
2020-04-28 15:08:00,-0.1243
2020-04-28 15:09:00,-0.2135
2020-04-28 15:10:00,-0.3016
2020-04-28 15:11:00,-0.3107
2020-04-28 15:12:00,-0.3543
2020-04-28 15:13:00,-0.4009
2020-04-28 15:14:00,-0.3431
2020-04-28 15:15:00,-0.3266
2020-04-28 15:16:00,-0.3302
2020-04-28 15:17:00,-0.2843
2020-04-28 15:18:00,-0.3872
2020-04-28 15:19:00,-0.387
2020-04-28 15:20:00,-0.3232
2020-04-28 15:21:00,-0.2699
2020-04-28 15:22:00,-0.5752
2020-04-28 15:23:00,-0.4227
2020-04-28 15:24:00,-0.3472
2020-04-28 15:25:00,-0.3091
2020-04-28 15:26:00,-0.3285
2020-04-28 15:27:00,-0.2593
2020-04-28 15:28:00,-0.1493
2020-04-28 15:29:00,-0.1183
2020-04-28 15:30:00,-0.144
2020-04-28 15:31:00,-0.2027
2020-04-28 15:32:00,-0.256
2020-04-28 15:33:00,-0.3146
2020-04-28 15:34:00,-0.3183
2020-04-28 15:35:00,-0.406
2020-04-28 15:36:00,-0.3416
2020-04-28 15:37:00,-0.1878
2020-04-28 15:38:00,-0.2474
2020-04-28 15:39:00,-0.2598
2020-04-28 15:40:00,-0.1637
2020-04-28 15:41:00,-0.2669
2020-04-28 15:42:00,-0.2242
2020-04-28 15:43:00,-0.3237
2020-04-28 15:44:00,-0.3177
2020-04-28 15:45:00,-0.2742
2020-04-28 15:46:00,-0.4022
2020-04-28 15:47:00,-0.5176
2020-04-28 15:48:00,-0.3629
2020-04-28 15:49:00,-0.4378
2020-04-28 15:50:00,-0.5674
2020-04-28 15:51:00,-0.5833
2020-04-28 15:52:00,-0.687
2020-04-28 15:53:00,-0.5419
2020-04-28 15:54:00,-0.6733
2020-04-28 15:55:00,-0.7111
2020-04-28 15:56:00,-0.7013
2020-04-28 15:57:00,-0.6346
2020-04-28 15:58:00,-0.7021
2020-04-28 15:59:00,-0.7277
2020-04-28 16:00:00,-0.8066
2020-04-29 09:31:00,1.3394
2020-04-29 09:32:00,1.2569
2020-04-29 09:33:00,1.437
2020-04-29 09:34:00,1.484
2020-04-29 09:35:00,1.6411
2020-04-29 09:36:00,1.4859
2020-04-29 09:37:00,1.4763
2020-04-29 09:38:00,1.341
2020-04-29 09:39:00,1.4472
2020-04-29 09:40:00,1.4558
2020-04-29 09:41:00,1.4326
2020-04-29 09:42:00,1.5495
2020-04-29 09:43:00,1.8271
2020-04-29 09:44:00,1.9819
2020-04-29 09:45:00,2.0736
2020-04-29 09:46:00,2.3727
2020-04-29 09:47:00,2.2626
2020-04-29 09:48:00,2.5852
2020-04-29 09:49:00,2.5982
2020-04-29 09:50:00,2.4547
2020-04-29 09:51:00,2.3721
2020-04-29 09:52:00,2.6927
2020-04-29 09:53:00,2.4589
2020-04-29 09:54:00,2.3247
2020-04-29 09:55:00,2.1669
2020-04-29 09:56:00,2.0735
2020-04-29 09:57:00,2.1403
2020-04-29 09:58:00,2.1543
2020-04-29 09:59:00,2.1595
2020-04-29 10:00:00,2.1905
2020-04-29 10:01:00,2.223
2020-04-29 10:02:00,2.2675
2020-04-29 10:03:00,2.1894
2020-04-29 10:04:00,2.3211
2020-04-29 10:05:00,2.4088
2020-04-29 10:06:00,2.4461
2020-04-29 10:07:00,2.4839
2020-04-29 10:08:00,2.3644
2020-04-29 10:09:00,2.423
2020-04-29 10:10:00,2.2893
2020-04-29 10:11:00,2.2974
2020-04-29 10:12:00,2.2812
2020-04-29 10:13:00,2.3772
2020-04-29 10:14:00,2.4379
2020-04-29 10:15:00,2.5282
2020-04-29 10:16:00,2.7373
2020-04-29 10:17:00,2.7964
2020-04-29 10:18:00,2.6998
2020-04-29 10:19:00,2.8493
2020-04-29 10:20:00,2.9414
2020-04-29 10:21:00,2.9442
2020-04-29 10:22:00,3.1148
2020-04-29 10:23:00,3.1956
2020-04-29 10:24:00,3.3109
2020-04-29 10:25:00,3.5154
2020-04-29 10:26:00,3.4207
2020-04-29 10:27:00,3.4297
2020-04-29 10:28:00,3.4026
2020-04-29 10:29:00,3.3807
2020-04-29 10:30:00,3.5073
2020-04-29 10:31:00,1.5159
2020-04-29 10:32:00,1.6117
2020-04-29 10:33:00,1.3904
2020-04-29 10:34:00,1.3083
2020-04-29 10:35:00,1.2551
2020-04-29 10:36:00,1.5167
2020-04-29 10:37:00,1.4726
2020-04-29 10:38:00,1.3847
2020-04-29 10:39:00,1.2561
2020-04-29 10:40:00,1.291
2020-04-29 10:41:00,1.279
2020-04-29 10:42:00,1.229
2020-04-29 10:43:00,0.9815
2020-04-29 10:44:00,0.8221
2020-04-29 10:45:00,0.7254
2020-04-29 10:46:00,0.341
2020-04-29 10:47:00,0.4846
2020-04-29 10:48:00,0.2468
2020-04-29 10:49:00,0.1737
2020-04-29 10:50:00,0.2747
2020-04-29 10:51:00,0.347
2020-04-29 10:52:00,0.3054
2020-04-29 10:53:00,0.4237
2020-04-29 10:54:00,0.4878
2020-04-29 10:55:00,0.5861
2020-04-29 10:56:00,0.5724
2020-04-29 10:57:00,0.3835
2020-04-29 10:58:00,0.3695
2020-04-29 10:59:00,0.4149
2020-04-29 11:00:00,0.3189
2020-04-29 11:01:00,0.352
2020-04-29 11:02:00,0.3242
2020-04-29 11:03:00,0.3852
2020-04-29 11:04:00,0.2242
2020-04-29 11:05:00,0.3895
2020-04-29 11:06:00,0.3804
2020-04-29 11:07:00,0.1672
2020-04-29 11:08:00,0.1778
2020-04-29 11:09:00,0.1638
2020-04-29 11:10:00,0.2092
2020-04-29 11:11:00,0.4087
2020-04-29 11:12:00,0.4586
2020-04-29 11:13:00,0.3339
2020-04-29 11:14:00,0.3472
2020-04-29 11:15:00,0.2789
2020-04-29 11:16:00,0.1357
2020-04-29 11:17:00,0.1252
2020-04-29 11:18:00,0.0278
2020-04-29 11:19:00,0.0483
2020-04-29 11:20:00,0.0939
2020-04-29 11:21:00,-0.0348
2020-04-29 11:22:00,0.0
2020-04-29 11:23:00,-0.0868
2020-04-29 11:24:00,-0.0483
2020-04-29 11:25:00,-0.2045
2020-04-29 11:26:00,-0.2566
2020-04-29 11:27:00,-0.2703
2020-04-29 11:28:00,-0.1631
2020-04-29 11:29:00,-0.1423
2020-04-29 11:30:00,-0.2775
2020-04-29 11:31:00,-0.4512
2020-04-29 11:32:00,-0.4821
2020-04-29 11:33:00,-0.5542
2020-04-29 11:34:00,-0.5819
2020-04-29 11:35:00,-0.5311
2020-04-29 11:36:00,-0.6918
2020-04-29 11:37:00,-0.6808
2020-04-29 11:38:00,-0.5384
2020-04-29 11:39:00,-0.5126
2020-04-29 11:40:00,-0.5213
2020-04-29 11:41:00,-0.5093
2020-04-29 11:42:00,-0.5714
2020-04-29 11:43:00,-0.4558
2020-04-29 11:44:00,-0.5315
2020-04-29 11:45:00,-0.4573
2020-04-29 11:46:00,-0.3815
2020-04-29 11:47:00,-0.4407
2020-04-29 11:48:00,-0.5183
2020-04-29 11:49:00,-0.4162
2020-04-29 11:50:00,-0.3832
2020-04-29 11:51:00,-0.3986
2020-04-29 11:52:00,-0.4084
2020-04-29 11:53:00,-0.319
2020-04-29 11:54:00,-0.2809
2020-04-29 11:55:00,-0.3024
2020-04-29 11:56:00,-0.2603
2020-04-29 11:57:00,-0.1875
2020-04-29 11:58:00,-0.2848
2020-04-29 11:59:00,-0.2847
2020-04-29 12:00:00,-0.3292
2020-04-29 12:01:00,-0.3377
2020-04-29 12:02:00,-0.2641
2020-04-29 12:03:00,-0.2586
2020-04-29 12:04:00,-0.1357
2020-04-29 12:05:00,-0.2682
2020-04-29 12:06:00,-0.3338
2020-04-29 12:07:00,-0.226
2020-04-29 12:08:00,-0.1044
2020-04-29 12:09:00,-0.1878
2020-04-29 12:10:00,-0.1374
2020-04-29 12:11:00,-0.2745
2020-04-29 12:12:00,-0.302
2020-04-29 12:13:00,-0.2675
2020-04-29 12:14:00,-0.339
2020-04-29 12:15:00,-0.3111
2020-04-29 12:16:00,-0.3109
2020-04-29 12:17:00,-0.3752
2020-04-29 12:18:00,-0.3024
2020-04-29 12:19:00,-0.2532
2020-04-29 12:20:00,-0.3438
2020-04-29 12:21:00,-0.2415
2020-04-29 12:22:00,-0.2468
2020-04-29 12:23:00,-0.2745
2020-04-29 12:24:00,-0.3534
2020-04-29 12:25:00,-0.2779
2020-04-29 12:26:00,-0.2434
2020-04-29 12:27:00,-0.1932
2020-04-29 12:28:00,-0.1565
2020-04-29 12:29:00,-0.1773
2020-04-29 12:30:00,-0.146
2020-04-29 12:31:00,-0.0688
2020-04-29 12:32:00,-0.1113
2020-04-29 12:33:00,-0.0591
2020-04-29 12:34:00,-0.0696
2020-04-29 12:35:00,-0.1771
2020-04-29 12:36:00,-0.1265
2020-04-29 12:37:00,-0.1044
2020-04-29 12:38:00,0.0557
2020-04-29 12:39:00,0.0928
2020-04-29 12:40:00,0.1332
2020-04-29 12:41:00,0.1278
2020-04-29 12:42:00,0.188
2020-04-29 12:43:00,0.1412
2020-04-29 12:44:00,0.2054
2020-04-29 12:45:00,0.1497
2020-04-29 12:46:00,0.1991
2020-04-29 12:47:00,0.2055
2020-04-29 12:48:00,0.2804
2020-04-29 12:49:00,0.2403
2020-04-29 12:50:00,0.1758
2020-04-29 12:51:00,0.1601
2020-04-29 12:52:00,0.1357
2020-04-29 12:53:00,0.0243
2020-04-29 12:54:00,0.0365
2020-04-29 12:55:00,0.039
2020-04-29 12:56:00,0.0353
2020-04-29 12:57:00,0.0539
2020-04-29 12:58:00,0.0763
2020-04-29 12:59:00,-0.0329
2020-04-29 13:00:00,0.109
2020-04-29 13:01:00,0.1576
2020-04-29 13:02:00,0.0941
2020-04-29 13:03:00,0.2004
2020-04-29 13:04:00,0.1672
2020-04-29 13:05:00,0.1742
2020-04-29 13:06:00,0.1618
2020-04-29 13:07:00,0.2186
2020-04-29 13:08:00,0.1986
2020-04-29 13:09:00,0.2927
2020-04-29 13:10:00,0.2526
2020-04-29 13:11:00,0.2508
2020-04-29 13:12:00,0.1671
2020-04-29 13:13:00,0.2299
2020-04-29 13:14:00,0.2843
2020-04-29 13:15:00,0.3014
2020-04-29 13:16:00,0.2605
2020-04-29 13:17:00,0.3906
2020-04-29 13:18:00,0.3626
2020-04-29 13:19:00,0.2612
2020-04-29 13:20:00,0.2892
2020-04-29 13:21:00,0.2735
2020-04-29 13:22:00,0.1983
2020-04-29 13:23:00,0.1463
2020-04-29 13:24:00,0.0645
2020-04-29 13:25:00,0.0851
2020-04-29 13:26:00,0.0585
2020-04-29 13:27:00,0.0683
2020-04-29 13:28:00,-0.0104
2020-04-29 13:29:00,0.0104
2020-04-29 13:30:00,0.0173
2020-04-29 13:31:00,-0.0174
2020-04-29 13:32:00,-0.0582
2020-04-29 13:33:00,-0.0661
2020-04-29 13:34:00,0.0174
2020-04-29 13:35:00,-0.0906
2020-04-29 13:36:00,-0.0994
2020-04-29 13:37:00,-0.1212
2020-04-29 13:38:00,-0.2192
2020-04-29 13:39:00,-0.2875
2020-04-29 13:40:00,-0.3016
2020-04-29 13:41:00,-0.2146
2020-04-29 13:42:00,-0.278
2020-04-29 13:43:00,-0.3134
2020-04-29 13:44:00,-0.3196
2020-04-29 13:45:00,-0.2885
2020-04-29 13:46:00,-0.3064
2020-04-29 13:47:00,-0.2607
2020-04-29 13:48:00,-0.2606
2020-04-29 13:49:00,-0.3057
2020-04-29 13:50:00,-0.2369
2020-04-29 13:51:00,-0.2918
2020-04-29 13:52:00,-0.2086
2020-04-29 13:53:00,-0.1685
2020-04-29 13:54:00,-0.2242
2020-04-29 13:55:00,-0.2225
2020-04-29 13:56:00,-0.1797
2020-04-29 13:57:00,-0.1704
2020-04-29 13:58:00,-0.0206
2020-04-29 13:59:00,-0.0019
2020-04-29 14:00:00,-0.0306
2020-04-29 14:01:00,-0.134
2020-04-29 14:02:00,0.0313
2020-04-29 14:03:00,-0.1084
2020-04-29 14:04:00,-0.3373
2020-04-29 14:05:00,-0.1617
2020-04-29 14:06:00,-0.2589
2020-04-29 14:07:00,-0.3224
2020-04-29 14:08:00,-0.2973
2020-04-29 14:09:00,-0.3735
2020-04-29 14:10:00,-0.318
2020-04-29 14:11:00,-0.2467
2020-04-29 14:12:00,-0.2607
2020-04-29 14:13:00,-0.351
2020-04-29 14:14:00,-0.4224
2020-04-29 14:15:00,-0.455
2020-04-29 14:16:00,-0.2199
2020-04-29 14:17:00,-0.3534
2020-04-29 14:18:00,-0.3231
2020-04-29 14:19:00,-0.3509
2020-04-29 14:20:00,-0.4083
2020-04-29 14:21:00,-0.3527
2020-04-29 14:22:00,-0.265
2020-04-29 14:23:00,-0.1948
2020-04-29 14:24:00,-0.047
2020-04-29 14:25:00,-0.0129
2020-04-29 14:26:00,0.0774
2020-04-29 14:27:00,0.0714
2020-04-29 14:28:00,0.0731
2020-04-29 14:29:00,0.0836
2020-04-29 14:30:00,0.0696
2020-04-29 14:31:00,0.0313
2020-04-29 14:32:00,0.0042
2020-04-29 14:33:00,0.1289
2020-04-29 14:34:00,0.1045
2020-04-29 14:35:00,0.2126
2020-04-29 14:36:00,0.1837
2020-04-29 14:37:00,0.2189
2020-04-29 14:38:00,0.2266
2020-04-29 14:39:00,0.3854
2020-04-29 14:40:00,0.3139
2020-04-29 14:41:00,0.2719
2020-04-29 14:42:00,0.3068
2020-04-29 14:43:00,0.3019
2020-04-29 14:44:00,0.2847
2020-04-29 14:45:00,0.3137
2020-04-29 14:46:00,0.2788
2020-04-29 14:47:00,0.3346
2020-04-29 14:48:00,0.3328
2020-04-29 14:49:00,0.3171
2020-04-29 14:50:00,0.3071
2020-04-29 14:51:00,0.3467
2020-04-29 14:52:00,0.324
2020-04-29 14:53:00,0.2977
2020-04-29 14:54:00,0.1463
2020-04-29 14:55:00,0.2405
2020-04-29 14:56:00,0.2161
2020-04-29 14:57:00,0.3083
2020-04-29 14:58:00,0.2977
2020-04-29 14:59:00,0.4877
2020-04-29 15:00:00,0.4835
2020-04-29 15:01:00,0.5
2020-04-29 15:02:00,0.3376
2020-04-29 15:03:00,0.4271
2020-04-29 15:04:00,0.6415
2020-04-29 15:05:00,0.3805
2020-04-29 15:06:00,0.3714
2020-04-29 15:07:00,0.3558
2020-04-29 15:08:00,0.349
2020-04-29 15:09:00,0.4244
2020-04-29 15:10:00,0.3503
2020-04-29 15:11:00,0.2508
2020-04-29 15:12:00,0.3939
2020-04-29 15:13:00,0.5092
2020-04-29 15:14:00,0.5617
2020-04-29 15:15:00,0.5854
2020-04-29 15:16:00,0.3588
2020-04-29 15:17:00,0.3546
2020-04-29 15:18:00,0.4496
2020-04-29 15:19:00,0.4497
2020-04-29 15:20:00,0.5321
2020-04-29 15:21:00,0.5055
2020-04-29 15:22:00,0.5381
2020-04-29 15:23:00,0.5298
2020-04-29 15:24:00,0.4389
2020-04-29 15:25:00,0.424
2020-04-29 15:26:00,0.4958
2020-04-29 15:27:00,0.4607
2020-04-29 15:28:00,0.4471
2020-04-29 15:29:00,0.414
2020-04-29 15:30:00,0.4663
2020-04-29 15:31:00,0.5354
2020-04-29 15:32:00,0.6009
2020-04-29 15:33:00,0.3514
2020-04-29 15:34:00,0.5254
2020-04-29 15:35:00,0.4905
2020-04-29 15:36:00,0.515
2020-04-29 15:37:00,0.4575
2020-04-29 15:38:00,0.4939
2020-04-29 15:39:00,0.3961
2020-04-29 15:40:00,0.4242
2020-04-29 15:41:00,0.4171
2020-04-29 15:42:00,0.4803
2020-04-29 15:43:00,0.4604
2020-04-29 15:44:00,0.4371
2020-04-29 15:45:00,0.41
2020-04-29 15:46:00,0.3927
2020-04-29 15:47:00,0.3195
2020-04-29 15:48:00,0.2101
2020-04-29 15:49:00,0.2209
2020-04-29 15:50:00,0.2222
2020-04-29 15:51:00,0.1129
2020-04-29 15:52:00,-0.0764
2020-04-29 15:53:00,-0.1215
2020-04-29 15:54:00,-0.0209
2020-04-29 15:55:00,-0.0209
2020-04-29 15:56:00,0.0712
2020-04-29 15:57:00,-0.0903
2020-04-29 15:58:00,-0.1961
2020-04-29 15:59:00,-0.3605
2020-04-29 16:00:00,-0.2288
2020-04-30 09:31:00,0.3258
2020-04-30 09:32:00,0.2427
2020-04-30 09:33:00,0.2583
2020-04-30 09:34:00,0.2675
2020-04-30 09:35:00,0.4223
2020-04-30 09:36:00,0.3457
2020-04-30 09:37:00,0.3128
2020-04-30 09:38:00,0.455
2020-04-30 09:39:00,0.562
2020-04-30 09:40:00,0.5749
2020-04-30 09:41:00,0.7004
2020-04-30 09:42:00,0.8888
2020-04-30 09:43:00,0.7869
2020-04-30 09:44:00,1.0686
2020-04-30 09:45:00,1.0589
2020-04-30 09:46:00,1.0342
2020-04-30 09:47:00,1.285
2020-04-30 09:48:00,1.2908
2020-04-30 09:49:00,1.4334
2020-04-30 09:50:00,1.4715
2020-04-30 09:51:00,1.5912
2020-04-30 09:52:00,1.5955
2020-04-30 09:53:00,1.4874
2020-04-30 09:54:00,1.566
2020-04-30 09:55:00,1.6493
2020-04-30 09:56:00,1.4595
2020-04-30 09:57:00,1.4479
2020-04-30 09:58:00,1.5072
2020-04-30 09:59:00,1.4449
2020-04-30 10:00:00,1.2781
2020-04-30 10:01:00,1.275
2020-04-30 10:02:00,1.1565
2020-04-30 10:03:00,1.2758
2020-04-30 10:04:00,1.1355
2020-04-30 10:05:00,1.1562
2020-04-30 10:06:00,1.3087
2020-04-30 10:07:00,1.47
2020-04-30 10:08:00,1.2548
2020-04-30 10:09:00,1.2165
2020-04-30 10:10:00,1.2532
2020-04-30 10:11:00,1.2185
2020-04-30 10:12:00,0.9262
2020-04-30 10:13:00,0.78
2020-04-30 10:14:00,0.8494
2020-04-30 10:15:00,0.8339
2020-04-30 10:16:00,0.8794
2020-04-30 10:17:00,0.8101
2020-04-30 10:18:00,0.7383
2020-04-30 10:19:00,0.8401
2020-04-30 10:20:00,0.7969
2020-04-30 10:21:00,0.9919
2020-04-30 10:22:00,1.119
2020-04-30 10:23:00,1.1474
2020-04-30 10:24:00,1.2047
2020-04-30 10:25:00,1.0537
2020-04-30 10:26:00,0.985
2020-04-30 10:27:00,0.996
2020-04-30 10:28:00,1.2048
2020-04-30 10:29:00,1.4891
2020-04-30 10:30:00,1.5165
2020-04-30 10:31:00,0.8672
2020-04-30 10:32:00,1.0448
2020-04-30 10:33:00,1.0755
2020-04-30 10:34:00,0.9232
2020-04-30 10:35:00,0.8862
2020-04-30 10:36:00,1.0821
2020-04-30 10:37:00,1.0837
2020-04-30 10:38:00,0.9531
2020-04-30 10:39:00,0.7546
2020-04-30 10:40:00,0.7167
2020-04-30 10:41:00,0.595
2020-04-30 10:42:00,0.3049
2020-04-30 10:43:00,0.2727
2020-04-30 10:44:00,-0.1244
2020-04-30 10:45:00,-0.2884
2020-04-30 10:46:00,-0.1168
2020-04-30 10:47:00,-0.1386
2020-04-30 10:48:00,-0.1918
2020-04-30 10:49:00,-0.2926
2020-04-30 10:50:00,-0.2873
2020-04-30 10:51:00,-0.3894
2020-04-30 10:52:00,-0.5326
2020-04-30 10:53:00,-0.4817
2020-04-30 10:54:00,-0.4003
2020-04-30 10:55:00,-0.4512
2020-04-30 10:56:00,-0.3993
2020-04-30 10:57:00,-0.2902
2020-04-30 10:58:00,-0.3686
2020-04-30 10:59:00,-0.3723
2020-04-30 11:00:00,-0.2907
2020-04-30 11:01:00,-0.18
2020-04-30 11:02:00,0.0137
2020-04-30 11:03:00,0.0685
2020-04-30 11:04:00,0.0887
2020-04-30 11:05:00,-0.0205
2020-04-30 11:06:00,-0.1845
2020-04-30 11:07:00,-0.3276
2020-04-30 11:08:00,-0.1795
2020-04-30 11:09:00,-0.0985
2020-04-30 11:10:00,-0.0923
2020-04-30 11:11:00,-0.1557
2020-04-30 11:12:00,0.0548
2020-04-30 11:13:00,0.1854
2020-04-30 11:14:00,0.0806
2020-04-30 11:15:00,0.0721
2020-04-30 11:16:00,0.0995
2020-04-30 11:17:00,0.0893
2020-04-30 11:18:00,0.2959
2020-04-30 11:19:00,0.2199
2020-04-30 11:20:00,0.1513
2020-04-30 11:21:00,0.0378
2020-04-30 11:22:00,0.1684
2020-04-30 11:23:00,0.1066
2020-04-30 11:24:00,0.1368
2020-04-30 11:25:00,0.2168
2020-04-30 11:26:00,0.1806
2020-04-30 11:27:00,0.2082
2020-04-30 11:28:00,0.043
2020-04-30 11:29:00,-0.2434
2020-04-30 11:30:00,-0.3887
2020-04-30 11:31:00,-0.2501
2020-04-30 11:32:00,-0.3082
2020-04-30 11:33:00,-0.4037
2020-04-30 11:34:00,-0.2501
2020-04-30 11:35:00,-0.3493
2020-04-30 11:36:00,-0.3511
2020-04-30 11:37:00,-0.2872
2020-04-30 11:38:00,-0.4147
2020-04-30 11:39:00,-0.3496
2020-04-30 11:40:00,-0.2263
2020-04-30 11:41:00,-0.1578
2020-04-30 11:42:00,-0.1778
2020-04-30 11:43:00,-0.0517
2020-04-30 11:44:00,0.1005
2020-04-30 11:45:00,0.2639
2020-04-30 11:46:00,0.1341
2020-04-30 11:47:00,-0.0773
2020-04-30 11:48:00,-0.2815
2020-04-30 11:49:00,-0.2591
2020-04-30 11:50:00,-0.3567
2020-04-30 11:51:00,-0.276
2020-04-30 11:52:00,-0.2255
2020-04-30 11:53:00,-0.1957
2020-04-30 11:54:00,-0.3335
2020-04-30 11:55:00,-0.4745
2020-04-30 11:56:00,-0.3956
2020-04-30 11:57:00,-0.3698
2020-04-30 11:58:00,-0.2655
2020-04-30 11:59:00,-0.3703
2020-04-30 12:00:00,-0.4562
2020-04-30 12:01:00,-0.5767
2020-04-30 12:02:00,-0.9172
2020-04-30 12:03:00,-0.9246
2020-04-30 12:04:00,-0.923
2020-04-30 12:05:00,-0.7736
2020-04-30 12:06:00,-0.8251
2020-04-30 12:07:00,-0.945
2020-04-30 12:08:00,-0.8633
2020-04-30 12:09:00,-1.0549
2020-04-30 12:10:00,-1.0643
2020-04-30 12:11:00,-0.8442
2020-04-30 12:12:00,-0.7877
2020-04-30 12:13:00,-0.67
2020-04-30 12:14:00,-0.6222
2020-04-30 12:15:00,-0.5641
2020-04-30 12:16:00,-0.6514
2020-04-30 12:17:00,-0.525
2020-04-30 12:18:00,-0.5742
2020-04-30 12:19:00,-0.6276
2020-04-30 12:20:00,-0.6247
2020-04-30 12:21:00,-0.6591
2020-04-30 12:22:00,-0.7514
2020-04-30 12:23:00,-0.6868
2020-04-30 12:24:00,-0.6077
2020-04-30 12:25:00,-0.6524
2020-04-30 12:26:00,-0.5598
2020-04-30 12:27:00,-0.4754
2020-04-30 12:28:00,-0.5014
2020-04-30 12:29:00,-0.6048
2020-04-30 12:30:00,-0.5392
2020-04-30 12:31:00,-0.7675
2020-04-30 12:32:00,-0.7556
2020-04-30 12:33:00,-0.7282
2020-04-30 12:34:00,-0.6629
2020-04-30 12:35:00,-0.6031
2020-04-30 12:36:00,-0.538
2020-04-30 12:37:00,-0.44
2020-04-30 12:38:00,-0.2615
2020-04-30 12:39:00,-0.3251
2020-04-30 12:40:00,-0.33
2020-04-30 12:41:00,-0.3917
2020-04-30 12:42:00,-0.3635
2020-04-30 12:43:00,-0.4356
2020-04-30 12:44:00,-0.4739
2020-04-30 12:45:00,-0.574
2020-04-30 12:46:00,-0.5426
2020-04-30 12:47:00,-0.5499
2020-04-30 12:48:00,-0.3718
2020-04-30 12:49:00,-0.3475
2020-04-30 12:50:00,-0.2582
2020-04-30 12:51:00,-0.4109
2020-04-30 12:52:00,-0.3347
2020-04-30 12:53:00,-0.301
2020-04-30 12:54:00,-0.2615
2020-04-30 12:55:00,-0.1289
2020-04-30 12:56:00,-0.2117
2020-04-30 12:57:00,-0.1908
2020-04-30 12:58:00,-0.1958
2020-04-30 12:59:00,-0.062
2020-04-30 13:00:00,0.0827
2020-04-30 13:01:00,-0.0069
2020-04-30 13:02:00,0.2418
2020-04-30 13:03:00,0.222
2020-04-30 13:04:00,0.1864
2020-04-30 13:05:00,0.031
2020-04-30 13:06:00,0.1208
2020-04-30 13:07:00,0.3958
2020-04-30 13:08:00,0.3337
2020-04-30 13:09:00,0.4704
2020-04-30 13:10:00,0.4269
2020-04-30 13:11:00,0.2884
2020-04-30 13:12:00,0.2831
2020-04-30 13:13:00,0.2433
2020-04-30 13:14:00,0.2552
2020-04-30 13:15:00,0.2362
2020-04-30 13:16:00,0.2536
2020-04-30 13:17:00,0.2587
2020-04-30 13:18:00,0.2428
2020-04-30 13:19:00,0.283
2020-04-30 13:20:00,0.3272
2020-04-30 13:21:00,0.3455
2020-04-30 13:22:00,0.3457
2020-04-30 13:23:00,0.408
2020-04-30 13:24:00,0.3299
2020-04-30 13:25:00,0.368
2020-04-30 13:26:00,0.3074
2020-04-30 13:27:00,0.312
2020-04-30 13:28:00,0.3693
2020-04-30 13:29:00,0.4564
2020-04-30 13:30:00,0.3662
2020-04-30 13:31:00,0.552
2020-04-30 13:32:00,0.571
2020-04-30 13:33:00,0.6367
2020-04-30 13:34:00,0.6016
2020-04-30 13:35:00,0.6033
2020-04-30 13:36:00,0.6515
2020-04-30 13:37:00,0.4695
2020-04-30 13:38:00,0.2504
2020-04-30 13:39:00,0.3313
2020-04-30 13:40:00,0.2552
2020-04-30 13:41:00,0.2552
2020-04-30 13:42:00,0.2208
2020-04-30 13:43:00,0.2617
2020-04-30 13:44:00,0.2708
2020-04-30 13:45:00,0.4576
2020-04-30 13:46:00,0.3937
2020-04-30 13:47:00,0.4735
2020-04-30 13:48:00,0.4768
2020-04-30 13:49:00,0.4937
2020-04-30 13:50:00,0.4659
2020-04-30 13:51:00,0.4696
2020-04-30 13:52:00,0.5109
2020-04-30 13:53:00,0.4502
2020-04-30 13:54:00,0.4242
2020-04-30 13:55:00,0.4031
2020-04-30 13:56:00,0.362
2020-04-30 13:57:00,0.2153
2020-04-30 13:58:00,0.1618
2020-04-30 13:59:00,0.1566
2020-04-30 14:00:00,0.1584
2020-04-30 14:01:00,0.2998
2020-04-30 14:02:00,0.1206
2020-04-30 14:03:00,0.2001
2020-04-30 14:04:00,0.2894
2020-04-30 14:05:00,0.3483
2020-04-30 14:06:00,0.3065
2020-04-30 14:07:00,0.209
2020-04-30 14:08:00,0.1428
2020-04-30 14:09:00,0.0964
2020-04-30 14:10:00,0.1192
2020-04-30 14:11:00,0.1774
2020-04-30 14:12:00,0.0895
2020-04-30 14:13:00,0.0963
2020-04-30 14:14:00,0.1101
2020-04-30 14:15:00,0.1514
2020-04-30 14:16:00,0.0843
2020-04-30 14:17:00,0.0802
2020-04-30 14:18:00,0.1635
2020-04-30 14:19:00,0.1067
2020-04-30 14:20:00,0.1558
2020-04-30 14:21:00,0.217
2020-04-30 14:22:00,0.279
2020-04-30 14:23:00,0.2376
2020-04-30 14:24:00,0.2049
2020-04-30 14:25:00,0.2428
2020-04-30 14:26:00,0.1791
2020-04-30 14:27:00,0.1342
2020-04-30 14:28:00,0.0619
2020-04-30 14:29:00,0.234
2020-04-30 14:30:00,0.2145
2020-04-30 14:31:00,0.3097
2020-04-30 14:32:00,0.2718
2020-04-30 14:33:00,0.2682
2020-04-30 14:34:00,0.2167
2020-04-30 14:35:00,0.2131
2020-04-30 14:36:00,0.0858
2020-04-30 14:37:00,0.2028
2020-04-30 14:38:00,0.3008
2020-04-30 14:39:00,0.0997
2020-04-30 14:40:00,0.1273
2020-04-30 14:41:00,0.1135
2020-04-30 14:42:00,0.086
2020-04-30 14:43:00,0.1331
2020-04-30 14:44:00,0.1944
2020-04-30 14:45:00,0.2063
2020-04-30 14:46:00,0.2511
2020-04-30 14:47:00,0.2872
2020-04-30 14:48:00,0.2269
2020-04-30 14:49:00,0.1615
2020-04-30 14:50:00,0.1889
2020-04-30 14:51:00,0.2711
2020-04-30 14:52:00,0.1614
2020-04-30 14:53:00,0.1511
2020-04-30 14:54:00,0.0657
2020-04-30 14:55:00,-0.1304
2020-04-30 14:56:00,-0.0069
2020-04-30 14:57:00,-0.0241
2020-04-30 14:58:00,-0.05
2020-04-30 14:59:00,0.0534
2020-04-30 15:00:00,0.0069
2020-04-30 15:01:00,-0.055
2020-04-30 15:02:00,0.1635
2020-04-30 15:03:00,0.0994
2020-04-30 15:04:00,0.0241
2020-04-30 15:05:00,0.0241
2020-04-30 15:06:00,0.1035
2020-04-30 15:07:00,0.1444
2020-04-30 15:08:00,0.2286
2020-04-30 15:09:00,0.3244
2020-04-30 15:10:00,0.3475
2020-04-30 15:11:00,0.2782
2020-04-30 15:12:00,0.2923
2020-04-30 15:13:00,0.1409
2020-04-30 15:14:00,0.1753
2020-04-30 15:15:00,0.1391
2020-04-30 15:16:00,0.4024
2020-04-30 15:17:00,0.3736
2020-04-30 15:18:00,0.2972
2020-04-30 15:19:00,0.3781
2020-04-30 15:20:00,0.354
2020-04-30 15:21:00,0.3299
2020-04-30 15:22:00,0.347
2020-04-30 15:23:00,0.3912
2020-04-30 15:24:00,0.4904
2020-04-30 15:25:00,0.426
2020-04-30 15:26:00,0.3987
2020-04-30 15:27:00,0.3095
2020-04-30 15:28:00,0.3265
2020-04-30 15:29:00,0.2318
2020-04-30 15:30:00,0.2547
2020-04-30 15:31:00,0.2402
2020-04-30 15:32:00,0.2574
2020-04-30 15:33:00,0.1235
2020-04-30 15:34:00,0.1575
2020-04-30 15:35:00,0.168
2020-04-30 15:36:00,0.189
2020-04-30 15:37:00,0.1577
2020-04-30 15:38:00,0.2024
2020-04-30 15:39:00,0.371
2020-04-30 15:40:00,0.3676
2020-04-30 15:41:00,0.378
2020-04-30 15:42:00,0.4092
2020-04-30 15:43:00,0.2176
2020-04-30 15:44:00,0.0618
2020-04-30 15:45:00,-0.1166
2020-04-30 15:46:00,-0.0674
2020-04-30 15:47:00,-0.1458
2020-04-30 15:48:00,-0.1475
2020-04-30 15:49:00,-0.0814
2020-04-30 15:50:00,-0.2126
2020-04-30 15:51:00,-0.0305
2020-04-30 15:52:00,0.0514
2020-04-30 15:53:00,0.1509
2020-04-30 15:54:00,0.2467
2020-04-30 15:55:00,0.5603
2020-04-30 15:56:00,0.6372
2020-04-30 15:57:00,0.8446
2020-04-30 15:58:00,1.016
2020-04-30 15:59:00,1.1305
2020-04-30 16:00:00,1.2237
2020-05-01 09:31:00,-0.5826
2020-05-01 09:32:00,-0.658
2020-05-01 09:33:00,-0.9205
2020-05-01 09:34:00,-0.7331
2020-05-01 09:35:00,-0.2714
2020-05-01 09:36:00,-0.3966
2020-05-01 09:37:00,-0.1209
2020-05-01 09:38:00,0.012
2020-05-01 09:39:00,0.1018
2020-05-01 09:40:00,0.3051
2020-05-01 09:41:00,0.3363
2020-05-01 09:42:00,0.1166
2020-05-01 09:43:00,0.23
2020-05-01 09:44:00,-0.0583
2020-05-01 09:45:00,-0.0754
2020-05-01 09:46:00,-0.4487
2020-05-01 09:47:00,-0.4674
2020-05-01 09:48:00,-0.2501
2020-05-01 09:49:00,-0.0428
2020-05-01 09:50:00,0.0095
2020-05-01 09:51:00,-0.0737
2020-05-01 09:52:00,0.2254
2020-05-01 09:53:00,0.4624
2020-05-01 09:54:00,0.1309
2020-05-01 09:55:00,-0.0
2020-05-01 09:56:00,0.2995
2020-05-01 09:57:00,0.1598
2020-05-01 09:58:00,0.692
2020-05-01 09:59:00,0.8718
2020-05-01 10:00:00,0.7759
2020-05-01 10:01:00,1.0747
2020-05-01 10:02:00,1.2716
2020-05-01 10:03:00,1.4882
2020-05-01 10:04:00,1.3251
2020-05-01 10:05:00,1.4892
2020-05-01 10:06:00,1.8968
2020-05-01 10:07:00,1.9844
2020-05-01 10:08:00,2.0803
2020-05-01 10:09:00,2.2528
2020-05-01 10:10:00,2.072
2020-05-01 10:11:00,1.8556
2020-05-01 10:12:00,1.9107
2020-05-01 10:13:00,1.9546
2020-05-01 10:14:00,2.1518
2020-05-01 10:15:00,2.2806
2020-05-01 10:16:00,2.0966
2020-05-01 10:17:00,2.0129
2020-05-01 10:18:00,1.8416
2020-05-01 10:19:00,1.8185
2020-05-01 10:20:00,1.9122
2020-05-01 10:21:00,1.6644
2020-05-01 10:22:00,1.7168
2020-05-01 10:23:00,1.4074
2020-05-01 10:24:00,1.2942
2020-05-01 10:25:00,0.957
2020-05-01 10:26:00,1.0667
2020-05-01 10:27:00,0.9655
2020-05-01 10:28:00,0.6466
2020-05-01 10:29:00,0.3703
2020-05-01 10:30:00,0.5671
2020-05-01 10:31:00,2.4668
2020-05-01 10:32:00,2.1307
2020-05-01 10:33:00,2.5403
2020-05-01 10:34:00,2.2505
2020-05-01 10:35:00,1.9189
2020-05-01 10:36:00,2.1696
2020-05-01 10:37:00,1.7999
2020-05-01 10:38:00,1.3959
2020-05-01 10:39:00,1.4351
2020-05-01 10:40:00,1.1883
2020-05-01 10:41:00,1.0782
2020-05-01 10:42:00,1.5517
2020-05-01 10:43:00,1.4144
2020-05-01 10:44:00,1.5653
2020-05-01 10:45:00,1.3663
2020-05-01 10:46:00,1.5277
2020-05-01 10:47:00,1.5363
2020-05-01 10:48:00,1.3086
2020-05-01 10:49:00,1.1084
2020-05-01 10:50:00,1.0557
2020-05-01 10:51:00,1.2357
2020-05-01 10:52:00,0.8306
2020-05-01 10:53:00,0.5586
2020-05-01 10:54:00,0.7512
2020-05-01 10:55:00,0.9535
2020-05-01 10:56:00,1.0291
2020-05-01 10:57:00,1.3649
2020-05-01 10:58:00,1.0105
2020-05-01 10:59:00,0.8643
2020-05-01 11:00:00,0.877
2020-05-01 11:01:00,0.5418
2020-05-01 11:02:00,0.2653
2020-05-01 11:03:00,0.0692
2020-05-01 11:04:00,0.1385
2020-05-01 11:05:00,-0.0369
2020-05-01 11:06:00,-0.2873
2020-05-01 11:07:00,-0.4818
2020-05-01 11:08:00,-0.5317
2020-05-01 11:09:00,-0.6094
2020-05-01 11:10:00,-0.3533
2020-05-01 11:11:00,-0.2151
2020-05-01 11:12:00,-0.292
2020-05-01 11:13:00,-0.2556
2020-05-01 11:14:00,-0.4086
2020-05-01 11:15:00,-0.366
2020-05-01 11:16:00,-0.4506
2020-05-01 11:17:00,-0.4042
2020-05-01 11:18:00,-0.334
2020-05-01 11:19:00,-0.3928
2020-05-01 11:20:00,-0.4332
2020-05-01 11:21:00,-0.2782
2020-05-01 11:22:00,-0.2324
2020-05-01 11:23:00,0.0101
2020-05-01 11:24:00,0.0575
2020-05-01 11:25:00,0.0915
2020-05-01 11:26:00,-0.1891
2020-05-01 11:27:00,-0.2379
2020-05-01 11:28:00,-0.1183
2020-05-01 11:29:00,-0.1117
2020-05-01 11:30:00,-0.3782
2020-05-01 11:31:00,-0.6073
2020-05-01 11:32:00,-0.2997
2020-05-01 11:33:00,-0.5908
2020-05-01 11:34:00,-0.4331
2020-05-01 11:35:00,-0.5408
2020-05-01 11:36:00,-0.5797
2020-05-01 11:37:00,-0.4963
2020-05-01 11:38:00,-0.1725
2020-05-01 11:39:00,-0.3647
2020-05-01 11:40:00,-0.1374
2020-05-01 11:41:00,-0.2079
2020-05-01 11:42:00,-0.479
2020-05-01 11:43:00,-0.3782
2020-05-01 11:44:00,-0.3988
2020-05-01 11:45:00,-0.1812
2020-05-01 11:46:00,-0.3507
2020-05-01 11:47:00,-0.2711
2020-05-01 11:48:00,-0.207
2020-05-01 11:49:00,-0.4507
2020-05-01 11:50:00,-0.4201
2020-05-01 11:51:00,-0.6669
2020-05-01 11:52:00,-0.5454
2020-05-01 11:53:00,-0.553
2020-05-01 11:54:00,-0.5097
2020-05-01 11:55:00,-0.4692
2020-05-01 11:56:00,-0.6401
2020-05-01 11:57:00,-0.9104
2020-05-01 11:58:00,-1.1721
2020-05-01 11:59:00,-1.1806
2020-05-01 12:00:00,-1.112
2020-05-01 12:01:00,-1.4904
2020-05-01 12:02:00,-1.3416
2020-05-01 12:03:00,-1.2443
2020-05-01 12:04:00,-1.2351
2020-05-01 12:05:00,-1.3482
2020-05-01 12:06:00,-1.4172
2020-05-01 12:07:00,-1.2072
2020-05-01 12:08:00,-1.3136
2020-05-01 12:09:00,-1.4855
2020-05-01 12:10:00,-1.5635
2020-05-01 12:11:00,-1.4248
2020-05-01 12:12:00,-1.3684
2020-05-01 12:13:00,-1.342
2020-05-01 12:14:00,-1.3507
2020-05-01 12:15:00,-1.301
2020-05-01 12:16:00,-1.0067
2020-05-01 12:17:00,-0.9229
2020-05-01 12:18:00,-0.765
2020-05-01 12:19:00,-0.6922
2020-05-01 12:20:00,-0.5723
2020-05-01 12:21:00,-0.7456
2020-05-01 12:22:00,-0.9652
2020-05-01 12:23:00,-1.083
2020-05-01 12:24:00,-1.4567
2020-05-01 12:25:00,-1.4443
2020-05-01 12:26:00,-1.3838
2020-05-01 12:27:00,-1.384
2020-05-01 12:28:00,-1.3169
2020-05-01 12:29:00,-1.1116
2020-05-01 12:30:00,-1.2541
2020-05-01 12:31:00,-1.3028
2020-05-01 12:32:00,-1.1933
2020-05-01 12:33:00,-1.1393
2020-05-01 12:34:00,-1.1286
2020-05-01 12:35:00,-1.0009
2020-05-01 12:36:00,-1.2931
2020-05-01 12:37:00,-1.8682
2020-05-01 12:38:00,-1.7349
2020-05-01 12:39:00,-1.6741
2020-05-01 12:40:00,-2.043
2020-05-01 12:41:00,-1.9587
2020-05-01 12:42:00,-1.8756
2020-05-01 12:43:00,-1.922
2020-05-01 12:44:00,-1.7985
2020-05-01 12:45:00,-1.8696
2020-05-01 12:46:00,-1.4914
2020-05-01 12:47:00,-1.6394
2020-05-01 12:48:00,-1.5575
2020-05-01 12:49:00,-1.4365
2020-05-01 12:50:00,-1.4431
2020-05-01 12:51:00,-1.1659
2020-05-01 12:52:00,-1.1428
2020-05-01 12:53:00,-1.1947
2020-05-01 12:54:00,-1.1314
2020-05-01 12:55:00,-1.0817
2020-05-01 12:56:00,-1.2023
2020-05-01 12:57:00,-1.0181
2020-05-01 12:58:00,-0.9339
2020-05-01 12:59:00,-0.9638
2020-05-01 13:00:00,-1.0598
2020-05-01 13:01:00,-0.6855
2020-05-01 13:02:00,-0.68
2020-05-01 13:03:00,-0.6575
2020-05-01 13:04:00,-0.4573
2020-05-01 13:05:00,-0.2856
2020-05-01 13:06:00,-0.4991
2020-05-01 13:07:00,-0.5385
2020-05-01 13:08:00,-0.4972
2020-05-01 13:09:00,-0.5599
2020-05-01 13:10:00,-0.6378
2020-05-01 13:11:00,-0.6287
2020-05-01 13:12:00,-0.6698
2020-05-01 13:13:00,-0.8083
2020-05-01 13:14:00,-0.7472
2020-05-01 13:15:00,-1.1064
2020-05-01 13:16:00,-1.2046
2020-05-01 13:17:00,-1.2796
2020-05-01 13:18:00,-1.4531
2020-05-01 13:19:00,-1.5543
2020-05-01 13:20:00,-1.4903
2020-05-01 13:21:00,-1.5655
2020-05-01 13:22:00,-1.4206
2020-05-01 13:23:00,-1.1852
2020-05-01 13:24:00,-0.6849
2020-05-01 13:25:00,-0.7379
2020-05-01 13:26:00,-0.6066
2020-05-01 13:27:00,-0.5301
2020-05-01 13:28:00,-0.5146
2020-05-01 13:29:00,-0.6272
2020-05-01 13:30:00,-0.3604
2020-05-01 13:31:00,-0.2002
2020-05-01 13:32:00,-0.3771
2020-05-01 13:33:00,-0.2026
2020-05-01 13:34:00,-0.3098
2020-05-01 13:35:00,-0.4995
2020-05-01 13:36:00,-0.3834
2020-05-01 13:37:00,0.0725
2020-05-01 13:38:00,-0.1983
2020-05-01 13:39:00,-0.2068
2020-05-01 13:40:00,-0.0864
2020-05-01 13:41:00,0.1629
2020-05-01 13:42:00,0.2777
2020-05-01 13:43:00,0.2696
2020-05-01 13:44:00,0.3802
2020-05-01 13:45:00,0.3803
2020-05-01 13:46:00,0.2452
2020-05-01 13:47:00,0.3264
2020-05-01 13:48:00,0.2019
2020-05-01 13:49:00,0.2003
2020-05-01 13:50:00,0.3557
2020-05-01 13:51:00,0.3173
2020-05-01 13:52:00,0.1395
2020-05-01 13:53:00,0.1896
2020-05-01 13:54:00,-0.0066
2020-05-01 13:55:00,-0.1154
2020-05-01 13:56:00,-0.0927
2020-05-01 13:57:00,-0.2201
2020-05-01 13:58:00,-0.1376
2020-05-01 13:59:00,-0.1032
2020-05-01 14:00:00,0.0723
2020-05-01 14:01:00,-0.1586
2020-05-01 14:02:00,-0.2649
2020-05-01 14:03:00,-0.287
2020-05-01 14:04:00,-0.3095
2020-05-01 14:05:00,-0.3184
2020-05-01 14:06:00,-0.1168
2020-05-01 14:07:00,-0.2421
2020-05-01 14:08:00,-0.2439
2020-05-01 14:09:00,-0.2278
2020-05-01 14:10:00,-0.1542
2020-05-01 14:11:00,-0.2957
2020-05-01 14:12:00,-0.3372
2020-05-01 14:13:00,-0.1442
2020-05-01 14:14:00,-0.1258
2020-05-01 14:15:00,0.0915
2020-05-01 14:16:00,0.1054
2020-05-01 14:17:00,0.2247
2020-05-01 14:18:00,0.3496
2020-05-01 14:19:00,0.496
2020-05-01 14:20:00,0.3616
2020-05-01 14:21:00,0.604
2020-05-01 14:22:00,0.5275
2020-05-01 14:23:00,0.456
2020-05-01 14:24:00,0.5395
2020-05-01 14:25:00,0.7072
2020-05-01 14:26:00,0.4858
2020-05-01 14:27:00,0.4301
2020-05-01 14:28:00,0.4138
2020-05-01 14:29:00,0.5545
2020-05-01 14:30:00,0.5133
2020-05-01 14:31:00,0.3896
2020-05-01 14:32:00,0.5301
2020-05-01 14:33:00,0.4223
2020-05-01 14:34:00,0.4537
2020-05-01 14:35:00,0.502
2020-05-01 14:36:00,0.5264
2020-05-01 14:37:00,0.5901
2020-05-01 14:38:00,0.6271
2020-05-01 14:39:00,0.6441
2020-05-01 14:40:00,0.8226
2020-05-01 14:41:00,0.629
2020-05-01 14:42:00,0.3821
2020-05-01 14:43:00,0.3481
2020-05-01 14:44:00,0.1311
2020-05-01 14:45:00,0.3269
2020-05-01 14:46:00,0.2376
2020-05-01 14:47:00,0.272
2020-05-01 14:48:00,0.3685
2020-05-01 14:49:00,0.4429
2020-05-01 14:50:00,0.2753
2020-05-01 14:51:00,0.0275
2020-05-01 14:52:00,0.0832
2020-05-01 14:53:00,0.1858
2020-05-01 14:54:00,0.2486
2020-05-01 14:55:00,0.3135
2020-05-01 14:56:00,0.3066
2020-05-01 14:57:00,0.4482
2020-05-01 14:58:00,0.317
2020-05-01 14:59:00,0.3334
2020-05-01 15:00:00,0.2873
2020-05-01 15:01:00,0.6519
2020-05-01 15:02:00,0.7692
2020-05-01 15:03:00,0.7791
2020-05-01 15:04:00,0.611
2020-05-01 15:05:00,0.4536
2020-05-01 15:06:00,0.3096
2020-05-01 15:07:00,0.3201
2020-05-01 15:08:00,0.3471
2020-05-01 15:09:00,0.4377
2020-05-01 15:10:00,0.4445
2020-05-01 15:11:00,0.5691
2020-05-01 15:12:00,0.6987
2020-05-01 15:13:00,0.7776
2020-05-01 15:14:00,0.8117
2020-05-01 15:15:00,0.7297
2020-05-01 15:16:00,0.8005
2020-05-01 15:17:00,0.8215
2020-05-01 15:18:00,0.8727
2020-05-01 15:19:00,0.7433
2020-05-01 15:20:00,0.6408
2020-05-01 15:21:00,0.5281
2020-05-01 15:22:00,0.5264
2020-05-01 15:23:00,0.4797
2020-05-01 15:24:00,0.0848
2020-05-01 15:25:00,-0.0122
2020-05-01 15:26:00,-0.0358
2020-05-01 15:27:00,-0.0677
2020-05-01 15:28:00,-0.206
2020-05-01 15:29:00,-0.277
2020-05-01 15:30:00,-0.2854
2020-05-01 15:31:00,-0.1238
2020-05-01 15:32:00,-0.208
2020-05-01 15:33:00,-0.263
2020-05-01 15:34:00,-0.1969
2020-05-01 15:35:00,-0.3279
2020-05-01 15:36:00,-0.3022
2020-05-01 15:37:00,-0.4115
2020-05-01 15:38:00,-0.491
2020-05-01 15:39:00,-0.6629
2020-05-01 15:40:00,-0.6136
2020-05-01 15:41:00,-0.5359
2020-05-01 15:42:00,-0.4904
2020-05-01 15:43:00,-0.5187
2020-05-01 15:44:00,-0.4748
2020-05-01 15:45:00,-0.6074
2020-05-01 15:46:00,-0.4982
2020-05-01 15:47:00,-0.5701
2020-05-01 15:48:00,-0.7961
2020-05-01 15:49:00,-0.7429
2020-05-01 15:50:00,-0.5456
2020-05-01 15:51:00,-0.574
2020-05-01 15:52:00,-0.6418
2020-05-01 15:53:00,-0.7246
2020-05-01 15:54:00,-0.7416
2020-05-01 15:55:00,-0.9949
2020-05-01 15:56:00,-0.9942
2020-05-01 15:57:00,-0.9335
2020-05-01 15:58:00,-0.9165
2020-05-01 15:59:00,-0.8815
2020-05-01 16:00:00,-0.7978
