date,MACD,MACD_Hist,MACD_Signal
2020-05-01 16:00:00,-0.0254,-0.0101,-0.0153
2020-05-01 15:59:00,-0.0336,-0.0208,-0.0128
2020-05-01 15:58:00,-0.0486,-0.041,-0.0076
2020-05-01 15:57:00,-0.0395,-0.0422,0.0027
2020-05-01 15:56:00,-0.0381,-0.0513,0.0132
2020-05-01 15:55:00,-0.0235,-0.0495,0.0261
2020-05-01 15:54:00,0.0011,-0.0373,0.0384
2020-05-01 15:53:00,0.0243,-0.0234,0.0478
2020-05-01 15:52:00,0.0363,-0.0173,0.0536
2020-05-01 15:51:00,0.05,-0.008,0.058
2020-05-01 15:50:00,0.0642,0.0043,0.06
2020-05-01 15:49:00,0.0677,0.0088,0.0589
2020-05-01 15:48:00,0.0686,0.0119,0.0567
2020-05-01 15:47:00,0.0673,0.0136,0.0537
2020-05-01 15:46:00,0.0798,0.0295,0.0503
2020-05-01 15:45:00,0.0968,0.0538,0.0429
2020-05-01 15:44:00,0.0823,0.0529,0.0295
2020-05-01 15:43:00,0.0708,0.0546,0.0163
2020-05-01 15:42:00,0.0501,0.0475,0.0026
2020-05-01 15:41:00,0.0325,0.0418,-0.0093
2020-05-01 15:40:00,-0.0057,0.014,-0.0197
2020-05-01 15:39:00,-0.0268,-0.0036,-0.0232
2020-05-01 15:38:00,-0.0213,0.001,-0.0223
2020-05-01 15:37:00,-0.027,-0.0045,-0.0226
2020-05-01 15:36:00,-0.0372,-0.0158,-0.0215
2020-05-01 15:35:00,-0.0507,-0.0332,-0.0175
2020-05-01 15:34:00,-0.0335,-0.0243,-0.0092
2020-05-01 15:33:00,-0.0356,-0.0324,-0.0032
2020-05-01 15:32:00,-0.0346,-0.0396,0.0049
2020-05-01 15:31:00,-0.037,-0.0518,0.0148
2020-05-01 15:30:00,-0.0547,-0.0825,0.0278
2020-05-01 15:29:00,-0.0572,-0.1057,0.0484
2020-05-01 15:28:00,-0.0362,-0.111,0.0748
2020-05-01 15:27:00,-0.0125,-0.1151,0.1026
2020-05-01 15:26:00,0.0117,-0.1196,0.1314
2020-05-01 15:25:00,0.0544,-0.1068,0.1613
2020-05-01 15:24:00,0.0949,-0.0931,0.188
2020-05-01 15:23:00,0.1309,-0.0803,0.2113
2020-05-01 15:22:00,0.1546,-0.0767,0.2313
2020-05-01 15:21:00,0.1964,-0.0541,0.2505
2020-05-01 15:20:00,0.231,-0.033,0.2641
2020-05-01 15:19:00,0.2757,0.0034,0.2723
2020-05-01 15:18:00,0.2933,0.0219,0.2715
2020-05-01 15:17:00,0.2973,0.0313,0.266
2020-05-01 15:16:00,0.3047,0.0466,0.2582
2020-05-01 15:15:00,0.3163,0.0698,0.2465
2020-05-01 15:14:00,0.3156,0.0865,0.2291
2020-05-01 15:13:00,0.2935,0.0861,0.2074
2020-05-01 15:12:00,0.2601,0.0742,0.1859
2020-05-01 15:11:00,0.236,0.0686,0.1674
2020-05-01 15:10:00,0.2176,0.0674,0.1502
2020-05-01 15:09:00,0.1904,0.057,0.1334
2020-05-01 15:08:00,0.1795,0.0603,0.1191
2020-05-01 15:07:00,0.1639,0.0599,0.104
2020-05-01 15:06:00,0.1564,0.0673,0.0891
2020-05-01 15:05:00,0.1512,0.0789,0.0722
2020-05-01 15:04:00,0.1438,0.0913,0.0525
2020-05-01 15:03:00,0.1115,0.0818,0.0297
2020-05-01 15:02:00,0.0798,0.0705,0.0092
2020-05-01 15:01:00,0.0453,0.0537,-0.0084
2020-05-01 15:00:00,0.0101,0.032,-0.0218
2020-05-01 14:59:00,-0.0126,0.0172,-0.0298
2020-05-01 14:58:00,-0.0407,-0.0066,-0.0341
2020-05-01 14:57:00,-0.0505,-0.0181,-0.0325
2020-05-01 14:56:00,-0.0629,-0.035,-0.0279
2020-05-01 14:55:00,-0.0639,-0.0447,-0.0192
2020-05-01 14:54:00,-0.0551,-0.0471,-0.008
2020-05-01 14:53:00,-0.0441,-0.0479,0.0038
2020-05-01 14:52:00,-0.0376,-0.0533,0.0157
2020-05-01 14:51:00,-0.0224,-0.0514,0.0291
2020-05-01 14:50:00,-0.011,-0.0529,0.0419
2020-05-01 14:49:00,-0.0156,-0.0708,0.0551
2020-05-01 14:48:00,-0.0173,-0.0901,0.0728
2020-05-01 14:47:00,-0.0164,-0.1117,0.0953
2020-05-01 14:46:00,0.0088,-0.1145,0.1233
2020-05-01 14:45:00,0.0426,-0.1093,0.1519
2020-05-01 14:44:00,0.0766,-0.1026,0.1792
2020-05-01 14:43:00,0.1307,-0.0742,0.2049
2020-05-01 14:42:00,0.1723,-0.0511,0.2234
2020-05-01 14:41:00,0.2066,-0.0296,0.2362
2020-05-01 14:40:00,0.223,-0.0206,0.2436
2020-05-01 14:39:00,0.2213,-0.0275,0.2487
2020-05-01 14:38:00,0.2174,-0.0382,0.2556
2020-05-01 14:37:00,0.2241,-0.041,0.2652
2020-05-01 14:36:00,0.2243,-0.0511,0.2754
2020-05-01 14:35:00,0.2513,-0.0368,0.2882
2020-05-01 14:34:00,0.2705,-0.0269,0.2974
2020-05-01 14:33:00,0.2868,-0.0173,0.3041
2020-05-01 14:32:00,0.297,-0.0115,0.3084
2020-05-01 14:31:00,0.3102,-0.0011,0.3113
2020-05-01 14:30:00,0.3347,0.0231,0.3116
2020-05-01 14:29:00,0.3408,0.035,0.3058
2020-05-01 14:28:00,0.3477,0.0506,0.2971
2020-05-01 14:27:00,0.3575,0.0731,0.2844
2020-05-01 14:26:00,0.3537,0.0876,0.2661
2020-05-01 14:25:00,0.3569,0.1127,0.2442
2020-05-01 14:24:00,0.3288,0.1128,0.216
2020-05-01 14:23:00,0.2735,0.0856,0.1878
2020-05-01 14:22:00,0.2273,0.0609,0.1664
2020-05-01 14:21:00,0.1803,0.0291,0.1512
2020-05-01 14:20:00,0.1422,-0.0017,0.1439
2020-05-01 14:19:00,0.1288,-0.0155,0.1443
2020-05-01 14:18:00,0.1194,-0.0289,0.1482
2020-05-01 14:17:00,0.129,-0.0265,0.1554
2020-05-01 14:16:00,0.1373,-0.0248,0.1621
2020-05-01 14:15:00,0.1521,-0.0162,0.1683
2020-05-01 14:14:00,0.1697,-0.0026,0.1723
2020-05-01 14:13:00,0.1786,0.0056,0.1729
2020-05-01 14:12:00,0.1927,0.0212,0.1715
2020-05-01 14:11:00,0.2091,0.0429,0.1662
2020-05-01 14:10:00,0.2113,0.0558,0.1555
2020-05-01 14:09:00,0.2079,0.0663,0.1416
2020-05-01 14:08:00,0.2015,0.0765,0.125
2020-05-01 14:07:00,0.1897,0.0839,0.1059
2020-05-01 14:06:00,0.1757,0.0908,0.0849
2020-05-01 14:05:00,0.1339,0.0717,0.0622
2020-05-01 14:04:00,0.089,0.0447,0.0443
2020-05-01 14:03:00,0.0444,0.0114,0.0331
2020-05-01 14:02:00,0.0297,-0.0006,0.0302
2020-05-01 14:01:00,0.0308,0.0004,0.0304
2020-05-01 14:00:00,0.0398,0.0096,0.0303
2020-05-01 13:59:00,0.0295,0.0016,0.0279
2020-05-01 13:58:00,0.0288,0.0013,0.0275
2020-05-01 13:57:00,0.0343,0.0072,0.0272
2020-05-01 13:56:00,0.0445,0.0192,0.0254
2020-05-01 13:55:00,0.0335,0.0129,0.0206
2020-05-01 13:54:00,0.0362,0.0188,0.0174
2020-05-01 13:53:00,0.037,0.0244,0.0127
2020-05-01 13:52:00,0.0173,0.0107,0.0066
2020-05-01 13:51:00,0.0142,0.0103,0.0039
2020-05-01 13:50:00,0.0034,0.0021,0.0013
2020-05-01 13:49:00,0.0013,0.0005,0.0008
2020-05-01 13:48:00,0.0195,0.0188,0.0007
2020-05-01 13:47:00,0.0236,0.0276,-0.004
2020-05-01 13:46:00,0.004,0.0149,-0.0109
2020-05-01 13:45:00,-0.0098,0.0048,-0.0146
2020-05-01 13:44:00,-0.0239,-0.0081,-0.0158
2020-05-01 13:43:00,-0.0215,-0.0078,-0.0138
2020-05-01 13:42:00,-0.0131,-0.0013,-0.0118
2020-05-01 13:41:00,-0.0139,-0.0024,-0.0115
2020-05-01 13:40:00,-0.0186,-0.0077,-0.0109
2020-05-01 13:39:00,-0.0143,-0.0053,-0.009
2020-05-01 13:38:00,-0.0211,-0.0134,-0.0077
2020-05-01 13:37:00,-0.0144,-0.0101,-0.0043
2020-05-01 13:36:00,0.007,0.0088,-0.0018
2020-05-01 13:35:00,0.0081,0.0121,-0.004
2020-05-01 13:34:00,0.0154,0.0224,-0.007
2020-05-01 13:33:00,0.0187,0.0314,-0.0126
2020-05-01 13:32:00,0.0094,0.0299,-0.0205
2020-05-01 13:31:00,0.0107,0.0386,-0.0279
2020-05-01 13:30:00,0.0121,0.0497,-0.0376
2020-05-01 13:29:00,0.0208,0.0708,-0.05
2020-05-01 13:28:00,0.023,0.0907,-0.0677
2020-05-01 13:27:00,0.004,0.0944,-0.0904
2020-05-01 13:26:00,-0.039,0.075,-0.114
2020-05-01 13:25:00,-0.0811,0.0516,-0.1327
2020-05-01 13:24:00,-0.1076,0.038,-0.1457
2020-05-01 13:23:00,-0.1405,0.0146,-0.1552
2020-05-01 13:22:00,-0.1724,-0.0135,-0.1588
2020-05-01 13:21:00,-0.1921,-0.0367,-0.1554
2020-05-01 13:20:00,-0.2136,-0.0673,-0.1462
2020-05-01 13:19:00,-0.2419,-0.1124,-0.1294
2020-05-01 13:18:00,-0.2368,-0.1355,-0.1013
2020-05-01 13:17:00,-0.2035,-0.1361,-0.0674
2020-05-01 13:16:00,-0.1611,-0.1277,-0.0334
2020-05-01 13:15:00,-0.1087,-0.1072,-0.0015
2020-05-01 13:14:00,-0.0493,-0.0746,0.0253
2020-05-01 13:13:00,-0.0187,-0.0627,0.044
2020-05-01 13:12:00,0.0165,-0.0431,0.0596
2020-05-01 13:11:00,0.043,-0.0274,0.0704
2020-05-01 13:10:00,0.0649,-0.0123,0.0772
2020-05-01 13:09:00,0.092,0.0117,0.0803
2020-05-01 13:08:00,0.1053,0.0279,0.0774
2020-05-01 13:07:00,0.1099,0.0395,0.0704
2020-05-01 13:06:00,0.1144,0.0538,0.0606
2020-05-01 13:05:00,0.1215,0.0744,0.0471
2020-05-01 13:04:00,0.1054,0.0769,0.0285
2020-05-01 13:03:00,0.0792,0.0699,0.0093
2020-05-01 13:02:00,0.062,0.0702,-0.0082
2020-05-01 13:01:00,0.05,0.0757,-0.0257
2020-05-01 13:00:00,0.0342,0.0789,-0.0447
2020-05-01 12:59:00,0.0172,0.0816,-0.0644
2020-05-01 12:58:00,-0.0084,0.0764,-0.0848
2020-05-01 12:57:00,-0.0063,0.0976,-0.1039
2020-05-01 12:56:00,-0.0105,0.1178,-0.1283
2020-05-01 12:55:00,-0.0138,0.1439,-0.1577
2020-05-01 12:54:00,-0.0382,0.1555,-0.1937
2020-05-01 12:53:00,-0.0749,0.1577,-0.2326
2020-05-01 12:52:00,-0.0972,0.1748,-0.272
2020-05-01 12:51:00,-0.1498,0.1659,-0.3157
2020-05-01 12:50:00,-0.2015,0.1557,-0.3572
2020-05-01 12:49:00,-0.2604,0.1357,-0.3961
2020-05-01 12:48:00,-0.3415,0.0885,-0.43
2020-05-01 12:47:00,-0.4129,0.0393,-0.4521
2020-05-01 12:46:00,-0.4432,0.0188,-0.462
2020-05-01 12:45:00,-0.5046,-0.038,-0.4667
2020-05-01 12:44:00,-0.5149,-0.0578,-0.4572
2020-05-01 12:43:00,-0.4916,-0.0488,-0.4427
2020-05-01 12:42:00,-0.4414,-0.0109,-0.4305
2020-05-01 12:41:00,-0.4396,-0.0118,-0.4278
2020-05-01 12:40:00,-0.4473,-0.0225,-0.4248
2020-05-01 12:39:00,-0.4506,-0.0314,-0.4192
2020-05-01 12:38:00,-0.4478,-0.0364,-0.4114
2020-05-01 12:37:00,-0.4392,-0.0369,-0.4023
2020-05-01 12:36:00,-0.433,-0.0399,-0.3931
2020-05-01 12:35:00,-0.4483,-0.0652,-0.3831
2020-05-01 12:34:00,-0.4598,-0.093,-0.3668
2020-05-01 12:33:00,-0.4791,-0.1356,-0.3435
2020-05-01 12:32:00,-0.4605,-0.1509,-0.3096
2020-05-01 12:31:00,-0.4066,-0.1347,-0.2719
2020-05-01 12:30:00,-0.3309,-0.0926,-0.2382
2020-05-01 12:29:00,-0.2121,0.003,-0.2151
2020-05-01 12:28:00,-0.1714,0.0444,-0.2158
2020-05-01 12:27:00,-0.1874,0.0396,-0.2269
2020-05-01 12:26:00,-0.1877,0.0492,-0.2368
2020-05-01 12:25:00,-0.1934,0.0557,-0.2491
2020-05-01 12:24:00,-0.1899,0.0732,-0.263
2020-05-01 12:23:00,-0.1956,0.0857,-0.2813
2020-05-01 12:22:00,-0.2105,0.0923,-0.3027
2020-05-01 12:21:00,-0.2386,0.0872,-0.3258
2020-05-01 12:20:00,-0.2593,0.0883,-0.3476
2020-05-01 12:19:00,-0.2702,0.0995,-0.3697
2020-05-01 12:18:00,-0.2843,0.1103,-0.3946
2020-05-01 12:17:00,-0.3149,0.1072,-0.4221
2020-05-01 12:16:00,-0.3163,0.1326,-0.4489
2020-05-01 12:15:00,-0.3451,0.1369,-0.4821
2020-05-01 12:14:00,-0.4115,0.1048,-0.5163
2020-05-01 12:13:00,-0.4658,0.0767,-0.5425
2020-05-01 12:12:00,-0.5273,0.0344,-0.5617
2020-05-01 12:11:00,-0.5706,-0.0003,-0.5703
2020-05-01 12:10:00,-0.5955,-0.0253,-0.5702
2020-05-01 12:09:00,-0.5868,-0.0229,-0.5639
2020-05-01 12:08:00,-0.6134,-0.0552,-0.5582
2020-05-01 12:07:00,-0.6603,-0.1159,-0.5444
2020-05-01 12:06:00,-0.6952,-0.1798,-0.5154
2020-05-01 12:05:00,-0.6798,-0.2094,-0.4705
2020-05-01 12:04:00,-0.5985,-0.1803,-0.4181
2020-05-01 12:03:00,-0.551,-0.178,-0.3731
2020-05-01 12:02:00,-0.4958,-0.1672,-0.3286
2020-05-01 12:01:00,-0.4353,-0.1485,-0.2868
2020-05-01 12:00:00,-0.3768,-0.1272,-0.2496
2020-05-01 11:59:00,-0.3434,-0.1256,-0.2179
2020-05-01 11:58:00,-0.3081,-0.1216,-0.1865
2020-05-01 11:57:00,-0.2437,-0.0876,-0.1561
2020-05-01 11:56:00,-0.1905,-0.0563,-0.1342
2020-05-01 11:55:00,-0.1647,-0.0446,-0.1201
2020-05-01 11:54:00,-0.1639,-0.055,-0.1089
2020-05-01 11:53:00,-0.1534,-0.0582,-0.0952
2020-05-01 11:52:00,-0.1297,-0.0491,-0.0806
2020-05-01 11:51:00,-0.0875,-0.0191,-0.0684
2020-05-01 11:50:00,-0.0596,0.004,-0.0636
2020-05-01 11:49:00,-0.0538,0.0108,-0.0646
2020-05-01 11:48:00,-0.0517,0.0156,-0.0673
2020-05-01 11:47:00,-0.0697,0.0015,-0.0712
2020-05-01 11:46:00,-0.0656,0.006,-0.0716
2020-05-01 11:45:00,-0.0447,0.0284,-0.0731
2020-05-01 11:44:00,-0.054,0.0262,-0.0802
2020-05-01 11:43:00,-0.0691,0.0176,-0.0867
2020-05-01 11:42:00,-0.0818,0.0093,-0.0911
2020-05-01 11:41:00,-0.0809,0.0125,-0.0934
2020-05-01 11:40:00,-0.0833,0.0132,-0.0966
2020-05-01 11:39:00,-0.0918,0.008,-0.0999
2020-05-01 11:38:00,-0.0902,0.0117,-0.1019
2020-05-01 11:37:00,-0.1015,0.0034,-0.1048
2020-05-01 11:36:00,-0.1261,-0.0205,-0.1057
2020-05-01 11:35:00,-0.1457,-0.0452,-0.1005
2020-05-01 11:34:00,-0.1369,-0.0477,-0.0893
2020-05-01 11:33:00,-0.14,-0.0627,-0.0773
2020-05-01 11:32:00,-0.1134,-0.0518,-0.0617
2020-05-01 11:31:00,-0.0815,-0.0328,-0.0487
2020-05-01 11:30:00,-0.0511,-0.0106,-0.0405
2020-05-01 11:29:00,-0.0381,-0.0002,-0.0379
2020-05-01 11:28:00,-0.0199,0.0179,-0.0378
2020-05-01 11:27:00,-0.0188,0.0235,-0.0423
2020-05-01 11:26:00,-0.0181,0.0301,-0.0482
2020-05-01 11:25:00,-0.0292,0.0266,-0.0557
2020-05-01 11:24:00,-0.0225,0.0399,-0.0624
2020-05-01 11:23:00,-0.0534,0.019,-0.0723
2020-05-01 11:22:00,-0.0859,-0.0088,-0.0771
2020-05-01 11:21:00,-0.0878,-0.0129,-0.0749
2020-05-01 11:20:00,-0.0517,0.02,-0.0717
2020-05-01 11:19:00,-0.0037,0.073,-0.0767
2020-05-01 11:18:00,0.0124,0.1073,-0.0949
2020-05-01 11:17:00,0.0066,0.1284,-0.1217
2020-05-01 11:16:00,-0.0266,0.1272,-0.1538
2020-05-01 11:15:00,-0.0738,0.1118,-0.1856
2020-05-01 11:14:00,-0.1209,0.0927,-0.2136
2020-05-01 11:13:00,-0.1461,0.0907,-0.2368
2020-05-01 11:12:00,-0.1775,0.0819,-0.2594
2020-05-01 11:11:00,-0.2242,0.0557,-0.2799
2020-05-01 11:10:00,-0.2898,0.0041,-0.2938
2020-05-01 11:09:00,-0.3183,-0.0234,-0.2948
2020-05-01 11:08:00,-0.3327,-0.0437,-0.289
2020-05-01 11:07:00,-0.3223,-0.0443,-0.2781
2020-05-01 11:06:00,-0.3049,-0.0379,-0.267
2020-05-01 11:05:00,-0.2915,-0.034,-0.2575
2020-05-01 11:04:00,-0.2636,-0.0146,-0.249
2020-05-01 11:03:00,-0.2491,-0.0038,-0.2454
2020-05-01 11:02:00,-0.2338,0.0106,-0.2444
2020-05-01 11:01:00,-0.2243,0.0227,-0.2471
2020-05-01 11:00:00,-0.2116,0.0412,-0.2528
2020-05-01 10:59:00,-0.21,0.053,-0.263
2020-05-01 10:58:00,-0.2304,0.0459,-0.2763
2020-05-01 10:57:00,-0.2561,0.0316,-0.2878
2020-05-01 10:56:00,-0.2924,0.0033,-0.2957
2020-05-01 10:55:00,-0.3054,-0.0089,-0.2965
2020-05-01 10:54:00,-0.3018,-0.0075,-0.2943
2020-05-01 10:53:00,-0.307,-0.0146,-0.2924
2020-05-01 10:52:00,-0.304,-0.0152,-0.2888
2020-05-01 10:51:00,-0.2948,-0.0098,-0.285
2020-05-01 10:50:00,-0.314,-0.0314,-0.2825
2020-05-01 10:49:00,-0.3221,-0.0475,-0.2747
2020-05-01 10:48:00,-0.3047,-0.0419,-0.2628
2020-05-01 10:47:00,-0.2727,-0.0204,-0.2524
2020-05-01 10:46:00,-0.2575,-0.0102,-0.2473
2020-05-01 10:45:00,-0.2525,-0.0078,-0.2447
2020-05-01 10:44:00,-0.215,0.0278,-0.2428
2020-05-01 10:43:00,-0.2231,0.0266,-0.2497
2020-05-01 10:42:00,-0.2373,0.019,-0.2563
2020-05-01 10:41:00,-0.2612,-0.0,-0.2611
2020-05-01 10:40:00,-0.256,0.0051,-0.2611
2020-05-01 10:39:00,-0.2631,-0.0008,-0.2624
2020-05-01 10:38:00,-0.2594,0.0028,-0.2622
2020-05-01 10:37:00,-0.2447,0.0182,-0.2629
2020-05-01 10:36:00,-0.2672,0.0003,-0.2674
2020-05-01 10:35:00,-0.3073,-0.0398,-0.2675
2020-05-01 10:34:00,-0.3259,-0.0683,-0.2576
2020-05-01 10:33:00,-0.3272,-0.0867,-0.2405
2020-05-01 10:32:00,-0.3119,-0.0931,-0.2188
2020-05-01 10:31:00,-0.301,-0.1055,-0.1955
2020-05-01 10:30:00,-0.2909,-0.1217,-0.1692
2020-05-01 10:29:00,-0.2758,-0.1371,-0.1387
2020-05-01 10:28:00,-0.2342,-0.1298,-0.1044
2020-05-01 10:27:00,-0.2083,-0.1363,-0.072
2020-05-01 10:26:00,-0.1711,-0.1332,-0.0379
2020-05-01 10:25:00,-0.1426,-0.1379,-0.0046
2020-05-01 10:24:00,-0.1109,-0.1408,0.0298
2020-05-01 10:23:00,-0.0753,-0.1403,0.065
2020-05-01 10:22:00,-0.0267,-0.1269,0.1001
2020-05-01 10:21:00,-0.0035,-0.1354,0.1318
2020-05-01 10:20:00,0.0481,-0.1176,0.1657
2020-05-01 10:19:00,0.0908,-0.1043,0.1951
2020-05-01 10:18:00,0.1389,-0.0822,0.2212
2020-05-01 10:17:00,0.1861,-0.0556,0.2417
2020-05-01 10:16:00,0.1867,-0.0689,0.2556
2020-05-01 10:15:00,0.1659,-0.107,0.2729
2020-05-01 10:14:00,0.1577,-0.1419,0.2996
2020-05-01 10:13:00,0.2096,-0.1255,0.3351
2020-05-01 10:12:00,0.2825,-0.0839,0.3664
2020-05-01 10:11:00,0.3674,-0.0201,0.3874
2020-05-01 10:10:00,0.4622,0.0697,0.3924
2020-05-01 10:09:00,0.4716,0.0966,0.375
2020-05-01 10:08:00,0.4483,0.0974,0.3509
2020-05-01 10:07:00,0.3936,0.0671,0.3265
2020-05-01 10:06:00,0.3406,0.0309,0.3097
2020-05-01 10:05:00,0.3259,0.0239,0.302
2020-05-01 10:04:00,0.3056,0.0095,0.296
2020-05-01 10:03:00,0.3031,0.0095,0.2937
2020-05-01 10:02:00,0.3024,0.0112,0.2913
2020-05-01 10:01:00,0.2516,-0.0369,0.2885
2020-05-01 10:00:00,0.2116,-0.0861,0.2977
2020-05-01 09:59:00,0.1875,-0.1317,0.3192
2020-05-01 09:58:00,0.1948,-0.1574,0.3522
2020-05-01 09:57:00,0.2378,-0.1537,0.3915
2020-05-01 09:56:00,0.2995,-0.1304,0.4299
2020-05-01 09:55:00,0.3719,-0.0906,0.4625
2020-05-01 09:54:00,0.4761,-0.0091,0.4852
2020-05-01 09:53:00,0.5569,0.0695,0.4874
2020-05-01 09:52:00,0.5639,0.0938,0.4701
2020-05-01 09:51:00,0.5721,0.1255,0.4466
2020-05-01 09:50:00,0.5454,0.1302,0.4152
2020-05-01 09:49:00,0.5059,0.1232,0.3827
2020-05-01 09:48:00,0.4552,0.1033,0.3519
2020-05-01 09:47:00,0.4333,0.1072,0.3261
2020-05-01 09:46:00,0.4133,0.114,0.2993
2020-05-01 09:45:00,0.3746,0.1038,0.2708
2020-05-01 09:44:00,0.4019,0.1571,0.2449
2020-05-01 09:43:00,0.4109,0.2053,0.2056
2020-05-01 09:42:00,0.336,0.1817,0.1543
2020-05-01 09:41:00,0.2482,0.1393,0.1088
2020-05-01 09:40:00,0.1737,0.0997,0.074
2020-05-01 09:39:00,0.1342,0.0852,0.0491
2020-05-01 09:38:00,0.0744,0.0467,0.0278
2020-05-01 09:37:00,0.006,-0.0101,0.0161
2020-05-01 09:36:00,-0.0556,-0.0742,0.0186
2020-05-01 09:35:00,-0.091,-0.1282,0.0372
2020-05-01 09:34:00,-0.1437,-0.213,0.0693
2020-05-01 09:33:00,-0.1253,-0.2478,0.1225
2020-05-01 09:32:00,0.009,-0.1754,0.1845
2020-05-01 09:31:00,0.1508,-0.0775,0.2283
2020-04-30 16:00:00,0.3326,0.0849,0.2477
2020-04-30 15:59:00,0.3256,0.0992,0.2265
2020-04-30 15:58:00,0.311,0.1094,0.2017
2020-04-30 15:57:00,0.2997,0.1254,0.1743
2020-04-30 15:56:00,0.2899,0.1469,0.143
2020-04-30 15:55:00,0.2554,0.1491,0.1062
2020-04-30 15:54:00,0.2004,0.1314,0.069
2020-04-30 15:53:00,0.1467,0.1106,0.0361
2020-04-30 15:52:00,0.0787,0.0702,0.0084
2020-04-30 15:51:00,0.0165,0.0256,-0.0091
2020-04-30 15:50:00,-0.0437,-0.0281,-0.0155
2020-04-30 15:49:00,-0.0427,-0.0342,-0.0085
2020-04-30 15:48:00,-0.0559,-0.056,0.0001
2020-04-30 15:47:00,-0.0343,-0.0484,0.0141
2020-04-30 15:46:00,-0.0388,-0.065,0.0262
2020-04-30 15:45:00,-0.0419,-0.0843,0.0424
2020-04-30 15:44:00,-0.0508,-0.1143,0.0635
2020-04-30 15:43:00,-0.0394,-0.1315,0.0921
2020-04-30 15:42:00,0.006,-0.1189,0.1249
2020-04-30 15:41:00,0.0436,-0.111,0.1547
2020-04-30 15:40:00,0.0696,-0.1128,0.1824
2020-04-30 15:39:00,0.0783,-0.1323,0.2106
2020-04-30 15:38:00,0.1086,-0.1351,0.2437
2020-04-30 15:37:00,0.1572,-0.1203,0.2775
2020-04-30 15:36:00,0.1953,-0.1122,0.3076
2020-04-30 15:35:00,0.2574,-0.0782,0.3356
2020-04-30 15:34:00,0.2983,-0.0569,0.3552
2020-04-30 15:33:00,0.3207,-0.0487,0.3694
2020-04-30 15:32:00,0.3507,-0.0309,0.3816
2020-04-30 15:31:00,0.3594,-0.0298,0.3893
2020-04-30 15:30:00,0.3797,-0.0171,0.3967
2020-04-30 15:29:00,0.401,-0.0,0.401
2020-04-30 15:28:00,0.4232,0.0222,0.401
2020-04-30 15:27:00,0.4497,0.0542,0.3955
2020-04-30 15:26:00,0.4738,0.0919,0.3819
2020-04-30 15:25:00,0.4856,0.1266,0.3589
2020-04-30 15:24:00,0.4588,0.1316,0.3273
2020-04-30 15:23:00,0.4221,0.1278,0.2944
2020-04-30 15:22:00,0.3854,0.123,0.2624
2020-04-30 15:21:00,0.3539,0.1222,0.2317
2020-04-30 15:20:00,0.3405,0.1394,0.2011
2020-04-30 15:19:00,0.2993,0.133,0.1663
2020-04-30 15:18:00,0.2575,0.1244,0.133
2020-04-30 15:17:00,0.1937,0.0918,0.1019
2020-04-30 15:16:00,0.1487,0.0697,0.079
2020-04-30 15:15:00,0.1197,0.0581,0.0616
2020-04-30 15:14:00,0.1053,0.0583,0.047
2020-04-30 15:13:00,0.0925,0.06,0.0324
2020-04-30 15:12:00,0.0891,0.0717,0.0174
2020-04-30 15:11:00,0.0733,0.0738,-0.0005
2020-04-30 15:10:00,0.0541,0.073,-0.0189
2020-04-30 15:09:00,0.0329,0.07,-0.0372
2020-04-30 15:08:00,-0.0028,0.0518,-0.0547
2020-04-30 15:07:00,-0.0362,0.0315,-0.0676
2020-04-30 15:06:00,-0.0466,0.0289,-0.0755
2020-04-30 15:05:00,-0.046,0.0367,-0.0827
2020-04-30 15:04:00,-0.0456,0.0463,-0.0919
2020-04-30 15:03:00,-0.0576,0.0458,-0.1035
2020-04-30 15:02:00,-0.0712,0.0438,-0.1149
2020-04-30 15:01:00,-0.0776,0.0482,-0.1259
2020-04-30 15:00:00,-0.0884,0.0495,-0.1379
2020-04-30 14:59:00,-0.1185,0.0319,-0.1503
2020-04-30 14:58:00,-0.1294,0.0289,-0.1583
2020-04-30 14:57:00,-0.1261,0.0394,-0.1655
2020-04-30 14:56:00,-0.1322,0.0432,-0.1754
2020-04-30 14:55:00,-0.1355,0.0507,-0.1862
2020-04-30 14:54:00,-0.1475,0.0513,-0.1989
2020-04-30 14:53:00,-0.174,0.0377,-0.2117
2020-04-30 14:52:00,-0.19,0.0311,-0.2211
2020-04-30 14:51:00,-0.227,0.0019,-0.2289
2020-04-30 14:50:00,-0.2455,-0.0162,-0.2293
2020-04-30 14:49:00,-0.2431,-0.0178,-0.2253
2020-04-30 14:48:00,-0.2376,-0.0167,-0.2209
2020-04-30 14:47:00,-0.2453,-0.0287,-0.2167
2020-04-30 14:46:00,-0.2578,-0.0483,-0.2095
2020-04-30 14:45:00,-0.2496,-0.0522,-0.1974
2020-04-30 14:44:00,-0.2345,-0.0501,-0.1844
2020-04-30 14:43:00,-0.2372,-0.0654,-0.1719
2020-04-30 14:42:00,-0.2353,-0.0798,-0.1555
2020-04-30 14:41:00,-0.2305,-0.0949,-0.1356
2020-04-30 14:40:00,-0.2183,-0.1065,-0.1119
2020-04-30 14:39:00,-0.1981,-0.1129,-0.0852
2020-04-30 14:38:00,-0.146,-0.089,-0.057
2020-04-30 14:37:00,-0.1084,-0.0736,-0.0348
2020-04-30 14:36:00,-0.0767,-0.0603,-0.0164
2020-04-30 14:35:00,-0.0442,-0.0429,-0.0013
2020-04-30 14:34:00,-0.0256,-0.035,0.0094
2020-04-30 14:33:00,-0.0208,-0.039,0.0182
2020-04-30 14:32:00,-0.0215,-0.0494,0.0279
2020-04-30 14:31:00,-0.0149,-0.0551,0.0402
2020-04-30 14:30:00,-0.0114,-0.0654,0.054
2020-04-30 14:29:00,0.0115,-0.0588,0.0704
2020-04-30 14:28:00,0.0193,-0.0658,0.0851
2020-04-30 14:27:00,0.0576,-0.044,0.1015
2020-04-30 14:26:00,0.078,-0.0346,0.1125
2020-04-30 14:25:00,0.0998,-0.0214,0.1212
2020-04-30 14:24:00,0.122,-0.0045,0.1265
2020-04-30 14:23:00,0.1334,0.0057,0.1277
2020-04-30 14:22:00,0.1406,0.0144,0.1262
2020-04-30 14:21:00,0.1462,0.0236,0.1226
2020-04-30 14:20:00,0.1491,0.0323,0.1167
2020-04-30 14:19:00,0.1699,0.0612,0.1087
2020-04-30 14:18:00,0.1858,0.0924,0.0933
2020-04-30 14:17:00,0.1953,0.125,0.0702
2020-04-30 14:16:00,0.1947,0.1557,0.039
2020-04-30 14:15:00,0.1757,0.1757,0.0
2020-04-30 14:14:00,0.1385,0.1824,-0.0439
2020-04-30 14:13:00,0.1054,0.1948,-0.0895
2020-04-30 14:12:00,0.0493,0.1874,-0.1382
2020-04-30 14:11:00,-0.0057,0.1793,-0.185
2020-04-30 14:10:00,-0.0616,0.1683,-0.2299
2020-04-30 14:09:00,-0.0991,0.1728,-0.2719
2020-04-30 14:08:00,-0.1502,0.1649,-0.3151
2020-04-30 14:07:00,-0.2303,0.1261,-0.3564
2020-04-30 14:06:00,-0.2884,0.0995,-0.3879
2020-04-30 14:05:00,-0.3482,0.0646,-0.4128
2020-04-30 14:04:00,-0.4339,-0.005,-0.4289
2020-04-30 14:03:00,-0.4783,-0.0506,-0.4277
2020-04-30 14:02:00,-0.5111,-0.0961,-0.415
2020-04-30 14:01:00,-0.4867,-0.0957,-0.391
2020-04-30 14:00:00,-0.487,-0.1199,-0.3671
2020-04-30 13:59:00,-0.4655,-0.1284,-0.3371
2020-04-30 13:58:00,-0.4003,-0.0953,-0.305
2020-04-30 13:57:00,-0.3855,-0.1043,-0.2812
2020-04-30 13:56:00,-0.3702,-0.1151,-0.2551
2020-04-30 13:55:00,-0.3474,-0.121,-0.2263
2020-04-30 13:54:00,-0.3091,-0.113,-0.1961
2020-04-30 13:53:00,-0.2496,-0.0818,-0.1678
2020-04-30 13:52:00,-0.2077,-0.0604,-0.1474
2020-04-30 13:51:00,-0.1645,-0.0322,-0.1323
2020-04-30 13:50:00,-0.1115,0.0127,-0.1242
2020-04-30 13:49:00,-0.1008,0.0266,-0.1274
2020-04-30 13:48:00,-0.1305,0.0035,-0.1341
2020-04-30 13:47:00,-0.14,-0.0051,-0.1349
2020-04-30 13:46:00,-0.1348,-0.0012,-0.1337
2020-04-30 13:45:00,-0.1379,-0.0045,-0.1334
2020-04-30 13:44:00,-0.1627,-0.0305,-0.1323
2020-04-30 13:43:00,-0.1728,-0.0482,-0.1246
2020-04-30 13:42:00,-0.1637,-0.0512,-0.1126
2020-04-30 13:41:00,-0.1529,-0.0531,-0.0998
2020-04-30 13:40:00,-0.1337,-0.0472,-0.0865
2020-04-30 13:39:00,-0.1135,-0.0387,-0.0747
2020-04-30 13:38:00,-0.0993,-0.0342,-0.065
2020-04-30 13:37:00,-0.0888,-0.0323,-0.0565
2020-04-30 13:36:00,-0.0812,-0.0328,-0.0484
2020-04-30 13:35:00,-0.0892,-0.049,-0.0402
2020-04-30 13:34:00,-0.0783,-0.0504,-0.028
2020-04-30 13:33:00,-0.0846,-0.0693,-0.0154
2020-04-30 13:32:00,-0.0744,-0.0764,0.0019
2020-04-30 13:31:00,-0.0519,-0.0729,0.021
2020-04-30 13:30:00,-0.005,-0.0443,0.0393
2020-04-30 13:29:00,0.009,-0.0414,0.0504
2020-04-30 13:28:00,0.0023,-0.0584,0.0607
2020-04-30 13:27:00,0.002,-0.0733,0.0753
2020-04-30 13:26:00,0.0126,-0.081,0.0936
2020-04-30 13:25:00,0.0393,-0.0745,0.1139
2020-04-30 13:24:00,0.0541,-0.0784,0.1325
2020-04-30 13:23:00,0.0629,-0.0892,0.1521
2020-04-30 13:22:00,0.0757,-0.0986,0.1744
2020-04-30 13:21:00,0.1206,-0.0785,0.199
2020-04-30 13:20:00,0.1516,-0.0671,0.2187
2020-04-30 13:19:00,0.2083,-0.0271,0.2354
2020-04-30 13:18:00,0.2421,-0.0001,0.2422
2020-04-30 13:17:00,0.2635,0.0213,0.2422
2020-04-30 13:16:00,0.2794,0.0425,0.2369
2020-04-30 13:15:00,0.2787,0.0524,0.2263
2020-04-30 13:14:00,0.2626,0.0494,0.2131
2020-04-30 13:13:00,0.2354,0.0346,0.2008
2020-04-30 13:12:00,0.2214,0.0293,0.1921
2020-04-30 13:11:00,0.2105,0.0257,0.1848
2020-04-30 13:10:00,0.1894,0.011,0.1784
2020-04-30 13:09:00,0.1801,0.0044,0.1756
2020-04-30 13:08:00,0.1777,0.0032,0.1745
2020-04-30 13:07:00,0.1768,0.0031,0.1737
2020-04-30 13:06:00,0.1806,0.0076,0.173
2020-04-30 13:05:00,0.2042,0.0332,0.171
2020-04-30 13:04:00,0.2146,0.0518,0.1628
2020-04-30 13:03:00,0.213,0.0632,0.1498
2020-04-30 13:02:00,0.1957,0.0618,0.134
2020-04-30 13:01:00,0.1779,0.0594,0.1185
2020-04-30 13:00:00,0.1679,0.0642,0.1037
2020-04-30 12:59:00,0.1479,0.0602,0.0877
2020-04-30 12:58:00,0.1443,0.0717,0.0726
2020-04-30 12:57:00,0.1376,0.083,0.0547
2020-04-30 12:56:00,0.1215,0.0876,0.0339
2020-04-30 12:55:00,0.1078,0.0957,0.012
2020-04-30 12:54:00,0.0867,0.0986,-0.0119
2020-04-30 12:53:00,0.0549,0.0914,-0.0365
2020-04-30 12:52:00,0.0222,0.0816,-0.0594
2020-04-30 12:51:00,-0.0045,0.0753,-0.0798
2020-04-30 12:50:00,-0.03,0.0687,-0.0986
2020-04-30 12:49:00,-0.0635,0.0523,-0.1158
2020-04-30 12:48:00,-0.1023,0.0265,-0.1288
2020-04-30 12:47:00,-0.1262,0.0093,-0.1355
2020-04-30 12:46:00,-0.1251,0.0127,-0.1378
2020-04-30 12:45:00,-0.1229,0.0181,-0.141
2020-04-30 12:44:00,-0.0989,0.0466,-0.1455
2020-04-30 12:43:00,-0.1127,0.0444,-0.1571
2020-04-30 12:42:00,-0.1276,0.0406,-0.1683
2020-04-30 12:41:00,-0.1255,0.0529,-0.1784
2020-04-30 12:40:00,-0.124,0.0676,-0.1916
2020-04-30 12:39:00,-0.1315,0.077,-0.2085
2020-04-30 12:38:00,-0.16,0.0678,-0.2278
2020-04-30 12:37:00,-0.2028,0.0419,-0.2447
2020-04-30 12:36:00,-0.2249,0.0303,-0.2552
2020-04-30 12:35:00,-0.2295,0.0333,-0.2628
2020-04-30 12:34:00,-0.235,0.0361,-0.2711
2020-04-30 12:33:00,-0.2687,0.0115,-0.2802
2020-04-30 12:32:00,-0.2899,-0.0069,-0.283
2020-04-30 12:31:00,-0.32,-0.0387,-0.2813
2020-04-30 12:30:00,-0.3211,-0.0495,-0.2716
2020-04-30 12:29:00,-0.3117,-0.0525,-0.2592
2020-04-30 12:28:00,-0.28,-0.0338,-0.2461
2020-04-30 12:27:00,-0.272,-0.0343,-0.2377
2020-04-30 12:26:00,-0.265,-0.0359,-0.2291
2020-04-30 12:25:00,-0.2632,-0.0431,-0.2201
2020-04-30 12:24:00,-0.2379,-0.0286,-0.2093
2020-04-30 12:23:00,-0.2458,-0.0436,-0.2022
2020-04-30 12:22:00,-0.2142,-0.0229,-0.1913
2020-04-30 12:21:00,-0.194,-0.0084,-0.1856
2020-04-30 12:20:00,-0.1646,0.0189,-0.1835
2020-04-30 12:19:00,-0.1551,0.0331,-0.1882
2020-04-30 12:18:00,-0.1618,0.0347,-0.1965
2020-04-30 12:17:00,-0.1517,0.0535,-0.2052
2020-04-30 12:16:00,-0.165,0.0535,-0.2185
2020-04-30 12:15:00,-0.1757,0.0562,-0.2319
2020-04-30 12:14:00,-0.2075,0.0384,-0.246
2020-04-30 12:13:00,-0.2538,0.0018,-0.2556
2020-04-30 12:12:00,-0.2654,-0.0094,-0.256
2020-04-30 12:11:00,-0.2744,-0.0207,-0.2536
2020-04-30 12:10:00,-0.2909,-0.0425,-0.2485
2020-04-30 12:09:00,-0.2951,-0.0573,-0.2378
2020-04-30 12:08:00,-0.2784,-0.0549,-0.2235
2020-04-30 12:07:00,-0.3118,-0.102,-0.2098
2020-04-30 12:06:00,-0.3237,-0.1394,-0.1843
2020-04-30 12:05:00,-0.2995,-0.15,-0.1494
2020-04-30 12:04:00,-0.2734,-0.1615,-0.1119
2020-04-30 12:03:00,-0.2056,-0.1341,-0.0715
2020-04-30 12:02:00,-0.1416,-0.1036,-0.038
2020-04-30 12:01:00,-0.0613,-0.0492,-0.0121
2020-04-30 12:00:00,-0.0135,-0.0136,0.0002
2020-04-30 11:59:00,0.01,0.0064,0.0036
2020-04-30 11:58:00,0.0104,0.0084,0.002
2020-04-30 11:57:00,-0.0259,-0.0258,-0.0001
2020-04-30 11:56:00,-0.0291,-0.0354,0.0063
2020-04-30 11:55:00,-0.0265,-0.0416,0.0151
2020-04-30 11:54:00,-0.0168,-0.0423,0.0255
2020-04-30 11:53:00,-0.0337,-0.0699,0.0361
2020-04-30 11:52:00,-0.0324,-0.086,0.0536
2020-04-30 11:51:00,-0.0405,-0.1156,0.0751
2020-04-30 11:50:00,-0.0166,-0.1206,0.104
2020-04-30 11:49:00,0.0366,-0.0976,0.1341
2020-04-30 11:48:00,0.0978,-0.0608,0.1585
2020-04-30 11:47:00,0.1541,-0.0196,0.1737
2020-04-30 11:46:00,0.1841,0.0054,0.1786
2020-04-30 11:45:00,0.2038,0.0265,0.1773
2020-04-30 11:44:00,0.2286,0.058,0.1706
2020-04-30 11:43:00,0.2346,0.0784,0.1561
2020-04-30 11:42:00,0.2408,0.1042,0.1365
2020-04-30 11:41:00,0.2299,0.1194,0.1105
2020-04-30 11:40:00,0.1709,0.0903,0.0806
2020-04-30 11:39:00,0.1462,0.0881,0.0581
2020-04-30 11:38:00,0.1419,0.1059,0.036
2020-04-30 11:37:00,0.1222,0.1126,0.0096
2020-04-30 11:36:00,0.0759,0.0945,-0.0186
2020-04-30 11:35:00,0.0382,0.0804,-0.0422
2020-04-30 11:34:00,-0.0207,0.0416,-0.0623
2020-04-30 11:33:00,-0.0987,-0.026,-0.0727
2020-04-30 11:32:00,-0.1367,-0.0705,-0.0662
2020-04-30 11:31:00,-0.1394,-0.0908,-0.0486
2020-04-30 11:30:00,-0.1372,-0.1113,-0.0259
2020-04-30 11:29:00,-0.1177,-0.1196,0.0019
2020-04-30 11:28:00,-0.0677,-0.0995,0.0318
2020-04-30 11:27:00,-0.0497,-0.1064,0.0567
2020-04-30 11:26:00,-0.0444,-0.1276,0.0833
2020-04-30 11:25:00,-0.0318,-0.147,0.1152
2020-04-30 11:24:00,-0.0174,-0.1693,0.1519
2020-04-30 11:23:00,0.0543,-0.14,0.1943
2020-04-30 11:22:00,0.0971,-0.1322,0.2293
2020-04-30 11:21:00,0.1533,-0.109,0.2623
2020-04-30 11:20:00,0.2066,-0.083,0.2896
2020-04-30 11:19:00,0.2573,-0.053,0.3103
2020-04-30 11:18:00,0.3224,-0.0011,0.3236
2020-04-30 11:17:00,0.3813,0.0575,0.3238
2020-04-30 11:16:00,0.4358,0.1263,0.3095
2020-04-30 11:15:00,0.4257,0.1479,0.2779
2020-04-30 11:14:00,0.4047,0.1637,0.2409
2020-04-30 11:13:00,0.3851,0.1851,0.2
2020-04-30 11:12:00,0.3281,0.1744,0.1537
2020-04-30 11:11:00,0.2753,0.1652,0.1101
2020-04-30 11:10:00,0.2393,0.1705,0.0688
2020-04-30 11:09:00,0.1948,0.1686,0.0262
2020-04-30 11:08:00,0.1607,0.1767,-0.016
2020-04-30 11:07:00,0.122,0.1822,-0.0601
2020-04-30 11:06:00,0.0973,0.203,-0.1057
2020-04-30 11:05:00,0.0804,0.2368,-0.1564
2020-04-30 11:04:00,0.0334,0.249,-0.2156
2020-04-30 11:03:00,-0.0352,0.2427,-0.2779
2020-04-30 11:02:00,-0.1217,0.2168,-0.3385
2020-04-30 11:01:00,-0.2065,0.1863,-0.3927
2020-04-30 11:00:00,-0.2767,0.1626,-0.4393
2020-04-30 10:59:00,-0.3015,0.1784,-0.48
2020-04-30 10:58:00,-0.3401,0.1845,-0.5246
2020-04-30 10:57:00,-0.4077,0.163,-0.5707
2020-04-30 10:56:00,-0.4886,0.1229,-0.6115
2020-04-30 10:55:00,-0.5954,0.0468,-0.6422
2020-04-30 10:54:00,-0.6663,-0.0125,-0.6539
2020-04-30 10:53:00,-0.7105,-0.0598,-0.6508
2020-04-30 10:52:00,-0.7085,-0.0727,-0.6358
2020-04-30 10:51:00,-0.661,-0.0433,-0.6176
2020-04-30 10:50:00,-0.6894,-0.0826,-0.6068
2020-04-30 10:49:00,-0.7116,-0.1254,-0.5862
2020-04-30 10:48:00,-0.7103,-0.1555,-0.5548
2020-04-30 10:47:00,-0.6687,-0.1528,-0.5159
2020-04-30 10:46:00,-0.665,-0.1873,-0.4777
2020-04-30 10:45:00,-0.6445,-0.2136,-0.4309
2020-04-30 10:44:00,-0.608,-0.2304,-0.3775
2020-04-30 10:43:00,-0.5326,-0.2127,-0.3199
2020-04-30 10:42:00,-0.4506,-0.1838,-0.2667
2020-04-30 10:41:00,-0.4088,-0.188,-0.2208
2020-04-30 10:40:00,-0.3137,-0.1399,-0.1738
2020-04-30 10:39:00,-0.2111,-0.0723,-0.1388
2020-04-30 10:38:00,-0.133,-0.0123,-0.1207
2020-04-30 10:37:00,-0.0967,0.021,-0.1177
2020-04-30 10:36:00,-0.0519,0.071,-0.1229
2020-04-30 10:35:00,-0.0658,0.0748,-0.1407
2020-04-30 10:34:00,-0.1045,0.0548,-0.1594
2020-04-30 10:33:00,-0.1386,0.0345,-0.1731
2020-04-30 10:32:00,-0.1959,-0.0142,-0.1817
2020-04-30 10:31:00,-0.2394,-0.0613,-0.1781
2020-04-30 10:30:00,-0.2276,-0.0648,-0.1628
2020-04-30 10:29:00,-0.2775,-0.1309,-0.1466
2020-04-30 10:28:00,-0.3055,-0.1916,-0.1139
2020-04-30 10:27:00,-0.2991,-0.2331,-0.066
2020-04-30 10:26:00,-0.2428,-0.2351,-0.0077
2020-04-30 10:25:00,-0.176,-0.2271,0.0511
2020-04-30 10:24:00,-0.0959,-0.2038,0.1079
2020-04-30 10:23:00,-0.0433,-0.2021,0.1588
2020-04-30 10:22:00,0.0185,-0.1908,0.2093
2020-04-30 10:21:00,0.0482,-0.2089,0.257
2020-04-30 10:20:00,0.1194,-0.1899,0.3093
2020-04-30 10:19:00,0.149,-0.2077,0.3567
2020-04-30 10:18:00,0.1864,-0.2223,0.4087
2020-04-30 10:17:00,0.2531,-0.2111,0.4642
2020-04-30 10:16:00,0.3365,-0.1805,0.517
2020-04-30 10:15:00,0.4412,-0.121,0.5621
2020-04-30 10:14:00,0.481,-0.1113,0.5924
2020-04-30 10:13:00,0.4822,-0.138,0.6202
2020-04-30 10:12:00,0.505,-0.1497,0.6547
2020-04-30 10:11:00,0.488,-0.2042,0.6921
2020-04-30 10:10:00,0.452,-0.2911,0.7432
2020-04-30 10:09:00,0.4429,-0.373,0.816
2020-04-30 10:08:00,0.4447,-0.4645,0.9092
2020-04-30 10:07:00,0.5291,-0.4962,1.0254
2020-04-30 10:06:00,0.6007,-0.5488,1.1494
2020-04-30 10:05:00,0.7445,-0.5421,1.2866
2020-04-30 10:04:00,0.9079,-0.5143,1.4221
2020-04-30 10:03:00,1.094,-0.4567,1.5507
2020-04-30 10:02:00,1.2556,-0.4092,1.6649
2020-04-30 10:01:00,1.4365,-0.3307,1.7672
2020-04-30 10:00:00,1.6047,-0.2451,1.8499
2020-04-30 09:59:00,1.7116,-0.1996,1.9111
2020-04-30 09:58:00,1.7752,-0.1858,1.961
2020-04-30 09:57:00,1.8286,-0.1789,2.0075
2020-04-30 09:56:00,1.9077,-0.1445,2.0522
2020-04-30 09:55:00,2.0019,-0.0864,2.0884
2020-04-30 09:54:00,2.0375,-0.0724,2.11
2020-04-30 09:53:00,2.1032,-0.0248,2.1281
2020-04-30 09:52:00,2.1759,0.0416,2.1343
2020-04-30 09:51:00,2.1656,0.0417,2.1239
2020-04-30 09:50:00,2.119,0.0056,2.1135
2020-04-30 09:49:00,2.0935,-0.0186,2.1121
2020-04-30 09:48:00,2.0166,-0.1002,2.1167
2020-04-30 09:47:00,2.0601,-0.0816,2.1418
2020-04-30 09:46:00,2.071,-0.0912,2.1622
2020-04-30 09:45:00,2.1449,-0.0401,2.185
2020-04-30 09:44:00,2.238,0.043,2.195
2020-04-30 09:43:00,2.2316,0.0473,2.1843
2020-04-30 09:42:00,2.2577,0.0853,2.1724
2020-04-30 09:41:00,2.3111,0.16,2.1511
2020-04-30 09:40:00,2.4302,0.3191,2.1111
2020-04-30 09:39:00,2.4568,0.4255,2.0313
2020-04-30 09:38:00,2.5787,0.6537,1.9249
2020-04-30 09:37:00,2.6519,0.8904,1.7615
2020-04-30 09:36:00,2.7037,1.1648,1.5389
2020-04-30 09:35:00,2.5381,1.2904,1.2477
2020-04-30 09:34:00,2.3326,1.4075,0.9251
2020-04-30 09:33:00,1.9595,1.3863,0.5732
2020-04-30 09:32:00,1.4339,1.2073,0.2266
2020-04-30 09:31:00,0.6373,0.7125,-0.0752
2020-04-29 16:00:00,-0.4442,-0.1909,-0.2533
2020-04-29 15:59:00,-0.3901,-0.1845,-0.2056
2020-04-29 15:58:00,-0.3449,-0.1855,-0.1594
2020-04-29 15:57:00,-0.3444,-0.2313,-0.1131
2020-04-29 15:56:00,-0.2887,-0.2335,-0.0552
2020-04-29 15:55:00,-0.2227,-0.2258,0.0031
2020-04-29 15:54:00,-0.1749,-0.2345,0.0596
2020-04-29 15:53:00,-0.0826,-0.2008,0.1182
2020-04-29 15:52:00,0.0098,-0.1586,0.1684
2020-04-29 15:51:00,0.1,-0.1081,0.2081
2020-04-29 15:50:00,0.1872,-0.0479,0.2351
2020-04-29 15:49:00,0.2143,-0.0328,0.2471
2020-04-29 15:48:00,0.2275,-0.0278,0.2553
2020-04-29 15:47:00,0.2481,-0.0141,0.2622
2020-04-29 15:46:00,0.2597,-0.006,0.2657
2020-04-29 15:45:00,0.2783,0.011,0.2672
2020-04-29 15:44:00,0.2801,0.0157,0.2645
2020-04-29 15:43:00,0.2723,0.0118,0.2606
2020-04-29 15:42:00,0.2543,-0.0033,0.2576
2020-04-29 15:41:00,0.2317,-0.0267,0.2584
2020-04-29 15:40:00,0.2372,-0.0279,0.2651
2020-04-29 15:39:00,0.2529,-0.0192,0.2721
2020-04-29 15:38:00,0.2573,-0.0196,0.2769
2020-04-29 15:37:00,0.2701,-0.0116,0.2818
2020-04-29 15:36:00,0.2989,0.0142,0.2847
2020-04-29 15:35:00,0.3033,0.0221,0.2812
2020-04-29 15:34:00,0.31,0.0344,0.2756
2020-04-29 15:33:00,0.3162,0.0492,0.267
2020-04-29 15:32:00,0.3317,0.0769,0.2547
2020-04-29 15:31:00,0.3414,0.1059,0.2355
2020-04-29 15:30:00,0.3592,0.1501,0.209
2020-04-29 15:29:00,0.3308,0.1593,0.1715
2020-04-29 15:28:00,0.302,0.1703,0.1317
2020-04-29 15:27:00,0.2679,0.1788,0.0891
2020-04-29 15:26:00,0.2276,0.1832,0.0444
2020-04-29 15:25:00,0.1698,0.1712,-0.0014
2020-04-29 15:24:00,0.1191,0.1633,-0.0442
2020-04-29 15:23:00,0.0607,0.1458,-0.085
2020-04-29 15:22:00,0.0149,0.1364,-0.1215
2020-04-29 15:21:00,-0.0341,0.1214,-0.1556
2020-04-29 15:20:00,-0.0885,0.0974,-0.1859
2020-04-29 15:19:00,-0.1516,0.0586,-0.2103
2020-04-29 15:18:00,-0.1984,0.0265,-0.2249
2020-04-29 15:17:00,-0.2309,0.0007,-0.2315
2020-04-29 15:16:00,-0.2403,-0.0086,-0.2317
2020-04-29 15:15:00,-0.2418,-0.0123,-0.2295
2020-04-29 15:14:00,-0.2402,-0.0137,-0.2265
2020-04-29 15:13:00,-0.2412,-0.0182,-0.2231
2020-04-29 15:12:00,-0.2482,-0.0297,-0.2185
2020-04-29 15:11:00,-0.2637,-0.0525,-0.2111
2020-04-29 15:10:00,-0.2587,-0.0607,-0.198
2020-04-29 15:09:00,-0.2517,-0.0689,-0.1828
2020-04-29 15:08:00,-0.239,-0.0734,-0.1656
2020-04-29 15:07:00,-0.1939,-0.0467,-0.1472
2020-04-29 15:06:00,-0.1458,-0.0103,-0.1355
2020-04-29 15:05:00,-0.1362,-0.0033,-0.1329
2020-04-29 15:04:00,-0.1332,-0.0011,-0.1321
2020-04-29 15:03:00,-0.1402,-0.0083,-0.1318
2020-04-29 15:02:00,-0.1551,-0.0254,-0.1298
2020-04-29 15:01:00,-0.1562,-0.0328,-0.1234
2020-04-29 15:00:00,-0.1522,-0.037,-0.1152
2020-04-29 14:59:00,-0.1592,-0.0532,-0.106
2020-04-29 14:58:00,-0.1678,-0.0751,-0.0927
2020-04-29 14:57:00,-0.1679,-0.094,-0.0739
2020-04-29 14:56:00,-0.1424,-0.092,-0.0504
2020-04-29 14:55:00,-0.1018,-0.0744,-0.0274
2020-04-29 14:54:00,-0.0495,-0.0407,-0.0088
2020-04-29 14:53:00,-0.0033,-0.0047,0.0013
2020-04-29 14:52:00,0.0233,0.0208,0.0025
2020-04-29 14:51:00,0.0363,0.039,-0.0027
2020-04-29 14:50:00,0.0442,0.0566,-0.0124
2020-04-29 14:49:00,0.0425,0.0691,-0.0266
2020-04-29 14:48:00,0.0356,0.0794,-0.0439
2020-04-29 14:47:00,0.0232,0.0869,-0.0637
2020-04-29 14:46:00,0.0091,0.0945,-0.0854
2020-04-29 14:45:00,-0.0111,0.098,-0.1091
2020-04-29 14:44:00,-0.0295,0.104,-0.1336
2020-04-29 14:43:00,-0.0654,0.0942,-0.1596
2020-04-29 14:42:00,-0.1087,0.0745,-0.1831
2020-04-29 14:41:00,-0.1557,0.046,-0.2018
2020-04-29 14:40:00,-0.1983,0.015,-0.2133
2020-04-29 14:39:00,-0.229,-0.012,-0.217
2020-04-29 14:38:00,-0.2545,-0.0405,-0.214
2020-04-29 14:37:00,-0.2467,-0.0428,-0.2039
2020-04-29 14:36:00,-0.2393,-0.0461,-0.1932
2020-04-29 14:35:00,-0.2141,-0.0324,-0.1816
2020-04-29 14:34:00,-0.1849,-0.0113,-0.1735
2020-04-29 14:33:00,-0.1786,-0.0078,-0.1707
2020-04-29 14:32:00,-0.1832,-0.0144,-0.1687
2020-04-29 14:31:00,-0.1703,-0.0052,-0.1651
2020-04-29 14:30:00,-0.1756,-0.0118,-0.1639
2020-04-29 14:29:00,-0.1794,-0.0185,-0.1609
2020-04-29 14:28:00,-0.173,-0.0167,-0.1563
2020-04-29 14:27:00,-0.1633,-0.0112,-0.1521
2020-04-29 14:26:00,-0.1668,-0.0175,-0.1493
2020-04-29 14:25:00,-0.1806,-0.0356,-0.1449
2020-04-29 14:24:00,-0.1925,-0.0564,-0.136
2020-04-29 14:23:00,-0.186,-0.0641,-0.1219
2020-04-29 14:22:00,-0.1761,-0.0701,-0.1059
2020-04-29 14:21:00,-0.1741,-0.0857,-0.0884
2020-04-29 14:20:00,-0.172,-0.1051,-0.067
2020-04-29 14:19:00,-0.1425,-0.1018,-0.0407
2020-04-29 14:18:00,-0.118,-0.1028,-0.0152
2020-04-29 14:17:00,-0.084,-0.0945,0.0105
2020-04-29 14:16:00,-0.0544,-0.0885,0.0341
2020-04-29 14:15:00,-0.0507,-0.1069,0.0562
2020-04-29 14:14:00,-0.026,-0.1089,0.0829
2020-04-29 14:13:00,0.0181,-0.0921,0.1101
2020-04-29 14:12:00,0.061,-0.0722,0.1332
2020-04-29 14:11:00,0.0833,-0.068,0.1512
2020-04-29 14:10:00,0.0912,-0.077,0.1682
2020-04-29 14:09:00,0.1244,-0.0631,0.1875
2020-04-29 14:08:00,0.1589,-0.0444,0.2032
2020-04-29 14:07:00,0.1777,-0.0367,0.2143
2020-04-29 14:06:00,0.2036,-0.0199,0.2235
2020-04-29 14:05:00,0.1977,-0.0308,0.2285
2020-04-29 14:04:00,0.1928,-0.0434,0.2362
2020-04-29 14:03:00,0.2265,-0.0205,0.247
2020-04-29 14:02:00,0.2347,-0.0175,0.2522
2020-04-29 14:01:00,0.2479,-0.0087,0.2565
2020-04-29 14:00:00,0.2671,0.0084,0.2587
2020-04-29 13:59:00,0.2725,0.0159,0.2566
2020-04-29 13:58:00,0.2765,0.0239,0.2526
2020-04-29 13:57:00,0.2715,0.0249,0.2466
2020-04-29 13:56:00,0.2744,0.034,0.2404
2020-04-29 13:55:00,0.2659,0.034,0.2319
2020-04-29 13:54:00,0.2548,0.0314,0.2234
2020-04-29 13:53:00,0.2247,0.0091,0.2156
2020-04-29 13:52:00,0.2028,-0.0105,0.2133
2020-04-29 13:51:00,0.1921,-0.0238,0.2159
2020-04-29 13:50:00,0.1871,-0.0348,0.2219
2020-04-29 13:49:00,0.1891,-0.0414,0.2306
2020-04-29 13:48:00,0.2161,-0.0249,0.2409
2020-04-29 13:47:00,0.2365,-0.0106,0.2471
2020-04-29 13:46:00,0.2511,0.0013,0.2498
2020-04-29 13:45:00,0.267,0.0175,0.2495
2020-04-29 13:44:00,0.3007,0.0556,0.2451
2020-04-29 13:43:00,0.3038,0.0726,0.2312
2020-04-29 13:42:00,0.2921,0.0791,0.213
2020-04-29 13:41:00,0.2729,0.0797,0.1933
2020-04-29 13:40:00,0.2363,0.063,0.1733
2020-04-29 13:39:00,0.2218,0.0642,0.1576
2020-04-29 13:38:00,0.2041,0.0626,0.1415
2020-04-29 13:37:00,0.1817,0.0558,0.1259
2020-04-29 13:36:00,0.1615,0.0496,0.112
2020-04-29 13:35:00,0.1416,0.042,0.0996
2020-04-29 13:34:00,0.1304,0.0414,0.0891
2020-04-29 13:33:00,0.1128,0.034,0.0787
2020-04-29 13:32:00,0.087,0.0168,0.0702
2020-04-29 13:31:00,0.0661,0.0001,0.066
2020-04-29 13:30:00,0.0497,-0.0163,0.066
2020-04-29 13:29:00,0.0443,-0.0257,0.07
2020-04-29 13:28:00,0.0449,-0.0315,0.0765
2020-04-29 13:27:00,0.0522,-0.0321,0.0843
2020-04-29 13:26:00,0.055,-0.0374,0.0924
2020-04-29 13:25:00,0.0604,-0.0413,0.1017
2020-04-29 13:24:00,0.0777,-0.0343,0.112
2020-04-29 13:23:00,0.0996,-0.021,0.1206
2020-04-29 13:22:00,0.1119,-0.014,0.1258
2020-04-29 13:21:00,0.1218,-0.0075,0.1293
2020-04-29 13:20:00,0.1271,-0.0041,0.1312
2020-04-29 13:19:00,0.1285,-0.0037,0.1322
2020-04-29 13:18:00,0.1263,-0.0068,0.1332
2020-04-29 13:17:00,0.1296,-0.0053,0.1349
2020-04-29 13:16:00,0.1323,-0.0038,0.1362
2020-04-29 13:15:00,0.1483,0.0111,0.1371
2020-04-29 13:14:00,0.154,0.0196,0.1344
2020-04-29 13:13:00,0.157,0.0275,0.1295
2020-04-29 13:12:00,0.1575,0.0349,0.1226
2020-04-29 13:11:00,0.1457,0.0318,0.1139
2020-04-29 13:10:00,0.1265,0.0205,0.1059
2020-04-29 13:09:00,0.1052,0.0044,0.1008
2020-04-29 13:08:00,0.1091,0.0094,0.0997
2020-04-29 13:07:00,0.1184,0.0211,0.0974
2020-04-29 13:06:00,0.1237,0.0316,0.0921
2020-04-29 13:05:00,0.1134,0.0291,0.0842
2020-04-29 13:04:00,0.0944,0.0175,0.0769
2020-04-29 13:03:00,0.0811,0.0086,0.0726
2020-04-29 13:02:00,0.0645,-0.0059,0.0704
2020-04-29 13:01:00,0.052,-0.0199,0.0719
2020-04-29 13:00:00,0.0444,-0.0325,0.0769
2020-04-29 12:59:00,0.0448,-0.0402,0.085
2020-04-29 12:58:00,0.0533,-0.0418,0.0951
2020-04-29 12:57:00,0.0603,-0.0452,0.1055
2020-04-29 12:56:00,0.0633,-0.0535,0.1168
2020-04-29 12:55:00,0.0703,-0.0599,0.1302
2020-04-29 12:54:00,0.0782,-0.067,0.1452
2020-04-29 12:53:00,0.0916,-0.0703,0.1619
2020-04-29 12:52:00,0.109,-0.0705,0.1795
2020-04-29 12:51:00,0.1307,-0.0664,0.1971
2020-04-29 12:50:00,0.1503,-0.0634,0.2137
2020-04-29 12:49:00,0.1752,-0.0543,0.2295
2020-04-29 12:48:00,0.1882,-0.0549,0.2431
2020-04-29 12:47:00,0.2163,-0.0405,0.2569
2020-04-29 12:46:00,0.2388,-0.0282,0.267
2020-04-29 12:45:00,0.2488,-0.0252,0.274
2020-04-29 12:44:00,0.2549,-0.0255,0.2803
2020-04-29 12:43:00,0.265,-0.0217,0.2867
2020-04-29 12:42:00,0.2761,-0.016,0.2921
2020-04-29 12:41:00,0.2893,-0.0068,0.2961
2020-04-29 12:40:00,0.3012,0.0034,0.2979
2020-04-29 12:39:00,0.3082,0.0112,0.297
2020-04-29 12:38:00,0.3111,0.0169,0.2942
2020-04-29 12:37:00,0.3077,0.0177,0.29
2020-04-29 12:36:00,0.3045,0.0189,0.2856
2020-04-29 12:35:00,0.3103,0.0295,0.2808
2020-04-29 12:34:00,0.306,0.0325,0.2735
2020-04-29 12:33:00,0.3083,0.043,0.2653
2020-04-29 12:32:00,0.2986,0.044,0.2546
2020-04-29 12:31:00,0.2833,0.0398,0.2436
2020-04-29 12:30:00,0.2654,0.0318,0.2336
2020-04-29 12:29:00,0.2497,0.024,0.2257
2020-04-29 12:28:00,0.2506,0.031,0.2197
2020-04-29 12:27:00,0.2512,0.0393,0.2119
2020-04-29 12:26:00,0.2504,0.0483,0.2021
2020-04-29 12:25:00,0.2431,0.0531,0.19
2020-04-29 12:24:00,0.2186,0.0418,0.1767
2020-04-29 12:23:00,0.203,0.0367,0.1663
2020-04-29 12:22:00,0.1918,0.0347,0.1571
2020-04-29 12:21:00,0.1788,0.0304,0.1484
2020-04-29 12:20:00,0.1749,0.034,0.1408
2020-04-29 12:19:00,0.1729,0.0405,0.1323
2020-04-29 12:18:00,0.1734,0.0512,0.1222
2020-04-29 12:17:00,0.1754,0.066,0.1094
2020-04-29 12:16:00,0.1746,0.0818,0.0929
2020-04-29 12:15:00,0.1518,0.0793,0.0725
2020-04-29 12:14:00,0.151,0.0984,0.0526
2020-04-29 12:13:00,0.1447,0.1167,0.028
2020-04-29 12:12:00,0.1234,0.1246,-0.0012
2020-04-29 12:11:00,0.0771,0.1094,-0.0323
2020-04-29 12:10:00,0.0403,0.0999,-0.0596
2020-04-29 12:09:00,0.0069,0.0916,-0.0846
2020-04-29 12:08:00,-0.0265,0.081,-0.1075
2020-04-29 12:07:00,-0.0644,0.0634,-0.1278
2020-04-29 12:06:00,-0.0994,0.0442,-0.1436
2020-04-29 12:05:00,-0.1301,0.0246,-0.1547
2020-04-29 12:04:00,-0.1458,0.015,-0.1608
2020-04-29 12:03:00,-0.1588,0.0058,-0.1646
2020-04-29 12:02:00,-0.175,-0.009,-0.166
2020-04-29 12:01:00,-0.1815,-0.0177,-0.1638
2020-04-29 12:00:00,-0.1723,-0.0129,-0.1594
2020-04-29 11:59:00,-0.1556,0.0005,-0.1561
2020-04-29 11:58:00,-0.1437,0.0126,-0.1563
2020-04-29 11:57:00,-0.1315,0.0279,-0.1594
2020-04-29 11:56:00,-0.1425,0.0239,-0.1664
2020-04-29 11:55:00,-0.1484,0.024,-0.1724
2020-04-29 11:54:00,-0.1619,0.0165,-0.1784
2020-04-29 11:53:00,-0.1818,0.0006,-0.1825
2020-04-29 11:52:00,-0.1864,-0.0037,-0.1826
2020-04-29 11:51:00,-0.1792,0.0025,-0.1817
2020-04-29 11:50:00,-0.1879,-0.0056,-0.1823
2020-04-29 11:49:00,-0.2064,-0.0255,-0.1809
2020-04-29 11:48:00,-0.2087,-0.0341,-0.1746
2020-04-29 11:47:00,-0.1938,-0.0278,-0.166
2020-04-29 11:46:00,-0.1939,-0.0348,-0.1591
2020-04-29 11:45:00,-0.1881,-0.0377,-0.1504
2020-04-29 11:44:00,-0.1826,-0.0416,-0.1409
2020-04-29 11:43:00,-0.167,-0.0364,-0.1305
2020-04-29 11:42:00,-0.151,-0.0296,-0.1214
2020-04-29 11:41:00,-0.1346,-0.0205,-0.114
2020-04-29 11:40:00,-0.1157,-0.0068,-0.1089
2020-04-29 11:39:00,-0.121,-0.0138,-0.1072
2020-04-29 11:38:00,-0.1265,-0.0228,-0.1037
2020-04-29 11:37:00,-0.149,-0.0509,-0.098
2020-04-29 11:36:00,-0.1501,-0.0648,-0.0853
2020-04-29 11:35:00,-0.1167,-0.0476,-0.0691
2020-04-29 11:34:00,-0.106,-0.0488,-0.0572
2020-04-29 11:33:00,-0.0857,-0.0407,-0.045
2020-04-29 11:32:00,-0.08,-0.0451,-0.0348
2020-04-29 11:31:00,-0.0643,-0.0408,-0.0236
2020-04-29 11:30:00,-0.0485,-0.0352,-0.0134
2020-04-29 11:29:00,-0.0266,-0.022,-0.0046
2020-04-29 11:28:00,-0.0136,-0.0145,0.0009
2020-04-29 11:27:00,0.0094,0.0049,0.0046
2020-04-29 11:26:00,0.0233,0.02,0.0033
2020-04-29 11:25:00,0.0305,0.0321,-0.0017
2020-04-29 11:24:00,0.0362,0.0459,-0.0097
2020-04-29 11:23:00,0.0419,0.0631,-0.0212
2020-04-29 11:22:00,0.0334,0.0703,-0.0369
2020-04-29 11:21:00,-0.0106,0.044,-0.0545
2020-04-29 11:20:00,-0.0411,0.0244,-0.0655
2020-04-29 11:19:00,-0.0427,0.0289,-0.0716
2020-04-29 11:18:00,-0.0488,0.0301,-0.0788
2020-04-29 11:17:00,-0.0472,0.0392,-0.0864
2020-04-29 11:16:00,-0.0546,0.0415,-0.0961
2020-04-29 11:15:00,-0.0735,0.033,-0.1065
2020-04-29 11:14:00,-0.0905,0.0243,-0.1148
2020-04-29 11:13:00,-0.0996,0.0213,-0.1209
2020-04-29 11:12:00,-0.121,0.0052,-0.1262
2020-04-29 11:11:00,-0.1354,-0.0079,-0.1275
2020-04-29 11:10:00,-0.1415,-0.016,-0.1255
2020-04-29 11:09:00,-0.1504,-0.0289,-0.1215
2020-04-29 11:08:00,-0.1504,-0.0361,-0.1143
2020-04-29 11:07:00,-0.142,-0.0368,-0.1052
2020-04-29 11:06:00,-0.1471,-0.0511,-0.096
2020-04-29 11:05:00,-0.15,-0.0668,-0.0832
2020-04-29 11:04:00,-0.1321,-0.0656,-0.0665
2020-04-29 11:03:00,-0.0998,-0.0496,-0.0502
2020-04-29 11:02:00,-0.1002,-0.0625,-0.0378
2020-04-29 11:01:00,-0.0831,-0.061,-0.0221
2020-04-29 11:00:00,-0.0723,-0.0654,-0.0069
2020-04-29 10:59:00,-0.033,-0.0425,0.0095
2020-04-29 10:58:00,-0.0088,-0.0289,0.0201
2020-04-29 10:57:00,0.0154,-0.012,0.0273
2020-04-29 10:56:00,0.0192,-0.0111,0.0303
2020-04-29 10:55:00,-0.0005,-0.0336,0.0331
2020-04-29 10:54:00,-0.0146,-0.0561,0.0415
2020-04-29 10:53:00,-0.0252,-0.0807,0.0555
2020-04-29 10:52:00,-0.02,-0.0956,0.0757
2020-04-29 10:51:00,0.0103,-0.0892,0.0996
2020-04-29 10:50:00,0.0336,-0.0883,0.1219
2020-04-29 10:49:00,0.0733,-0.0706,0.1439
2020-04-29 10:48:00,0.0901,-0.0715,0.1616
2020-04-29 10:47:00,0.104,-0.0755,0.1795
2020-04-29 10:46:00,0.1274,-0.071,0.1984
2020-04-29 10:45:00,0.1629,-0.0532,0.2161
2020-04-29 10:44:00,0.2065,-0.0229,0.2294
2020-04-29 10:43:00,0.2205,-0.0146,0.2351
2020-04-29 10:42:00,0.229,-0.0098,0.2388
2020-04-29 10:41:00,0.2286,-0.0127,0.2412
2020-04-29 10:40:00,0.2205,-0.0239,0.2444
2020-04-29 10:39:00,0.2364,-0.014,0.2504
2020-04-29 10:38:00,0.2813,0.0275,0.2539
2020-04-29 10:37:00,0.2959,0.0489,0.247
2020-04-29 10:36:00,0.2648,0.03,0.2348
2020-04-29 10:35:00,0.2437,0.0165,0.2273
2020-04-29 10:34:00,0.2452,0.022,0.2232
2020-04-29 10:33:00,0.2361,0.0184,0.2177
2020-04-29 10:32:00,0.224,0.011,0.2131
2020-04-29 10:31:00,0.2089,-0.0014,0.2103
2020-04-29 10:30:00,0.1749,-0.0358,0.2107
2020-04-29 10:29:00,0.1574,-0.0622,0.2196
2020-04-29 10:28:00,0.1687,-0.0665,0.2352
2020-04-29 10:27:00,0.1774,-0.0744,0.2518
2020-04-29 10:26:00,0.1838,-0.0866,0.2704
2020-04-29 10:25:00,0.1945,-0.0976,0.292
2020-04-29 10:24:00,0.2205,-0.096,0.3164
2020-04-29 10:23:00,0.2365,-0.1039,0.3404
2020-04-29 10:22:00,0.2512,-0.1152,0.3664
2020-04-29 10:21:00,0.2663,-0.1289,0.3952
2020-04-29 10:20:00,0.299,-0.1284,0.4274
2020-04-29 10:19:00,0.3578,-0.1017,0.4595
2020-04-29 10:18:00,0.3758,-0.1092,0.485
2020-04-29 10:17:00,0.385,-0.1273,0.5123
2020-04-29 10:16:00,0.3964,-0.1477,0.5441
2020-04-29 10:15:00,0.4122,-0.1689,0.581
2020-04-29 10:14:00,0.4354,-0.1878,0.6232
2020-04-29 10:13:00,0.4548,-0.2154,0.6702
2020-04-29 10:12:00,0.476,-0.2481,0.7241
2020-04-29 10:11:00,0.5128,-0.2733,0.7861
2020-04-29 10:10:00,0.5483,-0.3061,0.8544
2020-04-29 10:09:00,0.6045,-0.3264,0.9309
2020-04-29 10:08:00,0.6512,-0.3613,1.0125
2020-04-29 10:07:00,0.7329,-0.37,1.1029
2020-04-29 10:06:00,0.8239,-0.3715,1.1953
2020-04-29 10:05:00,0.9286,-0.3596,1.2882
2020-04-29 10:04:00,1.0314,-0.3467,1.3781
2020-04-29 10:03:00,1.1446,-0.3203,1.4648
2020-04-29 10:02:00,1.2825,-0.2623,1.5449
2020-04-29 10:01:00,1.3881,-0.2224,1.6105
2020-04-29 10:00:00,1.4394,-0.2266,1.6661
2020-04-29 09:59:00,1.4698,-0.2529,1.7227
2020-04-29 09:58:00,1.5086,-0.2773,1.786
2020-04-29 09:57:00,1.5576,-0.2977,1.8553
2020-04-29 09:56:00,1.6422,-0.2875,1.9297
2020-04-29 09:55:00,1.7757,-0.2259,2.0016
2020-04-29 09:54:00,1.9101,-0.148,2.0581
2020-04-29 09:53:00,1.9922,-0.1029,2.0951
2020-04-29 09:52:00,2.0879,-0.0329,2.1208
2020-04-29 09:51:00,2.1185,-0.0105,2.129
2020-04-29 09:50:00,2.1396,0.0079,2.1316
2020-04-29 09:49:00,2.1547,0.025,2.1297
2020-04-29 09:48:00,2.1711,0.0477,2.1234
2020-04-29 09:47:00,2.1595,0.048,2.1115
2020-04-29 09:46:00,2.1673,0.0678,2.0995
2020-04-29 09:45:00,2.166,0.0835,2.0825
2020-04-29 09:44:00,2.1706,0.1089,2.0616
2020-04-29 09:43:00,2.2263,0.1919,2.0344
2020-04-29 09:42:00,2.2914,0.305,1.9865
2020-04-29 09:41:00,2.3489,0.4387,1.9102
2020-04-29 09:40:00,2.3429,0.5423,1.8005
2020-04-29 09:39:00,2.3417,0.6768,1.6649
2020-04-29 09:38:00,2.3006,0.8049,1.4957
2020-04-29 09:37:00,2.2417,0.9472,1.2945
2020-04-29 09:36:00,2.0433,0.9856,1.0577
2020-04-29 09:35:00,1.8275,1.0162,0.8113
2020-04-29 09:34:00,1.5603,1.003,0.5572
2020-04-29 09:33:00,1.2213,0.9148,0.3065
2020-04-29 09:32:00,0.8607,0.7829,0.0778
2020-04-29 09:31:00,0.4014,0.5194,-0.1179
2020-04-28 16:00:00,-0.2161,0.0317,-0.2478
2020-04-28 15:59:00,-0.2181,0.0376,-0.2557
2020-04-28 15:58:00,-0.2501,0.015,-0.2651
2020-04-28 15:57:00,-0.2687,0.0001,-0.2689
2020-04-28 15:56:00,-0.2939,-0.025,-0.2689
2020-04-28 15:55:00,-0.3157,-0.0531,-0.2627
2020-04-28 15:54:00,-0.3094,-0.06,-0.2494
2020-04-28 15:53:00,-0.2989,-0.0645,-0.2344
2020-04-28 15:52:00,-0.2677,-0.0495,-0.2182
2020-04-28 15:51:00,-0.2486,-0.0427,-0.2059
2020-04-28 15:50:00,-0.246,-0.0508,-0.1952
2020-04-28 15:49:00,-0.233,-0.0505,-0.1825
2020-04-28 15:48:00,-0.2253,-0.0554,-0.1699
2020-04-28 15:47:00,-0.2102,-0.0542,-0.156
2020-04-28 15:46:00,-0.1827,-0.0402,-0.1425
2020-04-28 15:45:00,-0.1735,-0.0411,-0.1324
2020-04-28 15:44:00,-0.1526,-0.0305,-0.1221
2020-04-28 15:43:00,-0.1222,-0.0077,-0.1145
2020-04-28 15:42:00,-0.1019,0.0107,-0.1126
2020-04-28 15:41:00,-0.094,0.0213,-0.1153
2020-04-28 15:40:00,-0.0972,0.0234,-0.1206
2020-04-28 15:39:00,-0.1157,0.0108,-0.1265
2020-04-28 15:38:00,-0.1305,-0.0013,-0.1292
2020-04-28 15:37:00,-0.1515,-0.0227,-0.1288
2020-04-28 15:36:00,-0.1497,-0.0265,-0.1232
2020-04-28 15:35:00,-0.1386,-0.022,-0.1165
2020-04-28 15:34:00,-0.128,-0.0169,-0.111
2020-04-28 15:33:00,-0.1166,-0.0097,-0.1068
2020-04-28 15:32:00,-0.1111,-0.0067,-0.1044
2020-04-28 15:31:00,-0.0968,0.0059,-0.1027
2020-04-28 15:30:00,-0.0936,0.0106,-0.1042
2020-04-28 15:29:00,-0.1033,0.0035,-0.1068
2020-04-28 15:28:00,-0.1138,-0.0061,-0.1077
2020-04-28 15:27:00,-0.1249,-0.0187,-0.1062
2020-04-28 15:26:00,-0.1445,-0.043,-0.1015
2020-04-28 15:25:00,-0.158,-0.0673,-0.0908
2020-04-28 15:24:00,-0.1533,-0.0794,-0.0739
2020-04-28 15:23:00,-0.115,-0.0609,-0.0541
2020-04-28 15:22:00,-0.0716,-0.0327,-0.0389
2020-04-28 15:21:00,-0.0253,0.0054,-0.0307
2020-04-28 15:20:00,-0.0254,0.0067,-0.0321
2020-04-28 15:19:00,-0.0237,0.01,-0.0337
2020-04-28 15:18:00,-0.015,0.0212,-0.0363
2020-04-28 15:17:00,-0.0007,0.0409,-0.0416
2020-04-28 15:16:00,-0.0053,0.0465,-0.0518
2020-04-28 15:15:00,-0.0166,0.0468,-0.0634
2020-04-28 15:14:00,-0.0314,0.0437,-0.0751
2020-04-28 15:13:00,-0.0504,0.0357,-0.086
2020-04-28 15:12:00,-0.0626,0.0323,-0.095
2020-04-28 15:11:00,-0.0804,0.0227,-0.103
2020-04-28 15:10:00,-0.0917,0.017,-0.1087
2020-04-28 15:09:00,-0.0956,0.0173,-0.113
2020-04-28 15:08:00,-0.1003,0.017,-0.1173
2020-04-28 15:07:00,-0.1139,0.0076,-0.1216
2020-04-28 15:06:00,-0.1231,0.0004,-0.1235
2020-04-28 15:05:00,-0.1233,0.0003,-0.1236
2020-04-28 15:04:00,-0.1228,0.0009,-0.1236
2020-04-28 15:03:00,-0.1254,-0.0016,-0.1239
2020-04-28 15:02:00,-0.1372,-0.0137,-0.1235
2020-04-28 15:01:00,-0.1532,-0.0332,-0.12
2020-04-28 15:00:00,-0.1593,-0.0475,-0.1117
2020-04-28 14:59:00,-0.1693,-0.0695,-0.0999
2020-04-28 14:58:00,-0.1618,-0.0793,-0.0825
2020-04-28 14:57:00,-0.1458,-0.0831,-0.0627
2020-04-28 14:56:00,-0.112,-0.0701,-0.0419
2020-04-28 14:55:00,-0.0907,-0.0663,-0.0244
2020-04-28 14:54:00,-0.0565,-0.0487,-0.0078
2020-04-28 14:53:00,-0.034,-0.0384,0.0044
2020-04-28 14:52:00,-0.0069,-0.0209,0.014
2020-04-28 14:51:00,0.0137,-0.0056,0.0192
2020-04-28 14:50:00,0.0173,-0.0033,0.0206
2020-04-28 14:49:00,0.0237,0.0022,0.0214
2020-04-28 14:48:00,0.0365,0.0157,0.0209
2020-04-28 14:47:00,0.0408,0.0238,0.017
2020-04-28 14:46:00,0.0364,0.0254,0.011
2020-04-28 14:45:00,0.0384,0.0337,0.0047
2020-04-28 14:44:00,0.0389,0.0427,-0.0037
2020-04-28 14:43:00,0.0213,0.0357,-0.0144
2020-04-28 14:42:00,-0.0021,0.0212,-0.0233
2020-04-28 14:41:00,-0.0157,0.0129,-0.0287
2020-04-28 14:40:00,-0.0308,0.0011,-0.0319
2020-04-28 14:39:00,-0.0323,-0.0001,-0.0322
2020-04-28 14:38:00,-0.0347,-0.0026,-0.0321
2020-04-28 14:37:00,-0.0333,-0.0018,-0.0315
2020-04-28 14:36:00,-0.0162,0.0149,-0.031
2020-04-28 14:35:00,-0.016,0.0187,-0.0348
2020-04-28 14:34:00,-0.0268,0.0127,-0.0394
2020-04-28 14:33:00,-0.0436,-0.001,-0.0426
2020-04-28 14:32:00,-0.0539,-0.0115,-0.0424
2020-04-28 14:31:00,-0.059,-0.0195,-0.0395
2020-04-28 14:30:00,-0.0562,-0.0216,-0.0346
2020-04-28 14:29:00,-0.0476,-0.0184,-0.0292
2020-04-28 14:28:00,-0.0343,-0.0097,-0.0246
2020-04-28 14:27:00,-0.0271,-0.005,-0.0222
2020-04-28 14:26:00,-0.0277,-0.0068,-0.0209
2020-04-28 14:25:00,-0.0332,-0.014,-0.0192
2020-04-28 14:24:00,-0.0285,-0.0128,-0.0157
2020-04-28 14:23:00,-0.0169,-0.0044,-0.0125
2020-04-28 14:22:00,-0.0076,0.0039,-0.0114
2020-04-28 14:21:00,-0.0036,0.0087,-0.0124
2020-04-28 14:20:00,-0.0113,0.0033,-0.0146
2020-04-28 14:19:00,-0.022,-0.0066,-0.0154
2020-04-28 14:18:00,-0.0403,-0.0266,-0.0137
2020-04-28 14:17:00,-0.0438,-0.0367,-0.0071
2020-04-28 14:16:00,-0.04,-0.0421,0.0021
2020-04-28 14:15:00,-0.0259,-0.0385,0.0126
2020-04-28 14:14:00,-0.0187,-0.0409,0.0222
2020-04-28 14:13:00,-0.0113,-0.0437,0.0324
2020-04-28 14:12:00,-0.0078,-0.0512,0.0434
2020-04-28 14:11:00,0.0008,-0.0553,0.0561
2020-04-28 14:10:00,0.0155,-0.0544,0.07
2020-04-28 14:09:00,0.0396,-0.044,0.0836
2020-04-28 14:08:00,0.0666,-0.028,0.0946
2020-04-28 14:07:00,0.094,-0.0076,0.1016
2020-04-28 14:06:00,0.1033,-0.0001,0.1035
2020-04-28 14:05:00,0.1106,0.0071,0.1035
2020-04-28 14:04:00,0.108,0.0062,0.1017
2020-04-28 14:03:00,0.1082,0.008,0.1002
2020-04-28 14:02:00,0.1171,0.0189,0.0982
2020-04-28 14:01:00,0.1092,0.0157,0.0934
2020-04-28 14:00:00,0.0986,0.0091,0.0895
2020-04-28 13:59:00,0.0991,0.0119,0.0872
2020-04-28 13:58:00,0.1116,0.0273,0.0843
2020-04-28 13:57:00,0.1111,0.0337,0.0774
2020-04-28 13:56:00,0.1053,0.0363,0.069
2020-04-28 13:55:00,0.0968,0.0369,0.06
2020-04-28 13:54:00,0.0882,0.0375,0.0507
2020-04-28 13:53:00,0.0835,0.0421,0.0414
2020-04-28 13:52:00,0.0715,0.0407,0.0308
2020-04-28 13:51:00,0.0595,0.0388,0.0207
2020-04-28 13:50:00,0.0433,0.0323,0.011
2020-04-28 13:49:00,0.0352,0.0323,0.0029
2020-04-28 13:48:00,0.0305,0.0357,-0.0052
2020-04-28 13:47:00,0.0128,0.0269,-0.0141
2020-04-28 13:46:00,-0.0035,0.0174,-0.0208
2020-04-28 13:45:00,-0.0052,0.02,-0.0252
2020-04-28 13:44:00,-0.0145,0.0157,-0.0302
2020-04-28 13:43:00,-0.0251,0.009,-0.0341
2020-04-28 13:42:00,-0.025,0.0113,-0.0364
2020-04-28 13:41:00,-0.0286,0.0106,-0.0392
2020-04-28 13:40:00,-0.0369,0.0049,-0.0418
2020-04-28 13:39:00,-0.0347,0.0084,-0.0431
2020-04-28 13:38:00,-0.0487,-0.0036,-0.0452
2020-04-28 13:37:00,-0.0537,-0.0094,-0.0443
2020-04-28 13:36:00,-0.049,-0.0071,-0.0419
2020-04-28 13:35:00,-0.0464,-0.0063,-0.0401
2020-04-28 13:34:00,-0.0428,-0.0043,-0.0386
2020-04-28 13:33:00,-0.0393,-0.0018,-0.0375
2020-04-28 13:32:00,-0.0535,-0.0165,-0.0371
2020-04-28 13:31:00,-0.0577,-0.0247,-0.0329
2020-04-28 13:30:00,-0.0459,-0.0191,-0.0268
2020-04-28 13:29:00,-0.0342,-0.0122,-0.022
2020-04-28 13:28:00,-0.03,-0.0111,-0.0189
2020-04-28 13:27:00,-0.0241,-0.0079,-0.0162
2020-04-28 13:26:00,-0.0122,0.002,-0.0142
2020-04-28 13:25:00,0.0061,0.0208,-0.0147
2020-04-28 13:24:00,-0.0011,0.0188,-0.0199
2020-04-28 13:23:00,-0.0051,0.0194,-0.0246
2020-04-28 13:22:00,-0.0144,0.0151,-0.0294
2020-04-28 13:21:00,-0.0239,0.0093,-0.0332
2020-04-28 13:20:00,-0.0489,-0.0134,-0.0355
2020-04-28 13:19:00,-0.0469,-0.0147,-0.0322
2020-04-28 13:18:00,-0.0486,-0.0201,-0.0285
2020-04-28 13:17:00,-0.0357,-0.0122,-0.0235
2020-04-28 13:16:00,-0.0277,-0.0073,-0.0205
2020-04-28 13:15:00,-0.0111,0.0076,-0.0187
2020-04-28 13:14:00,0.0042,0.0247,-0.0205
2020-04-28 13:13:00,0.0002,0.0269,-0.0267
2020-04-28 13:12:00,-0.0059,0.0276,-0.0335
2020-04-28 13:11:00,-0.0187,0.0217,-0.0404
2020-04-28 13:10:00,-0.026,0.0197,-0.0458
2020-04-28 13:09:00,-0.0244,0.0263,-0.0507
2020-04-28 13:08:00,-0.0311,0.0262,-0.0573
2020-04-28 13:07:00,-0.0304,0.0335,-0.0638
2020-04-28 13:06:00,-0.0399,0.0323,-0.0722
2020-04-28 13:05:00,-0.0474,0.0329,-0.0803
2020-04-28 13:04:00,-0.0623,0.0262,-0.0885
2020-04-28 13:03:00,-0.0724,0.0227,-0.0951
2020-04-28 13:02:00,-0.0831,0.0176,-0.1008
2020-04-28 13:01:00,-0.0916,0.0136,-0.1052
2020-04-28 13:00:00,-0.0949,0.0136,-0.1085
2020-04-28 12:59:00,-0.1008,0.0112,-0.112
2020-04-28 12:58:00,-0.1089,0.0058,-0.1147
2020-04-28 12:57:00,-0.1136,0.0025,-0.1162
2020-04-28 12:56:00,-0.1343,-0.0175,-0.1168
2020-04-28 12:55:00,-0.1445,-0.032,-0.1125
2020-04-28 12:54:00,-0.135,-0.0305,-0.1045
2020-04-28 12:53:00,-0.127,-0.0302,-0.0968
2020-04-28 12:52:00,-0.1237,-0.0344,-0.0893
2020-04-28 12:51:00,-0.1171,-0.0364,-0.0807
2020-04-28 12:50:00,-0.1049,-0.0334,-0.0716
2020-04-28 12:49:00,-0.1001,-0.0369,-0.0632
2020-04-28 12:48:00,-0.0915,-0.0375,-0.054
2020-04-28 12:47:00,-0.0781,-0.0335,-0.0446
2020-04-28 12:46:00,-0.0467,-0.0104,-0.0363
2020-04-28 12:45:00,-0.0226,0.0111,-0.0337
2020-04-28 12:44:00,-0.0175,0.0189,-0.0365
2020-04-28 12:43:00,-0.019,0.0222,-0.0412
2020-04-28 12:42:00,-0.0074,0.0393,-0.0467
2020-04-28 12:41:00,-0.0087,0.0478,-0.0566
2020-04-28 12:40:00,-0.0246,0.044,-0.0685
2020-04-28 12:39:00,-0.0292,0.0503,-0.0795
2020-04-28 12:38:00,-0.0443,0.0478,-0.0921
2020-04-28 12:37:00,-0.0573,0.0467,-0.1041
2020-04-28 12:36:00,-0.0792,0.0365,-0.1157
2020-04-28 12:35:00,-0.101,0.0239,-0.1249
2020-04-28 12:34:00,-0.1191,0.0117,-0.1308
2020-04-28 12:33:00,-0.1354,-0.0017,-0.1338
2020-04-28 12:32:00,-0.1298,0.0035,-0.1333
2020-04-28 12:31:00,-0.1315,0.0027,-0.1342
2020-04-28 12:30:00,-0.1292,0.0057,-0.1349
2020-04-28 12:29:00,-0.1468,-0.0105,-0.1363
2020-04-28 12:28:00,-0.1676,-0.0339,-0.1337
2020-04-28 12:27:00,-0.1759,-0.0506,-0.1252
2020-04-28 12:26:00,-0.1739,-0.0613,-0.1126
2020-04-28 12:25:00,-0.1615,-0.0643,-0.0973
2020-04-28 12:24:00,-0.1404,-0.0592,-0.0812
2020-04-28 12:23:00,-0.1175,-0.0511,-0.0664
2020-04-28 12:22:00,-0.1109,-0.0573,-0.0536
2020-04-28 12:21:00,-0.1051,-0.0658,-0.0393
2020-04-28 12:20:00,-0.095,-0.0721,-0.0229
2020-04-28 12:19:00,-0.0604,-0.0556,-0.0048
2020-04-28 12:18:00,-0.017,-0.026,0.0091
2020-04-28 12:17:00,0.0118,-0.0038,0.0156
2020-04-28 12:16:00,0.0178,0.0012,0.0165
2020-04-28 12:15:00,0.0542,0.038,0.0162
2020-04-28 12:14:00,0.0601,0.0534,0.0067
2020-04-28 12:13:00,0.0623,0.0689,-0.0066
2020-04-28 12:12:00,0.0646,0.0885,-0.0238
2020-04-28 12:11:00,0.0438,0.0898,-0.046
2020-04-28 12:10:00,0.0122,0.0806,-0.0684
2020-04-28 12:09:00,-0.0117,0.0768,-0.0885
2020-04-28 12:08:00,-0.0493,0.0585,-0.1077
2020-04-28 12:07:00,-0.1011,0.0213,-0.1224
2020-04-28 12:06:00,-0.1296,-0.0019,-0.1277
2020-04-28 12:05:00,-0.1559,-0.0287,-0.1272
2020-04-28 12:04:00,-0.1627,-0.0427,-0.12
2020-04-28 12:03:00,-0.1596,-0.0503,-0.1094
2020-04-28 12:02:00,-0.1333,-0.0365,-0.0968
2020-04-28 12:01:00,-0.1217,-0.034,-0.0877
2020-04-28 12:00:00,-0.124,-0.0448,-0.0792
2020-04-28 11:59:00,-0.1097,-0.0417,-0.068
2020-04-28 11:58:00,-0.0828,-0.0253,-0.0575
2020-04-28 11:57:00,-0.082,-0.0308,-0.0512
2020-04-28 11:56:00,-0.0776,-0.0341,-0.0435
2020-04-28 11:55:00,-0.0811,-0.0462,-0.035
2020-04-28 11:54:00,-0.0855,-0.062,-0.0234
2020-04-28 11:53:00,-0.0948,-0.0869,-0.0079
2020-04-28 11:52:00,-0.083,-0.0968,0.0138
2020-04-28 11:51:00,-0.0524,-0.0904,0.038
2020-04-28 11:50:00,-0.0147,-0.0753,0.0606
2020-04-28 11:49:00,0.0031,-0.0763,0.0794
2020-04-28 11:48:00,0.0321,-0.0664,0.0985
2020-04-28 11:47:00,0.0532,-0.062,0.1151
2020-04-28 11:46:00,0.0773,-0.0533,0.1306
2020-04-28 11:45:00,0.0784,-0.0656,0.1439
2020-04-28 11:44:00,0.096,-0.0644,0.1603
2020-04-28 11:43:00,0.1303,-0.0461,0.1764
2020-04-28 11:42:00,0.1482,-0.0397,0.188
2020-04-28 11:41:00,0.1614,-0.0365,0.1979
2020-04-28 11:40:00,0.188,-0.019,0.207
2020-04-28 11:39:00,0.205,-0.0067,0.2118
2020-04-28 11:38:00,0.2309,0.0174,0.2134
2020-04-28 11:37:00,0.2402,0.0311,0.2091
2020-04-28 11:36:00,0.2465,0.0452,0.2013
2020-04-28 11:35:00,0.2479,0.0579,0.19
2020-04-28 11:34:00,0.2573,0.0818,0.1755
2020-04-28 11:33:00,0.2584,0.1034,0.1551
2020-04-28 11:32:00,0.2378,0.1086,0.1293
2020-04-28 11:31:00,0.2172,0.1151,0.1021
2020-04-28 11:30:00,0.1806,0.1072,0.0733
2020-04-28 11:29:00,0.1495,0.103,0.0465
2020-04-28 11:28:00,0.1057,0.0849,0.0208
2020-04-28 11:27:00,0.0645,0.0649,-0.0004
2020-04-28 11:26:00,0.0364,0.0531,-0.0167
2020-04-28 11:25:00,0.0067,0.0367,-0.0299
2020-04-28 11:24:00,-0.0227,0.0165,-0.0391
2020-04-28 11:23:00,-0.0417,0.0015,-0.0432
2020-04-28 11:22:00,-0.053,-0.0094,-0.0436
2020-04-28 11:21:00,-0.0595,-0.0183,-0.0412
2020-04-28 11:20:00,-0.0456,-0.0089,-0.0367
2020-04-28 11:19:00,-0.0363,-0.0019,-0.0344
2020-04-28 11:18:00,-0.025,0.009,-0.034
2020-04-28 11:17:00,-0.0121,0.0241,-0.0362
2020-04-28 11:16:00,-0.0149,0.0273,-0.0422
2020-04-28 11:15:00,-0.0213,0.0278,-0.049
2020-04-28 11:14:00,-0.0159,0.0401,-0.056
2020-04-28 11:13:00,-0.0047,0.0613,-0.066
2020-04-28 11:12:00,-0.0138,0.0675,-0.0813
2020-04-28 11:11:00,-0.0002,0.098,-0.0982
2020-04-28 11:10:00,-0.0068,0.1159,-0.1227
2020-04-28 11:09:00,-0.0396,0.1121,-0.1517
2020-04-28 11:08:00,-0.0788,0.1009,-0.1797
2020-04-28 11:07:00,-0.1338,0.0711,-0.2049
2020-04-28 11:06:00,-0.1797,0.043,-0.2227
2020-04-28 11:05:00,-0.2021,0.0313,-0.2334
2020-04-28 11:04:00,-0.2259,0.0153,-0.2412
2020-04-28 11:03:00,-0.2517,-0.0067,-0.245
2020-04-28 11:02:00,-0.2708,-0.0275,-0.2434
2020-04-28 11:01:00,-0.2822,-0.0456,-0.2365
2020-04-28 11:00:00,-0.2882,-0.0631,-0.2251
2020-04-28 10:59:00,-0.2891,-0.0797,-0.2093
2020-04-28 10:58:00,-0.2512,-0.0618,-0.1894
2020-04-28 10:57:00,-0.2205,-0.0466,-0.1739
2020-04-28 10:56:00,-0.1568,0.0055,-0.1623
2020-04-28 10:55:00,-0.1373,0.0263,-0.1637
2020-04-28 10:54:00,-0.1136,0.0567,-0.1703
2020-04-28 10:53:00,-0.1131,0.0713,-0.1844
2020-04-28 10:52:00,-0.1293,0.073,-0.2023
2020-04-28 10:51:00,-0.1648,0.0557,-0.2205
2020-04-28 10:50:00,-0.1879,0.0466,-0.2344
2020-04-28 10:49:00,-0.2207,0.0254,-0.2461
2020-04-28 10:48:00,-0.2492,0.0032,-0.2524
2020-04-28 10:47:00,-0.2453,0.0079,-0.2533
2020-04-28 10:46:00,-0.2398,0.0154,-0.2552
2020-04-28 10:45:00,-0.2507,0.0084,-0.2591
2020-04-28 10:44:00,-0.2304,0.0308,-0.2612
2020-04-28 10:43:00,-0.2124,0.0565,-0.2689
2020-04-28 10:42:00,-0.1975,0.0855,-0.283
2020-04-28 10:41:00,-0.203,0.1014,-0.3044
2020-04-28 10:40:00,-0.2137,0.116,-0.3297
2020-04-28 10:39:00,-0.2178,0.141,-0.3587
2020-04-28 10:38:00,-0.2365,0.1575,-0.394
2020-04-28 10:37:00,-0.2799,0.1534,-0.4333
2020-04-28 10:36:00,-0.3231,0.1486,-0.4717
2020-04-28 10:35:00,-0.3847,0.1241,-0.5088
2020-04-28 10:34:00,-0.4496,0.0902,-0.5399
2020-04-28 10:33:00,-0.5015,0.0609,-0.5624
2020-04-28 10:32:00,-0.5502,0.0274,-0.5777
2020-04-28 10:31:00,-0.5708,0.0137,-0.5845
2020-04-28 10:30:00,-0.599,-0.011,-0.5879
2020-04-28 10:29:00,-0.6533,-0.0682,-0.5852
2020-04-28 10:28:00,-0.6891,-0.121,-0.5681
2020-04-28 10:27:00,-0.7116,-0.1737,-0.5379
2020-04-28 10:26:00,-0.681,-0.1865,-0.4945
2020-04-28 10:25:00,-0.631,-0.1832,-0.4478
2020-04-28 10:24:00,-0.5856,-0.1835,-0.402
2020-04-28 10:23:00,-0.5475,-0.1914,-0.3561
2020-04-28 10:22:00,-0.5002,-0.1919,-0.3083
2020-04-28 10:21:00,-0.4305,-0.1702,-0.2603
2020-04-28 10:20:00,-0.3515,-0.1337,-0.2178
2020-04-28 10:19:00,-0.3006,-0.1162,-0.1843
2020-04-28 10:18:00,-0.2444,-0.0892,-0.1553
2020-04-28 10:17:00,-0.2098,-0.0768,-0.133
2020-04-28 10:16:00,-0.1841,-0.0703,-0.1138
2020-04-28 10:15:00,-0.1608,-0.0646,-0.0962
2020-04-28 10:14:00,-0.1156,-0.0355,-0.0801
2020-04-28 10:13:00,-0.0866,-0.0154,-0.0712
2020-04-28 10:12:00,-0.0929,-0.0256,-0.0673
2020-04-28 10:11:00,-0.0806,-0.0197,-0.0609
2020-04-28 10:10:00,-0.0453,0.0106,-0.056
2020-04-28 10:09:00,-0.0109,0.0478,-0.0586
2020-04-28 10:08:00,0.0149,0.0855,-0.0706
2020-04-28 10:07:00,-0.0063,0.0857,-0.092
2020-04-28 10:06:00,-0.0353,0.0781,-0.1134
2020-04-28 10:05:00,-0.0759,0.057,-0.1329
2020-04-28 10:04:00,-0.1124,0.0347,-0.1472
2020-04-28 10:03:00,-0.1126,0.0433,-0.1558
2020-04-28 10:02:00,-0.1243,0.0423,-0.1667
2020-04-28 10:01:00,-0.109,0.0682,-0.1772
2020-04-28 10:00:00,-0.1205,0.0738,-0.1943
2020-04-28 09:59:00,-0.1426,0.0702,-0.2127
2020-04-28 09:58:00,-0.1707,0.0596,-0.2303
2020-04-28 09:57:00,-0.2005,0.0447,-0.2452
2020-04-28 09:56:00,-0.2448,0.0116,-0.2564
2020-04-28 09:55:00,-0.2545,0.0047,-0.2593
2020-04-28 09:54:00,-0.2913,-0.0309,-0.2604
2020-04-28 09:53:00,-0.3162,-0.0635,-0.2527
2020-04-28 09:52:00,-0.3249,-0.0881,-0.2368
2020-04-28 09:51:00,-0.309,-0.0942,-0.2148
2020-04-28 09:50:00,-0.2887,-0.0975,-0.1913
2020-04-28 09:49:00,-0.2694,-0.1025,-0.1669
2020-04-28 09:48:00,-0.2072,-0.0659,-0.1413
2020-04-28 09:47:00,-0.1655,-0.0406,-0.1248
2020-04-28 09:46:00,-0.1475,-0.0328,-0.1147
2020-04-28 09:45:00,-0.1454,-0.0389,-0.1064
2020-04-28 09:44:00,-0.1323,-0.0356,-0.0967
2020-04-28 09:43:00,-0.1266,-0.0388,-0.0878
2020-04-28 09:42:00,-0.1052,-0.0271,-0.0781
2020-04-28 09:41:00,-0.0793,-0.008,-0.0714
2020-04-28 09:40:00,-0.0645,0.0048,-0.0694
2020-04-28 09:39:00,-0.0739,-0.0033,-0.0706
2020-04-28 09:38:00,-0.0658,0.004,-0.0697
2020-04-28 09:37:00,-0.0129,0.0578,-0.0707
2020-04-28 09:36:00,0.0163,0.1014,-0.0852
2020-04-28 09:35:00,0.0024,0.1129,-0.1105
2020-04-28 09:34:00,-0.0806,0.0582,-0.1388
2020-04-28 09:33:00,-0.142,0.0113,-0.1533
2020-04-28 09:32:00,-0.2117,-0.0555,-0.1561
2020-04-28 09:31:00,-0.2242,-0.082,-0.1423
2020-04-27 16:00:00,-0.2248,-0.103,-0.1218
2020-04-27 15:59:00,-0.1958,-0.0998,-0.096
2020-04-27 15:58:00,-0.164,-0.093,-0.0711
2020-04-27 15:57:00,-0.1333,-0.0855,-0.0478
2020-04-27 15:56:00,-0.1116,-0.0851,-0.0264
2020-04-27 15:55:00,-0.0705,-0.0653,-0.0052
2020-04-27 15:54:00,-0.046,-0.0572,0.0112
2020-04-27 15:53:00,-0.0355,-0.0609,0.0255
2020-04-27 15:52:00,-0.0042,-0.0449,0.0407
2020-04-27 15:51:00,0.0286,-0.0233,0.0519
2020-04-27 15:50:00,0.0467,-0.0111,0.0578
2020-04-27 15:49:00,0.0487,-0.0118,0.0605
2020-04-27 15:48:00,0.0574,-0.0061,0.0635
2020-04-27 15:47:00,0.0629,-0.0021,0.065
2020-04-27 15:46:00,0.0629,-0.0027,0.0655
2020-04-27 15:45:00,0.068,0.0018,0.0662
2020-04-27 15:44:00,0.0584,-0.0074,0.0657
2020-04-27 15:43:00,0.0533,-0.0143,0.0676
2020-04-27 15:42:00,0.0471,-0.024,0.0711
2020-04-27 15:41:00,0.0426,-0.0346,0.0772
2020-04-27 15:40:00,0.0545,-0.0313,0.0858
2020-04-27 15:39:00,0.0709,-0.0227,0.0936
2020-04-27 15:38:00,0.0639,-0.0354,0.0993
2020-04-27 15:37:00,0.068,-0.0401,0.1081
2020-04-27 15:36:00,0.0799,-0.0383,0.1182
2020-04-27 15:35:00,0.0865,-0.0412,0.1277
2020-04-27 15:34:00,0.1003,-0.0377,0.138
2020-04-27 15:33:00,0.1211,-0.0264,0.1475
2020-04-27 15:32:00,0.1535,-0.0006,0.1541
2020-04-27 15:31:00,0.1631,0.0088,0.1542
2020-04-27 15:30:00,0.1607,0.0087,0.152
2020-04-27 15:29:00,0.164,0.0141,0.1498
2020-04-27 15:28:00,0.1787,0.0324,0.1463
2020-04-27 15:27:00,0.1927,0.0544,0.1382
2020-04-27 15:26:00,0.1921,0.0675,0.1246
2020-04-27 15:25:00,0.1827,0.075,0.1077
2020-04-27 15:24:00,0.1692,0.0802,0.089
2020-04-27 15:23:00,0.1393,0.0704,0.0689
2020-04-27 15:22:00,0.1205,0.0692,0.0513
2020-04-27 15:21:00,0.1019,0.0679,0.034
2020-04-27 15:20:00,0.0685,0.0514,0.0171
2020-04-27 15:19:00,0.0422,0.038,0.0042
2020-04-27 15:18:00,0.0273,0.0326,-0.0053
2020-04-27 15:17:00,0.015,0.0285,-0.0134
2020-04-27 15:16:00,0.0022,0.0228,-0.0206
2020-04-27 15:15:00,-0.009,0.0172,-0.0263
2020-04-27 15:14:00,-0.009,0.0215,-0.0306
2020-04-27 15:13:00,-0.0181,0.0179,-0.036
2020-04-27 15:12:00,-0.0324,0.008,-0.0404
2020-04-27 15:11:00,-0.0472,-0.0047,-0.0424
2020-04-27 15:10:00,-0.0602,-0.019,-0.0413
2020-04-27 15:09:00,-0.0608,-0.0242,-0.0365
2020-04-27 15:08:00,-0.0656,-0.0352,-0.0305
2020-04-27 15:07:00,-0.0607,-0.0391,-0.0217
2020-04-27 15:06:00,-0.0353,-0.0234,-0.0119
2020-04-27 15:05:00,-0.0175,-0.0115,-0.0061
2020-04-27 15:04:00,-0.019,-0.0159,-0.0032
2020-04-27 15:03:00,-0.0268,-0.0276,0.0008
2020-04-27 15:02:00,-0.0211,-0.0288,0.0077
2020-04-27 15:01:00,-0.0043,-0.0192,0.0149
2020-04-27 15:00:00,0.006,-0.0137,0.0197
2020-04-27 14:59:00,0.0109,-0.0122,0.0231
2020-04-27 14:58:00,0.018,-0.0082,0.0261
2020-04-27 14:57:00,0.0226,-0.0055,0.0282
2020-04-27 14:56:00,0.0192,-0.0104,0.0296
2020-04-27 14:55:00,0.0247,-0.0075,0.0322
2020-04-27 14:54:00,0.0293,-0.0048,0.034
2020-04-27 14:53:00,0.0388,0.0035,0.0352
2020-04-27 14:52:00,0.0422,0.0079,0.0343
2020-04-27 14:51:00,0.046,0.0136,0.0324
2020-04-27 14:50:00,0.04,0.011,0.029
2020-04-27 14:49:00,0.0351,0.0088,0.0262
2020-04-27 14:48:00,0.0321,0.0081,0.024
2020-04-27 14:47:00,0.0389,0.0169,0.022
2020-04-27 14:46:00,0.0411,0.0233,0.0178
2020-04-27 14:45:00,0.0299,0.018,0.0119
2020-04-27 14:44:00,0.0306,0.0231,0.0074
2020-04-27 14:43:00,0.0258,0.0242,0.0017
2020-04-27 14:42:00,0.0184,0.0228,-0.0044
2020-04-27 14:41:00,0.0066,0.0167,-0.0101
2020-04-27 14:40:00,-0.0177,-0.0035,-0.0142
2020-04-27 14:39:00,-0.0241,-0.0107,-0.0134
2020-04-27 14:38:00,-0.042,-0.0313,-0.0107
2020-04-27 14:37:00,-0.0408,-0.038,-0.0029
2020-04-27 14:36:00,-0.0372,-0.0439,0.0066
2020-04-27 14:35:00,-0.0255,-0.0431,0.0176
2020-04-27 14:34:00,-0.0122,-0.0406,0.0284
2020-04-27 14:33:00,-0.0021,-0.0407,0.0385
2020-04-27 14:32:00,0.0072,-0.0415,0.0487
2020-04-27 14:31:00,0.0158,-0.0433,0.0591
2020-04-27 14:30:00,0.0465,-0.0235,0.0699
2020-04-27 14:29:00,0.0718,-0.004,0.0758
2020-04-27 14:28:00,0.085,0.0082,0.0768
2020-04-27 14:27:00,0.0901,0.0153,0.0748
2020-04-27 14:26:00,0.0933,0.0224,0.0709
2020-04-27 14:25:00,0.0889,0.0236,0.0653
2020-04-27 14:24:00,0.0861,0.0266,0.0594
2020-04-27 14:23:00,0.0883,0.0356,0.0528
2020-04-27 14:22:00,0.0838,0.0399,0.0439
2020-04-27 14:21:00,0.0707,0.0368,0.0339
2020-04-27 14:20:00,0.0622,0.0375,0.0247
2020-04-27 14:19:00,0.0534,0.0381,0.0153
2020-04-27 14:18:00,0.0512,0.0454,0.0058
2020-04-27 14:17:00,0.045,0.0506,-0.0056
2020-04-27 14:16:00,0.0334,0.0516,-0.0182
2020-04-27 14:15:00,0.013,0.0441,-0.0311
2020-04-27 14:14:00,-0.0051,0.037,-0.0421
2020-04-27 14:13:00,-0.0271,0.0242,-0.0514
2020-04-27 14:12:00,-0.0416,0.0158,-0.0574
2020-04-27 14:11:00,-0.0604,0.0009,-0.0614
2020-04-27 14:10:00,-0.074,-0.0124,-0.0616
2020-04-27 14:09:00,-0.0771,-0.0185,-0.0585
2020-04-27 14:08:00,-0.0721,-0.0182,-0.0539
2020-04-27 14:07:00,-0.0586,-0.0093,-0.0493
2020-04-27 14:06:00,-0.0487,-0.0017,-0.047
2020-04-27 14:05:00,-0.0368,0.0098,-0.0466
2020-04-27 14:04:00,-0.025,0.024,-0.049
2020-04-27 14:03:00,-0.0246,0.0304,-0.055
2020-04-27 14:02:00,-0.0206,0.042,-0.0626
2020-04-27 14:01:00,-0.0378,0.0353,-0.0731
2020-04-27 14:00:00,-0.0569,0.025,-0.0819
2020-04-27 13:59:00,-0.0612,0.0269,-0.0882
2020-04-27 13:58:00,-0.0674,0.0275,-0.0949
2020-04-27 13:57:00,-0.0735,0.0283,-0.1018
2020-04-27 13:56:00,-0.0916,0.0172,-0.1089
2020-04-27 13:55:00,-0.1155,-0.0024,-0.1132
2020-04-27 13:54:00,-0.1192,-0.0066,-0.1126
2020-04-27 13:53:00,-0.1157,-0.0048,-0.1109
2020-04-27 13:52:00,-0.1146,-0.0049,-0.1097
2020-04-27 13:51:00,-0.1025,0.006,-0.1085
2020-04-27 13:50:00,-0.1038,0.0062,-0.11
2020-04-27 13:49:00,-0.1085,0.0031,-0.1116
2020-04-27 13:48:00,-0.1155,-0.0032,-0.1123
2020-04-27 13:47:00,-0.1187,-0.0072,-0.1115
2020-04-27 13:46:00,-0.1272,-0.0175,-0.1097
2020-04-27 13:45:00,-0.1219,-0.0165,-0.1054
2020-04-27 13:44:00,-0.0971,0.0042,-0.1012
2020-04-27 13:43:00,-0.0793,0.023,-0.1023
2020-04-27 13:42:00,-0.0605,0.0475,-0.108
2020-04-27 13:41:00,-0.056,0.0639,-0.1199
2020-04-27 13:40:00,-0.0617,0.0743,-0.1359
2020-04-27 13:39:00,-0.0751,0.0794,-0.1545
2020-04-27 13:38:00,-0.0896,0.0847,-0.1743
2020-04-27 13:37:00,-0.1237,0.0718,-0.1955
2020-04-27 13:36:00,-0.1422,0.0713,-0.2134
2020-04-27 13:35:00,-0.1441,0.0871,-0.2313
2020-04-27 13:34:00,-0.1618,0.0912,-0.253
2020-04-27 13:33:00,-0.179,0.0968,-0.2758
2020-04-27 13:32:00,-0.1994,0.1007,-0.3
2020-04-27 13:31:00,-0.2311,0.0941,-0.3252
2020-04-27 13:30:00,-0.2816,0.0672,-0.3487
2020-04-27 13:29:00,-0.3279,0.0377,-0.3655
2020-04-27 13:28:00,-0.3671,0.0079,-0.375
2020-04-27 13:27:00,-0.3823,-0.0054,-0.3769
2020-04-27 13:26:00,-0.4073,-0.0317,-0.3756
2020-04-27 13:25:00,-0.4221,-0.0545,-0.3676
2020-04-27 13:24:00,-0.4166,-0.0626,-0.354
2020-04-27 13:23:00,-0.4045,-0.0661,-0.3384
2020-04-27 13:22:00,-0.3915,-0.0696,-0.3218
2020-04-27 13:21:00,-0.366,-0.0615,-0.3044
2020-04-27 13:20:00,-0.3535,-0.0644,-0.2891
2020-04-27 13:19:00,-0.331,-0.0581,-0.2729
2020-04-27 13:18:00,-0.3112,-0.0528,-0.2584
2020-04-27 13:17:00,-0.3068,-0.0616,-0.2452
2020-04-27 13:16:00,-0.2957,-0.0658,-0.2298
2020-04-27 13:15:00,-0.2695,-0.0561,-0.2134
2020-04-27 13:14:00,-0.2582,-0.0588,-0.1993
2020-04-27 13:13:00,-0.2328,-0.0482,-0.1846
2020-04-27 13:12:00,-0.2256,-0.053,-0.1726
2020-04-27 13:11:00,-0.1938,-0.0345,-0.1593
2020-04-27 13:10:00,-0.1728,-0.0221,-0.1507
2020-04-27 13:09:00,-0.1663,-0.0211,-0.1452
2020-04-27 13:08:00,-0.1695,-0.0295,-0.1399
2020-04-27 13:07:00,-0.1689,-0.0364,-0.1326
2020-04-27 13:06:00,-0.1719,-0.0484,-0.1235
2020-04-27 13:05:00,-0.1701,-0.0587,-0.1114
2020-04-27 13:04:00,-0.1613,-0.0646,-0.0967
2020-04-27 13:03:00,-0.1406,-0.06,-0.0805
2020-04-27 13:02:00,-0.119,-0.0535,-0.0655
2020-04-27 13:01:00,-0.0889,-0.0367,-0.0521
2020-04-27 13:00:00,-0.0798,-0.0368,-0.043
2020-04-27 12:59:00,-0.069,-0.0352,-0.0338
2020-04-27 12:58:00,-0.042,-0.017,-0.025
2020-04-27 12:57:00,-0.0363,-0.0156,-0.0207
2020-04-27 12:56:00,-0.0348,-0.018,-0.0168
2020-04-27 12:55:00,-0.0313,-0.019,-0.0123
2020-04-27 12:54:00,-0.0154,-0.0078,-0.0076
2020-04-27 12:53:00,-0.01,-0.0044,-0.0056
2020-04-27 12:52:00,-0.0039,0.0006,-0.0045
2020-04-27 12:51:00,-0.0059,-0.0013,-0.0047
2020-04-27 12:50:00,-0.0251,-0.0208,-0.0044
2020-04-27 12:49:00,-0.0228,-0.0237,0.0008
2020-04-27 12:48:00,-0.0307,-0.0375,0.0068
2020-04-27 12:47:00,-0.0316,-0.0477,0.0161
2020-04-27 12:46:00,-0.0084,-0.0365,0.0281
2020-04-27 12:45:00,0.0244,-0.0128,0.0372
2020-04-27 12:44:00,0.0404,0.0,0.0404
2020-04-27 12:43:00,0.0547,0.0143,0.0404
2020-04-27 12:42:00,0.0563,0.0195,0.0368
2020-04-27 12:41:00,0.0749,0.043,0.0319
2020-04-27 12:40:00,0.0976,0.0764,0.0211
2020-04-27 12:39:00,0.1037,0.1017,0.002
2020-04-27 12:38:00,0.0962,0.1196,-0.0234
2020-04-27 12:37:00,0.0808,0.134,-0.0533
2020-04-27 12:36:00,0.0578,0.1446,-0.0868
2020-04-27 12:35:00,0.0103,0.1332,-0.1229
2020-04-27 12:34:00,-0.0334,0.1229,-0.1562
2020-04-27 12:33:00,-0.0782,0.1087,-0.187
2020-04-27 12:32:00,-0.1231,0.091,-0.2141
2020-04-27 12:31:00,-0.1657,0.0712,-0.2369
2020-04-27 12:30:00,-0.195,0.0597,-0.2547
2020-04-27 12:29:00,-0.2269,0.0427,-0.2696
2020-04-27 12:28:00,-0.235,0.0453,-0.2803
2020-04-27 12:27:00,-0.2382,0.0534,-0.2916
2020-04-27 12:26:00,-0.246,0.059,-0.3049
2020-04-27 12:25:00,-0.2482,0.0715,-0.3197
2020-04-27 12:24:00,-0.2699,0.0677,-0.3376
2020-04-27 12:23:00,-0.2727,0.0818,-0.3545
2020-04-27 12:22:00,-0.2668,0.1082,-0.3749
2020-04-27 12:21:00,-0.2817,0.1203,-0.402
2020-04-27 12:20:00,-0.3075,0.1245,-0.432
2020-04-27 12:19:00,-0.3649,0.0983,-0.4632
2020-04-27 12:18:00,-0.4196,0.0681,-0.4877
2020-04-27 12:17:00,-0.4589,0.0458,-0.5048
2020-04-27 12:16:00,-0.4739,0.0423,-0.5162
2020-04-27 12:15:00,-0.5045,0.0223,-0.5268
2020-04-27 12:14:00,-0.5472,-0.0148,-0.5324
2020-04-27 12:13:00,-0.5338,-0.0051,-0.5287
2020-04-27 12:12:00,-0.537,-0.0095,-0.5274
2020-04-27 12:11:00,-0.5388,-0.0138,-0.525
2020-04-27 12:10:00,-0.5293,-0.0077,-0.5216
2020-04-27 12:09:00,-0.5267,-0.007,-0.5197
2020-04-27 12:08:00,-0.5509,-0.033,-0.5179
2020-04-27 12:07:00,-0.5814,-0.0717,-0.5097
2020-04-27 12:06:00,-0.6082,-0.1165,-0.4918
2020-04-27 12:05:00,-0.5935,-0.1308,-0.4627
2020-04-27 12:04:00,-0.5439,-0.114,-0.4299
2020-04-27 12:03:00,-0.4765,-0.075,-0.4015
2020-04-27 12:02:00,-0.411,-0.0283,-0.3827
2020-04-27 12:01:00,-0.3775,-0.0019,-0.3756
2020-04-27 12:00:00,-0.3567,0.0185,-0.3751
2020-04-27 11:59:00,-0.3646,0.0151,-0.3798
2020-04-27 11:58:00,-0.3674,0.0161,-0.3836
2020-04-27 11:57:00,-0.41,-0.0224,-0.3876
2020-04-27 11:56:00,-0.4466,-0.0646,-0.382
2020-04-27 11:55:00,-0.4756,-0.1098,-0.3658
2020-04-27 11:54:00,-0.4702,-0.1318,-0.3384
2020-04-27 11:53:00,-0.4429,-0.1375,-0.3054
2020-04-27 11:52:00,-0.3866,-0.1156,-0.271
2020-04-27 11:51:00,-0.3295,-0.0873,-0.2422
2020-04-27 11:50:00,-0.2884,-0.068,-0.2203
2020-04-27 11:49:00,-0.2429,-0.0396,-0.2033
2020-04-27 11:48:00,-0.214,-0.0206,-0.1934
2020-04-27 11:47:00,-0.1863,0.002,-0.1882
2020-04-27 11:46:00,-0.1706,0.0182,-0.1887
2020-04-27 11:45:00,-0.1673,0.026,-0.1933
2020-04-27 11:44:00,-0.174,0.0258,-0.1998
2020-04-27 11:43:00,-0.186,0.0202,-0.2062
2020-04-27 11:42:00,-0.2002,0.0111,-0.2113
2020-04-27 11:41:00,-0.22,-0.006,-0.214
2020-04-27 11:40:00,-0.237,-0.0244,-0.2126
2020-04-27 11:39:00,-0.2272,-0.0207,-0.2064
2020-04-27 11:38:00,-0.2358,-0.0346,-0.2013
2020-04-27 11:37:00,-0.2353,-0.0426,-0.1926
2020-04-27 11:36:00,-0.2256,-0.0436,-0.182
2020-04-27 11:35:00,-0.2302,-0.0592,-0.1711
2020-04-27 11:34:00,-0.2247,-0.0684,-0.1563
2020-04-27 11:33:00,-0.2134,-0.0742,-0.1392
2020-04-27 11:32:00,-0.1735,-0.0528,-0.1206
2020-04-27 11:31:00,-0.1403,-0.0329,-0.1074
2020-04-27 11:30:00,-0.154,-0.0548,-0.0992
2020-04-27 11:29:00,-0.1498,-0.0643,-0.0855
2020-04-27 11:28:00,-0.1429,-0.0735,-0.0694
2020-04-27 11:27:00,-0.1212,-0.0702,-0.051
2020-04-27 11:26:00,-0.0927,-0.0592,-0.0335
2020-04-27 11:25:00,-0.0592,-0.0405,-0.0187
2020-04-27 11:24:00,0.0038,0.0124,-0.0085
2020-04-27 11:23:00,0.0068,0.0184,-0.0116
2020-04-27 11:22:00,0.0166,0.0328,-0.0162
2020-04-27 11:21:00,0.0156,0.04,-0.0244
2020-04-27 11:20:00,0.0131,0.0476,-0.0344
2020-04-27 11:19:00,0.0016,0.048,-0.0463
2020-04-27 11:18:00,-0.0238,0.0346,-0.0583
2020-04-27 11:17:00,-0.046,0.0209,-0.067
2020-04-27 11:16:00,-0.0637,0.0085,-0.0722
2020-04-27 11:15:00,-0.0784,-0.0041,-0.0743
2020-04-27 11:14:00,-0.0694,0.0039,-0.0733
2020-04-27 11:13:00,-0.0681,0.0062,-0.0743
2020-04-27 11:12:00,-0.0771,-0.0013,-0.0758
2020-04-27 11:11:00,-0.0799,-0.0044,-0.0755
2020-04-27 11:10:00,-0.0864,-0.012,-0.0744
2020-04-27 11:09:00,-0.0796,-0.0082,-0.0714
2020-04-27 11:08:00,-0.0785,-0.0092,-0.0693
2020-04-27 11:07:00,-0.0657,0.0013,-0.067
2020-04-27 11:06:00,-0.0678,-0.0005,-0.0674
2020-04-27 11:05:00,-0.0685,-0.0013,-0.0672
2020-04-27 11:04:00,-0.0735,-0.0065,-0.0669
2020-04-27 11:03:00,-0.0859,-0.0206,-0.0653
2020-04-27 11:02:00,-0.0765,-0.0163,-0.0601
2020-04-27 11:01:00,-0.0598,-0.0038,-0.0561
2020-04-27 11:00:00,-0.0642,-0.0091,-0.0551
2020-04-27 10:59:00,-0.0597,-0.0068,-0.0528
2020-04-27 10:58:00,-0.0551,-0.004,-0.0511
2020-04-27 10:57:00,-0.0494,0.0007,-0.0501
2020-04-27 10:56:00,-0.0497,0.0007,-0.0503
2020-04-27 10:55:00,-0.0487,0.0018,-0.0505
2020-04-27 10:54:00,-0.0605,-0.0095,-0.0509
2020-04-27 10:53:00,-0.0665,-0.018,-0.0486
2020-04-27 10:52:00,-0.0626,-0.0185,-0.0441
2020-04-27 10:51:00,-0.0599,-0.0205,-0.0394
2020-04-27 10:50:00,-0.0732,-0.0389,-0.0343
2020-04-27 10:49:00,-0.083,-0.0584,-0.0246
2020-04-27 10:48:00,-0.0495,-0.0395,-0.01
2020-04-27 10:47:00,-0.0188,-0.0187,-0.0001
2020-04-27 10:46:00,0.0105,0.006,0.0045
2020-04-27 10:45:00,0.0384,0.0354,0.003
2020-04-27 10:44:00,0.0233,0.0291,-0.0058
2020-04-27 10:43:00,-0.0035,0.0096,-0.0131
2020-04-27 10:42:00,-0.0335,-0.0181,-0.0155
2020-04-27 10:41:00,-0.0623,-0.0513,-0.011
2020-04-27 10:40:00,-0.0604,-0.0622,0.0018
2020-04-27 10:39:00,-0.0569,-0.0743,0.0174
2020-04-27 10:38:00,-0.0356,-0.0715,0.036
2020-04-27 10:37:00,0.0187,-0.0352,0.0539
2020-04-27 10:36:00,0.0592,-0.0034,0.0627
2020-04-27 10:35:00,0.0772,0.0137,0.0635
2020-04-27 10:34:00,0.0922,0.0321,0.0601
2020-04-27 10:33:00,0.0728,0.0207,0.0521
2020-04-27 10:32:00,0.0454,-0.0014,0.0469
2020-04-27 10:31:00,0.0424,-0.0049,0.0473
2020-04-27 10:30:00,0.0288,-0.0197,0.0485
2020-04-27 10:29:00,0.0304,-0.023,0.0534
2020-04-27 10:28:00,0.0284,-0.0308,0.0591
2020-04-27 10:27:00,0.0468,-0.02,0.0668
2020-04-27 10:26:00,0.0345,-0.0374,0.0718
2020-04-27 10:25:00,0.0386,-0.0425,0.0812
2020-04-27 10:24:00,0.0536,-0.0382,0.0918
2020-04-27 10:23:00,0.0759,-0.0255,0.1014
2020-04-27 10:22:00,0.1054,-0.0024,0.1077
2020-04-27 10:21:00,0.1509,0.0426,0.1083
2020-04-27 10:20:00,0.1587,0.061,0.0977
2020-04-27 10:19:00,0.1683,0.0859,0.0824
2020-04-27 10:18:00,0.1481,0.0871,0.061
2020-04-27 10:17:00,0.1067,0.0675,0.0392
2020-04-27 10:16:00,0.0602,0.0379,0.0223
2020-04-27 10:15:00,0.0172,0.0044,0.0128
2020-04-27 10:14:00,-0.0022,-0.0139,0.0117
2020-04-27 10:13:00,-0.0127,-0.0279,0.0152
2020-04-27 10:12:00,-0.0178,-0.04,0.0222
2020-04-27 10:11:00,-0.0138,-0.046,0.0322
2020-04-27 10:10:00,-0.0177,-0.0614,0.0437
2020-04-27 10:09:00,-0.0197,-0.0787,0.0591
2020-04-27 10:08:00,-0.0119,-0.0907,0.0787
2020-04-27 10:07:00,0.0017,-0.0997,0.1014
2020-04-27 10:06:00,0.0323,-0.0941,0.1263
2020-04-27 10:05:00,0.0606,-0.0892,0.1499
2020-04-27 10:04:00,0.0716,-0.1006,0.1722
