date,MACD_Hist,MACD_Signal,MACD
2020-05-01 16:00:00,-0.0275,-0.2033,-0.2308
2020-05-01 15:59:00,-0.0607,-0.1964,-0.2571
2020-05-01 15:58:00,-0.0748,-0.1812,-0.256
2020-05-01 15:57:00,-0.0807,-0.1625,-0.2432
2020-05-01 15:56:00,-0.0789,-0.1424,-0.2213
2020-05-01 15:55:00,-0.0511,-0.1227,-0.1738
2020-05-01 15:54:00,-0.0273,-0.1099,-0.1371
2020-05-01 15:53:00,-0.0158,-0.1031,-0.1189
2020-05-01 15:52:00,-0.0141,-0.0991,-0.1132
2020-05-01 15:51:00,0.0025,-0.0956,-0.0931
2020-05-01 15:50:00,0.0178,-0.0962,-0.0784
2020-05-01 15:49:00,0.0087,-0.1007,-0.092
2020-05-01 15:48:00,0.006,-0.1028,-0.0968
2020-05-01 15:47:00,0.0028,-0.1043,-0.1016
2020-05-01 15:46:00,0.0091,-0.105,-0.096
2020-05-01 15:45:00,0.0015,-0.1073,-0.1058
2020-05-01 15:44:00,-0.005,-0.1077,-0.1127
2020-05-01 15:43:00,-0.0124,-0.1064,-0.1188
2020-05-01 15:42:00,-0.0124,-0.1033,-0.1158
2020-05-01 15:41:00,-0.012,-0.1002,-0.1122
2020-05-01 15:40:00,-0.0317,-0.0972,-0.129
2020-05-01 15:39:00,-0.0475,-0.0893,-0.1368
2020-05-01 15:38:00,-0.0474,-0.0774,-0.1248
2020-05-01 15:37:00,-0.0473,-0.0656,-0.1129
2020-05-01 15:36:00,-0.0551,-0.0537,-0.1088
2020-05-01 15:35:00,-0.059,-0.04,-0.0989
2020-05-01 15:34:00,-0.052,-0.0252,-0.0772
2020-05-01 15:33:00,-0.0621,-0.0122,-0.0744
2020-05-01 15:32:00,-0.0699,0.0033,-0.0666
2020-05-01 15:31:00,-0.0788,0.0208,-0.058
2020-05-01 15:30:00,-0.0936,0.0405,-0.0531
2020-05-01 15:29:00,-0.102,0.0639,-0.0382
2020-05-01 15:28:00,-0.101,0.0894,-0.0117
2020-05-01 15:27:00,-0.0928,0.1146,0.0218
2020-05-01 15:26:00,-0.0878,0.1378,0.05
2020-05-01 15:25:00,-0.063,0.1598,0.0968
2020-05-01 15:24:00,-0.0411,0.1755,0.1344
2020-05-01 15:23:00,-0.0135,0.1858,0.1723
2020-05-01 15:22:00,-0.0097,0.1892,0.1795
2020-05-01 15:21:00,0.0036,0.1916,0.1952
2020-05-01 15:20:00,0.0217,0.1907,0.2124
2020-05-01 15:19:00,0.0359,0.1853,0.2212
2020-05-01 15:18:00,0.0375,0.1763,0.2138
2020-05-01 15:17:00,0.0415,0.1669,0.2084
2020-05-01 15:16:00,0.0297,0.1565,0.1863
2020-05-01 15:15:00,0.0215,0.1491,0.1706
2020-05-01 15:14:00,0.0146,0.1437,0.1583
2020-05-01 15:13:00,0.0002,0.1401,0.1403
2020-05-01 15:12:00,-0.0187,0.14,0.1214
2020-05-01 15:11:00,-0.0157,0.1447,0.129
2020-05-01 15:10:00,-0.0086,0.1486,0.14
2020-05-01 15:09:00,-0.0018,0.1508,0.149
2020-05-01 15:08:00,0.012,0.1512,0.1633
2020-05-01 15:07:00,0.0177,0.1482,0.1659
2020-05-01 15:06:00,0.0364,0.1438,0.1802
2020-05-01 15:05:00,0.0539,0.1347,0.1886
2020-05-01 15:04:00,0.059,0.1212,0.1803
2020-05-01 15:03:00,0.0585,0.1065,0.165
2020-05-01 15:02:00,0.0482,0.0918,0.1401
2020-05-01 15:01:00,0.0377,0.0798,0.1174
2020-05-01 15:00:00,0.0281,0.0704,0.0984
2020-05-01 14:59:00,0.0253,0.0633,0.0886
2020-05-01 14:58:00,0.0127,0.057,0.0697
2020-05-01 14:57:00,0.0121,0.0538,0.066
2020-05-01 14:56:00,0.0033,0.0508,0.0541
2020-05-01 14:55:00,0.0035,0.05,0.0535
2020-05-01 14:54:00,0.0012,0.0491,0.0503
2020-05-01 14:53:00,0.0014,0.0488,0.0502
2020-05-01 14:52:00,0.0049,0.0485,0.0533
2020-05-01 14:51:00,0.0052,0.0472,0.0525
2020-05-01 14:50:00,0.0088,0.0459,0.0547
2020-05-01 14:49:00,0.0019,0.0437,0.0456
2020-05-01 14:48:00,-0.0049,0.0433,0.0384
2020-05-01 14:47:00,-0.0146,0.0445,0.0299
2020-05-01 14:46:00,-0.0176,0.0481,0.0305
2020-05-01 14:45:00,-0.0115,0.0525,0.0411
2020-05-01 14:44:00,-0.0055,0.0554,0.0499
2020-05-01 14:43:00,0.0047,0.0568,0.0615
2020-05-01 14:42:00,0.0096,0.0556,0.0652
2020-05-01 14:41:00,0.0076,0.0532,0.0608
2020-05-01 14:40:00,-0.0051,0.0513,0.0462
2020-05-01 14:39:00,-0.0134,0.0526,0.0391
2020-05-01 14:38:00,-0.0173,0.0559,0.0387
2020-05-01 14:37:00,-0.0146,0.0602,0.0456
2020-05-01 14:36:00,-0.013,0.0639,0.0508
2020-05-01 14:35:00,-0.0023,0.0671,0.0649
2020-05-01 14:34:00,0.0192,0.0677,0.0869
2020-05-01 14:33:00,0.0332,0.0629,0.0961
2020-05-01 14:32:00,0.037,0.0546,0.0916
2020-05-01 14:31:00,0.0383,0.0453,0.0836
2020-05-01 14:30:00,0.0485,0.0358,0.0843
2020-05-01 14:29:00,0.0429,0.0236,0.0666
2020-05-01 14:28:00,0.0388,0.0129,0.0517
2020-05-01 14:27:00,0.0373,0.0032,0.0405
2020-05-01 14:26:00,0.0354,-0.0061,0.0293
2020-05-01 14:25:00,0.0341,-0.015,0.0191
2020-05-01 14:24:00,0.0232,-0.0235,-0.0003
2020-05-01 14:23:00,0.0232,-0.0293,-0.0061
2020-05-01 14:22:00,0.021,-0.0351,-0.0141
2020-05-01 14:21:00,0.0194,-0.0404,-0.021
2020-05-01 14:20:00,0.0087,-0.0452,-0.0366
2020-05-01 14:19:00,0.0016,-0.0474,-0.0458
2020-05-01 14:18:00,-0.0023,-0.0478,-0.0501
2020-05-01 14:17:00,-0.0063,-0.0472,-0.0535
2020-05-01 14:16:00,-0.0124,-0.0457,-0.0581
2020-05-01 14:15:00,-0.0184,-0.0426,-0.061
2020-05-01 14:14:00,-0.0203,-0.038,-0.0583
2020-05-01 14:13:00,-0.0242,-0.0329,-0.057
2020-05-01 14:12:00,-0.0201,-0.0268,-0.0469
2020-05-01 14:11:00,-0.0065,-0.0218,-0.0283
2020-05-01 14:10:00,0.0028,-0.0202,-0.0173
2020-05-01 14:09:00,0.011,-0.0209,-0.0099
2020-05-01 14:08:00,0.0241,-0.0236,0.0005
2020-05-01 14:07:00,0.0291,-0.0297,-0.0006
2020-05-01 14:06:00,0.033,-0.0369,-0.004
2020-05-01 14:05:00,0.0248,-0.0452,-0.0204
2020-05-01 14:04:00,0.0143,-0.0514,-0.0371
2020-05-01 14:03:00,-0.0018,-0.0549,-0.0568
2020-05-01 14:02:00,-0.0042,-0.0545,-0.0587
2020-05-01 14:01:00,-0.0028,-0.0534,-0.0562
2020-05-01 14:00:00,0.0046,-0.0527,-0.0482
2020-05-01 13:59:00,-0.0006,-0.0539,-0.0545
2020-05-01 13:58:00,-0.0019,-0.0537,-0.0556
2020-05-01 13:57:00,-0.0006,-0.0533,-0.0539
2020-05-01 13:56:00,0.0029,-0.0531,-0.0502
2020-05-01 13:55:00,0.0029,-0.0538,-0.051
2020-05-01 13:54:00,0.0075,-0.0545,-0.0471
2020-05-01 13:53:00,0.015,-0.0564,-0.0414
2020-05-01 13:52:00,0.0082,-0.0601,-0.052
2020-05-01 13:51:00,-0.0054,-0.0622,-0.0676
2020-05-01 13:50:00,-0.0171,-0.0608,-0.078
2020-05-01 13:49:00,-0.0167,-0.0566,-0.0733
2020-05-01 13:48:00,-0.0027,-0.0524,-0.0551
2020-05-01 13:47:00,0.0023,-0.0517,-0.0494
2020-05-01 13:46:00,-0.0008,-0.0523,-0.053
2020-05-01 13:45:00,0.0017,-0.0521,-0.0504
2020-05-01 13:44:00,0.0033,-0.0525,-0.0492
2020-05-01 13:43:00,0.0072,-0.0533,-0.0461
2020-05-01 13:42:00,0.0097,-0.0552,-0.0455
2020-05-01 13:41:00,0.0018,-0.0576,-0.0558
2020-05-01 13:40:00,-0.0034,-0.058,-0.0614
2020-05-01 13:39:00,-0.0025,-0.0572,-0.0597
2020-05-01 13:38:00,-0.0051,-0.0565,-0.0616
2020-05-01 13:37:00,0.0013,-0.0553,-0.054
2020-05-01 13:36:00,0.0156,-0.0556,-0.04
2020-05-01 13:35:00,0.0314,-0.0595,-0.0281
2020-05-01 13:34:00,0.0426,-0.0673,-0.0247
2020-05-01 13:33:00,0.0437,-0.078,-0.0343
2020-05-01 13:32:00,0.0448,-0.0889,-0.0441
2020-05-01 13:31:00,0.0514,-0.1001,-0.0487
2020-05-01 13:30:00,0.0509,-0.113,-0.0621
2020-05-01 13:29:00,0.0433,-0.1257,-0.0824
2020-05-01 13:28:00,0.0351,-0.1365,-0.1014
2020-05-01 13:27:00,0.0308,-0.1453,-0.1146
2020-05-01 13:26:00,0.0162,-0.153,-0.1368
2020-05-01 13:25:00,0.0004,-0.157,-0.1566
2020-05-01 13:24:00,-0.0026,-0.1572,-0.1597
2020-05-01 13:23:00,-0.0202,-0.1565,-0.1767
2020-05-01 13:22:00,-0.0362,-0.1515,-0.1876
2020-05-01 13:21:00,-0.0442,-0.1424,-0.1866
2020-05-01 13:20:00,-0.0451,-0.1314,-0.1765
2020-05-01 13:19:00,-0.0567,-0.1201,-0.1768
2020-05-01 13:18:00,-0.0632,-0.1059,-0.1691
2020-05-01 13:17:00,-0.0594,-0.0901,-0.1495
2020-05-01 13:16:00,-0.0432,-0.0753,-0.1184
2020-05-01 13:15:00,-0.0186,-0.0645,-0.083
2020-05-01 13:14:00,0.0007,-0.0598,-0.0591
2020-05-01 13:13:00,0.0178,-0.06,-0.0422
2020-05-01 13:12:00,0.0304,-0.0644,-0.0341
2020-05-01 13:11:00,0.0347,-0.072,-0.0374
2020-05-01 13:10:00,0.0371,-0.0807,-0.0436
2020-05-01 13:09:00,0.0419,-0.09,-0.0481
2020-05-01 13:08:00,0.0447,-0.1004,-0.0558
2020-05-01 13:07:00,0.035,-0.1116,-0.0766
2020-05-01 13:06:00,0.0327,-0.1204,-0.0876
2020-05-01 13:05:00,0.0381,-0.1285,-0.0905
2020-05-01 13:04:00,0.0351,-0.1381,-0.103
2020-05-01 13:03:00,0.0325,-0.1468,-0.1144
2020-05-01 13:02:00,0.0277,-0.1549,-0.1273
2020-05-01 13:01:00,0.0235,-0.1619,-0.1383
2020-05-01 13:00:00,0.0209,-0.1677,-0.1469
2020-05-01 12:59:00,0.0194,-0.173,-0.1536
2020-05-01 12:58:00,0.0118,-0.1778,-0.166
2020-05-01 12:57:00,0.0114,-0.1808,-0.1693
2020-05-01 12:56:00,0.0115,-0.1836,-0.1721
2020-05-01 12:55:00,0.0087,-0.1865,-0.1778
2020-05-01 12:54:00,0.0048,-0.1887,-0.1839
2020-05-01 12:53:00,0.0079,-0.1899,-0.1819
2020-05-01 12:52:00,0.0115,-0.1918,-0.1803
2020-05-01 12:51:00,0.0003,-0.1947,-0.1944
2020-05-01 12:50:00,-0.0118,-0.1948,-0.2066
2020-05-01 12:49:00,-0.0283,-0.1918,-0.2201
2020-05-01 12:48:00,-0.044,-0.1848,-0.2288
2020-05-01 12:47:00,-0.059,-0.1738,-0.2328
2020-05-01 12:46:00,-0.0642,-0.159,-0.2232
2020-05-01 12:45:00,-0.0796,-0.143,-0.2226
2020-05-01 12:44:00,-0.0776,-0.1231,-0.2007
2020-05-01 12:43:00,-0.0774,-0.1037,-0.1811
2020-05-01 12:42:00,-0.0691,-0.0843,-0.1534
2020-05-01 12:41:00,-0.0478,-0.067,-0.1149
2020-05-01 12:40:00,-0.0282,-0.0551,-0.0833
2020-05-01 12:39:00,-0.0074,-0.048,-0.0554
2020-05-01 12:38:00,-0.0045,-0.0462,-0.0507
2020-05-01 12:37:00,0.0087,-0.045,-0.0363
2020-05-01 12:36:00,0.019,-0.0472,-0.0282
2020-05-01 12:35:00,0.0148,-0.052,-0.0371
2020-05-01 12:34:00,0.001,-0.0557,-0.0547
2020-05-01 12:33:00,-0.0135,-0.0559,-0.0694
2020-05-01 12:32:00,-0.0072,-0.0526,-0.0597
2020-05-01 12:31:00,0.003,-0.0508,-0.0478
2020-05-01 12:30:00,0.0197,-0.0515,-0.0318
2020-05-01 12:29:00,0.038,-0.0564,-0.0184
2020-05-01 12:28:00,0.0382,-0.0659,-0.0277
2020-05-01 12:27:00,0.043,-0.0755,-0.0325
2020-05-01 12:26:00,0.051,-0.0862,-0.0352
2020-05-01 12:25:00,0.0554,-0.099,-0.0436
2020-05-01 12:24:00,0.0627,-0.1128,-0.0502
2020-05-01 12:23:00,0.0635,-0.1285,-0.065
2020-05-01 12:22:00,0.0588,-0.1444,-0.0855
2020-05-01 12:21:00,0.0491,-0.1591,-0.11
2020-05-01 12:20:00,0.0444,-0.1714,-0.1269
2020-05-01 12:19:00,0.0486,-0.1825,-0.1339
2020-05-01 12:18:00,0.0466,-0.1946,-0.148
2020-05-01 12:17:00,0.0394,-0.2063,-0.1669
2020-05-01 12:16:00,0.0448,-0.2161,-0.1713
2020-05-01 12:15:00,0.0469,-0.2273,-0.1805
2020-05-01 12:14:00,0.0352,-0.239,-0.2038
2020-05-01 12:13:00,0.0273,-0.2478,-0.2205
2020-05-01 12:12:00,0.016,-0.2547,-0.2386
2020-05-01 12:11:00,0.0066,-0.2587,-0.2521
2020-05-01 12:10:00,-0.0081,-0.2603,-0.2684
2020-05-01 12:09:00,-0.0093,-0.2583,-0.2676
2020-05-01 12:08:00,-0.0043,-0.256,-0.2603
2020-05-01 12:07:00,-0.0086,-0.2549,-0.2635
2020-05-01 12:06:00,-0.0213,-0.2527,-0.274
2020-05-01 12:05:00,-0.0441,-0.2474,-0.2915
2020-05-01 12:04:00,-0.0417,-0.2364,-0.278
2020-05-01 12:03:00,-0.0441,-0.226,-0.2701
2020-05-01 12:02:00,-0.038,-0.2149,-0.2529
2020-05-01 12:01:00,-0.021,-0.2054,-0.2264
2020-05-01 12:00:00,-0.0027,-0.2002,-0.2029
2020-05-01 11:59:00,-0.0077,-0.1995,-0.2072
2020-05-01 11:58:00,-0.0192,-0.1976,-0.2168
2020-05-01 11:57:00,-0.0171,-0.1928,-0.2099
2020-05-01 11:56:00,-0.0133,-0.1885,-0.2018
2020-05-01 11:55:00,-0.027,-0.1852,-0.2122
2020-05-01 11:54:00,-0.0432,-0.1784,-0.2216
2020-05-01 11:53:00,-0.049,-0.1676,-0.2167
2020-05-01 11:52:00,-0.0425,-0.1554,-0.1979
2020-05-01 11:51:00,-0.0386,-0.1447,-0.1834
2020-05-01 11:50:00,-0.0342,-0.1351,-0.1693
2020-05-01 11:49:00,-0.0366,-0.1265,-0.1631
2020-05-01 11:48:00,-0.0223,-0.1174,-0.1397
2020-05-01 11:47:00,-0.0122,-0.1118,-0.124
2020-05-01 11:46:00,0.0088,-0.1088,-0.1
2020-05-01 11:45:00,0.0409,-0.111,-0.07
2020-05-01 11:44:00,0.0497,-0.1212,-0.0715
2020-05-01 11:43:00,0.0522,-0.1336,-0.0814
2020-05-01 11:42:00,0.0486,-0.1467,-0.0981
2020-05-01 11:41:00,0.0432,-0.1588,-0.1156
2020-05-01 11:40:00,0.0341,-0.1696,-0.1355
2020-05-01 11:39:00,0.0186,-0.1781,-0.1595
2020-05-01 11:38:00,0.0108,-0.1828,-0.172
2020-05-01 11:37:00,-0.0082,-0.1855,-0.1937
2020-05-01 11:36:00,-0.0198,-0.1834,-0.2032
2020-05-01 11:35:00,-0.0258,-0.1785,-0.2043
2020-05-01 11:34:00,-0.0276,-0.172,-0.1997
2020-05-01 11:33:00,-0.0318,-0.1651,-0.197
2020-05-01 11:32:00,-0.0253,-0.1572,-0.1825
2020-05-01 11:31:00,-0.0248,-0.1508,-0.1756
2020-05-01 11:30:00,-0.01,-0.1446,-0.1546
2020-05-01 11:29:00,-0.0084,-0.1421,-0.1505
2020-05-01 11:28:00,-0.0081,-0.14,-0.1482
2020-05-01 11:27:00,-0.0294,-0.138,-0.1674
2020-05-01 11:26:00,-0.0365,-0.1307,-0.1672
2020-05-01 11:25:00,-0.0501,-0.1215,-0.1716
2020-05-01 11:24:00,-0.0382,-0.109,-0.1472
2020-05-01 11:23:00,-0.042,-0.0995,-0.1415
2020-05-01 11:22:00,-0.0386,-0.089,-0.1275
2020-05-01 11:21:00,-0.0392,-0.0793,-0.1185
2020-05-01 11:20:00,-0.0449,-0.0695,-0.1145
2020-05-01 11:19:00,-0.031,-0.0583,-0.0893
2020-05-01 11:18:00,-0.0177,-0.0505,-0.0682
2020-05-01 11:17:00,-0.0093,-0.0461,-0.0554
2020-05-01 11:16:00,-0.0048,-0.0438,-0.0485
2020-05-01 11:15:00,-0.0025,-0.0426,-0.0451
2020-05-01 11:14:00,-0.0236,-0.0419,-0.0656
2020-05-01 11:13:00,-0.0272,-0.036,-0.0632
2020-05-01 11:12:00,-0.0351,-0.0292,-0.0644
2020-05-01 11:11:00,-0.0475,-0.0205,-0.068
2020-05-01 11:10:00,-0.0631,-0.0086,-0.0716
2020-05-01 11:09:00,-0.0775,0.0072,-0.0703
2020-05-01 11:08:00,-0.0889,0.0266,-0.0623
2020-05-01 11:07:00,-0.096,0.0488,-0.0472
2020-05-01 11:06:00,-0.0958,0.0728,-0.023
2020-05-01 11:05:00,-0.0927,0.0967,0.004
2020-05-01 11:04:00,-0.0896,0.1199,0.0303
2020-05-01 11:03:00,-0.0808,0.1423,0.0615
2020-05-01 11:02:00,-0.0643,0.1625,0.0982
2020-05-01 11:01:00,-0.0267,0.1786,0.1519
2020-05-01 11:00:00,0.0279,0.1852,0.2131
2020-05-01 10:59:00,0.0457,0.1783,0.224
2020-05-01 10:58:00,0.0568,0.1668,0.2237
2020-05-01 10:57:00,0.0579,0.1526,0.2106
2020-05-01 10:56:00,0.0565,0.1381,0.1946
2020-05-01 10:55:00,0.0558,0.124,0.1798
2020-05-01 10:54:00,0.0579,0.1101,0.168
2020-05-01 10:53:00,0.0503,0.0956,0.1459
2020-05-01 10:52:00,0.0376,0.083,0.1206
2020-05-01 10:51:00,0.0277,0.0736,0.1014
2020-05-01 10:50:00,0.0081,0.0667,0.0748
2020-05-01 10:49:00,-0.0004,0.0647,0.0643
2020-05-01 10:48:00,-0.0036,0.0648,0.0612
2020-05-01 10:47:00,0.0089,0.0657,0.0746
2020-05-01 10:46:00,0.02,0.0635,0.0834
2020-05-01 10:45:00,0.0311,0.0585,0.0895
2020-05-01 10:44:00,0.0442,0.0507,0.0949
2020-05-01 10:43:00,0.0506,0.0396,0.0903
2020-05-01 10:42:00,0.05,0.027,0.0769
2020-05-01 10:41:00,0.0473,0.0145,0.0618
2020-05-01 10:40:00,0.0624,0.0027,0.0651
2020-05-01 10:39:00,0.0659,-0.013,0.053
2020-05-01 10:38:00,0.0662,-0.0294,0.0368
2020-05-01 10:37:00,0.0686,-0.046,0.0227
2020-05-01 10:36:00,0.0523,-0.0631,-0.0108
2020-05-01 10:35:00,0.0258,-0.0762,-0.0504
2020-05-01 10:34:00,0.0109,-0.0827,-0.0718
2020-05-01 10:33:00,0.0058,-0.0854,-0.0796
2020-05-01 10:32:00,0.0024,-0.0868,-0.0844
2020-05-01 10:31:00,0.0022,-0.0874,-0.0852
2020-05-01 10:30:00,0.0039,-0.088,-0.084
2020-05-01 10:29:00,-0.0106,-0.089,-0.0996
2020-05-01 10:28:00,-0.0226,-0.0863,-0.1089
2020-05-01 10:27:00,-0.0374,-0.0807,-0.1181
2020-05-01 10:26:00,-0.0606,-0.0713,-0.1319
2020-05-01 10:25:00,-0.0882,-0.0562,-0.1443
2020-05-01 10:24:00,-0.0848,-0.0341,-0.1189
2020-05-01 10:23:00,-0.0872,-0.0129,-0.1
2020-05-01 10:22:00,-0.0813,0.0089,-0.0724
2020-05-01 10:21:00,-0.0961,0.0292,-0.0669
2020-05-01 10:20:00,-0.1191,0.0533,-0.0658
2020-05-01 10:19:00,-0.1261,0.083,-0.0431
2020-05-01 10:18:00,-0.1229,0.1146,-0.0083
2020-05-01 10:17:00,-0.1021,0.1453,0.0432
2020-05-01 10:16:00,-0.0756,0.1708,0.0952
2020-05-01 10:15:00,-0.0554,0.1897,0.1344
2020-05-01 10:14:00,-0.0448,0.2036,0.1588
2020-05-01 10:13:00,-0.0118,0.2147,0.2029
2020-05-01 10:12:00,0.0127,0.2177,0.2304
2020-05-01 10:11:00,0.0496,0.2145,0.2641
2020-05-01 10:10:00,0.0816,0.2021,0.2837
2020-05-01 10:09:00,0.0991,0.1817,0.2809
2020-05-01 10:08:00,0.0964,0.157,0.2534
2020-05-01 10:07:00,0.0889,0.1328,0.2217
2020-05-01 10:06:00,0.078,0.1106,0.1886
2020-05-01 10:05:00,0.0837,0.0911,0.1749
2020-05-01 10:04:00,0.0988,0.0702,0.169
2020-05-01 10:03:00,0.1277,0.0455,0.1733
2020-05-01 10:02:00,0.1288,0.0136,0.1424
2020-05-01 10:01:00,0.1157,-0.0186,0.0971
2020-05-01 10:00:00,0.0986,-0.0476,0.051
2020-05-01 09:59:00,0.0963,-0.0722,0.0241
2020-05-01 09:58:00,0.101,-0.0963,0.0047
2020-05-01 09:57:00,0.0983,-0.1215,-0.0232
2020-05-01 09:56:00,0.11,-0.1461,-0.0361
2020-05-01 09:55:00,0.1221,-0.1736,-0.0515
2020-05-01 09:54:00,0.151,-0.2042,-0.0531
2020-05-01 09:53:00,0.1758,-0.2419,-0.0661
2020-05-01 09:52:00,0.189,-0.2859,-0.0969
2020-05-01 09:51:00,0.1972,-0.3331,-0.1359
2020-05-01 09:50:00,0.1784,-0.3824,-0.2041
2020-05-01 09:49:00,0.1302,-0.427,-0.2968
2020-05-01 09:48:00,0.0686,-0.4596,-0.3909
2020-05-01 09:47:00,0.0334,-0.4767,-0.4433
2020-05-01 09:46:00,-0.0034,-0.4851,-0.4885
2020-05-01 09:45:00,-0.0558,-0.4842,-0.54
2020-05-01 09:44:00,-0.088,-0.4703,-0.5582
2020-05-01 09:43:00,-0.0874,-0.4483,-0.5357
2020-05-01 09:42:00,-0.118,-0.4264,-0.5445
2020-05-01 09:41:00,-0.1432,-0.3969,-0.5401
2020-05-01 09:40:00,-0.1665,-0.3611,-0.5276
2020-05-01 09:39:00,-0.1772,-0.3195,-0.4967
2020-05-01 09:38:00,-0.1862,-0.2752,-0.4614
2020-05-01 09:37:00,-0.1831,-0.2287,-0.4117
2020-05-01 09:36:00,-0.1981,-0.1829,-0.381
2020-05-01 09:35:00,-0.2304,-0.1334,-0.3638
2020-05-01 09:34:00,-0.2696,-0.0758,-0.3453
2020-05-01 09:33:00,-0.2578,-0.0084,-0.2662
2020-05-01 09:32:00,-0.2194,0.0561,-0.1633
2020-05-01 09:31:00,-0.1294,0.111,-0.0184
2020-04-30 16:00:00,0.0774,0.1433,0.2207
2020-04-30 15:59:00,0.0776,0.1239,0.2015
2020-04-30 15:58:00,0.0884,0.1046,0.1929
2020-04-30 15:57:00,0.0875,0.0825,0.17
2020-04-30 15:56:00,0.0903,0.0606,0.1509
2020-04-30 15:55:00,0.0798,0.038,0.1178
2020-04-30 15:54:00,0.0557,0.0181,0.0738
2020-04-30 15:53:00,0.0456,0.0041,0.0497
2020-04-30 15:52:00,0.0229,-0.0073,0.0156
2020-04-30 15:51:00,-0.0029,-0.013,-0.0158
2020-04-30 15:50:00,-0.0313,-0.0123,-0.0436
2020-04-30 15:49:00,-0.026,-0.0044,-0.0305
2020-04-30 15:48:00,-0.022,0.0021,-0.0199
2020-04-30 15:47:00,-0.0152,0.0075,-0.0077
2020-04-30 15:46:00,-0.0104,0.0114,0.0009
2020-04-30 15:45:00,-0.0204,0.014,-0.0065
2020-04-30 15:44:00,-0.0287,0.0191,-0.0096
2020-04-30 15:43:00,-0.0469,0.0262,-0.0207
2020-04-30 15:42:00,-0.0541,0.038,-0.0162
2020-04-30 15:41:00,-0.0647,0.0515,-0.0132
2020-04-30 15:40:00,-0.075,0.0677,-0.0073
2020-04-30 15:39:00,-0.0849,0.0864,0.0016
2020-04-30 15:38:00,-0.0868,0.1076,0.0209
2020-04-30 15:37:00,-0.077,0.1293,0.0523
2020-04-30 15:36:00,-0.0615,0.1486,0.0871
2020-04-30 15:35:00,-0.0372,0.164,0.1267
2020-04-30 15:34:00,-0.0162,0.1733,0.1571
2020-04-30 15:33:00,-0.001,0.1773,0.1763
2020-04-30 15:32:00,0.0018,0.1776,0.1794
2020-04-30 15:31:00,0.001,0.1771,0.1781
2020-04-30 15:30:00,0.0047,0.1769,0.1816
2020-04-30 15:29:00,0.0059,0.1757,0.1816
2020-04-30 15:28:00,0.0198,0.1743,0.194
2020-04-30 15:27:00,0.0341,0.1693,0.2035
2020-04-30 15:26:00,0.0609,0.1608,0.2217
2020-04-30 15:25:00,0.0789,0.1456,0.2245
2020-04-30 15:24:00,0.0795,0.1258,0.2054
2020-04-30 15:23:00,0.0767,0.106,0.1827
2020-04-30 15:22:00,0.0647,0.0868,0.1515
2020-04-30 15:21:00,0.0673,0.0706,0.1379
2020-04-30 15:20:00,0.0674,0.0538,0.1212
2020-04-30 15:19:00,0.0764,0.0369,0.1133
2020-04-30 15:18:00,0.0701,0.0178,0.0879
2020-04-30 15:17:00,0.0662,0.0003,0.0665
2020-04-30 15:16:00,0.0615,-0.0163,0.0452
2020-04-30 15:15:00,0.0489,-0.0317,0.0173
2020-04-30 15:14:00,0.057,-0.0439,0.0131
2020-04-30 15:13:00,0.0596,-0.0582,0.0014
2020-04-30 15:12:00,0.0677,-0.0731,-0.0053
2020-04-30 15:11:00,0.0645,-0.09,-0.0255
2020-04-30 15:10:00,0.0674,-0.1061,-0.0387
2020-04-30 15:09:00,0.0593,-0.123,-0.0636
2020-04-30 15:08:00,0.0432,-0.1378,-0.0946
2020-04-30 15:07:00,0.0312,-0.1486,-0.1174
2020-04-30 15:06:00,0.0208,-0.1564,-0.1357
2020-04-30 15:05:00,0.0097,-0.1616,-0.1519
2020-04-30 15:04:00,0.0094,-0.164,-0.1547
2020-04-30 15:03:00,0.0046,-0.1664,-0.1617
2020-04-30 15:02:00,-0.0007,-0.1675,-0.1682
2020-04-30 15:01:00,0.001,-0.1674,-0.1664
2020-04-30 15:00:00,-0.0006,-0.1676,-0.1682
2020-04-30 14:59:00,-0.0027,-0.1675,-0.1702
2020-04-30 14:58:00,-0.0055,-0.1668,-0.1723
2020-04-30 14:57:00,-0.0009,-0.1654,-0.1663
2020-04-30 14:56:00,0.0008,-0.1652,-0.1644
2020-04-30 14:55:00,-0.0023,-0.1654,-0.1677
2020-04-30 14:54:00,0.0035,-0.1649,-0.1614
2020-04-30 14:53:00,0.0059,-0.1657,-0.1598
2020-04-30 14:52:00,0.0096,-0.1672,-0.1576
2020-04-30 14:51:00,0.0027,-0.1696,-0.1669
2020-04-30 14:50:00,-0.0041,-0.1703,-0.1744
2020-04-30 14:49:00,-0.007,-0.1693,-0.1763
2020-04-30 14:48:00,-0.0046,-0.1675,-0.1721
2020-04-30 14:47:00,-0.0101,-0.1664,-0.1765
2020-04-30 14:46:00,-0.03,-0.1638,-0.1938
2020-04-30 14:45:00,-0.0465,-0.1563,-0.2029
2020-04-30 14:44:00,-0.0547,-0.1447,-0.1994
2020-04-30 14:43:00,-0.069,-0.131,-0.2001
2020-04-30 14:42:00,-0.0796,-0.1138,-0.1934
2020-04-30 14:41:00,-0.0786,-0.0939,-0.1725
2020-04-30 14:40:00,-0.0715,-0.0742,-0.1457
2020-04-30 14:39:00,-0.0679,-0.0564,-0.1243
2020-04-30 14:38:00,-0.0496,-0.0394,-0.089
2020-04-30 14:37:00,-0.0451,-0.027,-0.0721
2020-04-30 14:36:00,-0.0441,-0.0157,-0.0598
2020-04-30 14:35:00,-0.0344,-0.0047,-0.039
2020-04-30 14:34:00,-0.0302,0.0039,-0.0263
2020-04-30 14:33:00,-0.0323,0.0114,-0.0208
2020-04-30 14:32:00,-0.0402,0.0195,-0.0207
2020-04-30 14:31:00,-0.0457,0.0296,-0.0161
2020-04-30 14:30:00,-0.0581,0.041,-0.0172
2020-04-30 14:29:00,-0.0575,0.0555,-0.002
2020-04-30 14:28:00,-0.0547,0.0699,0.0152
2020-04-30 14:27:00,-0.0384,0.0836,0.0452
2020-04-30 14:26:00,-0.0276,0.0932,0.0656
2020-04-30 14:25:00,-0.0278,0.1001,0.0723
2020-04-30 14:24:00,-0.0292,0.107,0.0778
2020-04-30 14:23:00,-0.0327,0.1143,0.0816
2020-04-30 14:22:00,-0.0367,0.1225,0.0858
2020-04-30 14:21:00,-0.0331,0.1316,0.0986
2020-04-30 14:20:00,-0.0295,0.1399,0.1104
2020-04-30 14:19:00,-0.0166,0.1473,0.1306
2020-04-30 14:18:00,-0.0016,0.1514,0.1499
2020-04-30 14:17:00,0.0051,0.1518,0.1569
2020-04-30 14:16:00,0.0172,0.1506,0.1678
2020-04-30 14:15:00,0.0267,0.1463,0.173
2020-04-30 14:14:00,0.0284,0.1396,0.168
2020-04-30 14:13:00,0.0359,0.1325,0.1684
2020-04-30 14:12:00,0.045,0.1235,0.1685
2020-04-30 14:11:00,0.0508,0.1122,0.1631
2020-04-30 14:10:00,0.0522,0.0995,0.1517
2020-04-30 14:09:00,0.0568,0.0865,0.1432
2020-04-30 14:08:00,0.057,0.0723,0.1293
2020-04-30 14:07:00,0.0462,0.0581,0.1043
2020-04-30 14:06:00,0.0347,0.0465,0.0812
2020-04-30 14:05:00,0.0337,0.0378,0.0715
2020-04-30 14:04:00,0.0221,0.0294,0.0515
2020-04-30 14:03:00,0.0104,0.0239,0.0343
2020-04-30 14:02:00,-0.0003,0.0213,0.021
2020-04-30 14:01:00,0.0099,0.0213,0.0313
2020-04-30 14:00:00,0.0046,0.0189,0.0235
2020-04-30 13:59:00,0.0139,0.0177,0.0316
2020-04-30 13:58:00,0.031,0.0142,0.0453
2020-04-30 13:57:00,0.039,0.0065,0.0455
2020-04-30 13:56:00,0.0398,-0.0033,0.0365
2020-04-30 13:55:00,0.0429,-0.0132,0.0296
2020-04-30 13:54:00,0.0342,-0.0239,0.0102
2020-04-30 13:53:00,0.044,-0.0325,0.0115
2020-04-30 13:52:00,0.0394,-0.0435,-0.0041
2020-04-30 13:51:00,0.0182,-0.0533,-0.0351
2020-04-30 13:50:00,-0.0,-0.0579,-0.0579
2020-04-30 13:49:00,-0.0222,-0.0579,-0.0801
2020-04-30 13:48:00,-0.0355,-0.0523,-0.0879
2020-04-30 13:47:00,-0.0419,-0.0434,-0.0853
2020-04-30 13:46:00,-0.0346,-0.033,-0.0676
2020-04-30 13:45:00,-0.0251,-0.0243,-0.0494
2020-04-30 13:44:00,-0.028,-0.018,-0.046
2020-04-30 13:43:00,-0.0239,-0.011,-0.0349
2020-04-30 13:42:00,-0.0197,-0.0051,-0.0248
2020-04-30 13:41:00,-0.0124,-0.0001,-0.0126
2020-04-30 13:40:00,-0.0028,0.003,0.0002
2020-04-30 13:39:00,0.0006,0.0037,0.0043
2020-04-30 13:38:00,0.0079,0.0035,0.0114
2020-04-30 13:37:00,0.027,0.0016,0.0286
2020-04-30 13:36:00,0.0206,-0.0052,0.0154
2020-04-30 13:35:00,0.0036,-0.0103,-0.0067
2020-04-30 13:34:00,-0.0038,-0.0112,-0.0151
2020-04-30 13:33:00,-0.0228,-0.0103,-0.0331
2020-04-30 13:32:00,-0.0316,-0.0046,-0.0362
2020-04-30 13:31:00,-0.0339,0.0033,-0.0305
2020-04-30 13:30:00,-0.0235,0.0118,-0.0117
2020-04-30 13:29:00,-0.0193,0.0177,-0.0017
2020-04-30 13:28:00,-0.0352,0.0225,-0.0127
2020-04-30 13:27:00,-0.0565,0.0313,-0.0252
2020-04-30 13:26:00,-0.0587,0.0454,-0.0133
2020-04-30 13:25:00,-0.0488,0.0601,0.0113
2020-04-30 13:24:00,-0.0532,0.0723,0.0191
2020-04-30 13:23:00,-0.0537,0.0856,0.0319
2020-04-30 13:22:00,-0.0532,0.099,0.0458
2020-04-30 13:21:00,-0.0445,0.1123,0.0678
2020-04-30 13:20:00,-0.033,0.1234,0.0904
2020-04-30 13:19:00,-0.0194,0.1317,0.1123
2020-04-30 13:18:00,-0.0121,0.1365,0.1245
2020-04-30 13:17:00,-0.0005,0.1396,0.1391
2020-04-30 13:16:00,0.0038,0.1397,0.1435
2020-04-30 13:15:00,0.001,0.1387,0.1397
2020-04-30 13:14:00,-0.0116,0.1385,0.1269
2020-04-30 13:13:00,-0.0204,0.1414,0.121
2020-04-30 13:12:00,-0.0323,0.1465,0.1142
2020-04-30 13:11:00,-0.0303,0.1545,0.1242
2020-04-30 13:10:00,-0.0294,0.1621,0.1327
2020-04-30 13:09:00,-0.0351,0.1695,0.1344
2020-04-30 13:08:00,-0.0385,0.1783,0.1397
2020-04-30 13:07:00,-0.0337,0.1879,0.1542
2020-04-30 13:06:00,-0.0345,0.1963,0.1618
2020-04-30 13:05:00,-0.0104,0.2049,0.1945
2020-04-30 13:04:00,0.0211,0.2075,0.2286
2020-04-30 13:03:00,0.0378,0.2023,0.2401
2020-04-30 13:02:00,0.038,0.1928,0.2308
2020-04-30 13:01:00,0.0362,0.1833,0.2195
2020-04-30 13:00:00,0.0472,0.1743,0.2215
2020-04-30 12:59:00,0.0522,0.1625,0.2146
2020-04-30 12:58:00,0.0564,0.1494,0.2059
2020-04-30 12:57:00,0.0543,0.1353,0.1896
2020-04-30 12:56:00,0.0566,0.1218,0.1783
2020-04-30 12:55:00,0.0695,0.1076,0.1772
2020-04-30 12:54:00,0.0721,0.0902,0.1624
2020-04-30 12:53:00,0.0771,0.0722,0.1493
2020-04-30 12:52:00,0.0693,0.0529,0.1222
2020-04-30 12:51:00,0.0593,0.0356,0.0949
2020-04-30 12:50:00,0.0575,0.0208,0.0783
2020-04-30 12:49:00,0.0443,0.0064,0.0507
2020-04-30 12:48:00,0.033,-0.0047,0.0284
2020-04-30 12:47:00,0.0314,-0.0129,0.0185
2020-04-30 12:46:00,0.0365,-0.0208,0.0158
2020-04-30 12:45:00,0.0306,-0.0299,0.0007
2020-04-30 12:44:00,0.0335,-0.0376,-0.0041
2020-04-30 12:43:00,0.0337,-0.0459,-0.0122
2020-04-30 12:42:00,0.0177,-0.0544,-0.0367
2020-04-30 12:41:00,0.0183,-0.0588,-0.0405
2020-04-30 12:40:00,0.0212,-0.0634,-0.0421
2020-04-30 12:39:00,0.0231,-0.0687,-0.0456
2020-04-30 12:38:00,0.021,-0.0745,-0.0535
2020-04-30 12:37:00,0.0109,-0.0797,-0.0688
2020-04-30 12:36:00,0.0002,-0.0825,-0.0823
2020-04-30 12:35:00,0.0055,-0.0825,-0.077
2020-04-30 12:34:00,0.0214,-0.0839,-0.0624
2020-04-30 12:33:00,0.0376,-0.0892,-0.0516
2020-04-30 12:32:00,0.0584,-0.0986,-0.0402
2020-04-30 12:31:00,0.0618,-0.1132,-0.0514
2020-04-30 12:30:00,0.0632,-0.1287,-0.0655
2020-04-30 12:29:00,0.0513,-0.1445,-0.0932
2020-04-30 12:28:00,0.0627,-0.1573,-0.0946
2020-04-30 12:27:00,0.0505,-0.173,-0.1225
2020-04-30 12:26:00,0.0365,-0.1856,-0.1492
2020-04-30 12:25:00,0.0228,-0.1948,-0.1719
2020-04-30 12:24:00,0.0142,-0.2005,-0.1863
2020-04-30 12:23:00,-0.0065,-0.204,-0.2105
2020-04-30 12:22:00,-0.0136,-0.2024,-0.216
2020-04-30 12:21:00,-0.0187,-0.199,-0.2176
2020-04-30 12:20:00,-0.0148,-0.1943,-0.2091
2020-04-30 12:19:00,-0.0015,-0.1906,-0.1921
2020-04-30 12:18:00,0.0125,-0.1902,-0.1778
2020-04-30 12:17:00,0.0298,-0.1934,-0.1636
2020-04-30 12:16:00,0.0552,-0.2008,-0.1456
2020-04-30 12:15:00,0.0829,-0.2146,-0.1317
2020-04-30 12:14:00,0.0835,-0.2353,-0.1519
2020-04-30 12:13:00,0.087,-0.2562,-0.1692
2020-04-30 12:12:00,0.083,-0.278,-0.195
2020-04-30 12:11:00,0.0818,-0.2987,-0.2169
2020-04-30 12:10:00,0.0713,-0.3192,-0.2478
2020-04-30 12:09:00,0.0645,-0.337,-0.2725
2020-04-30 12:08:00,0.0562,-0.3531,-0.297
2020-04-30 12:07:00,0.0306,-0.3672,-0.3366
2020-04-30 12:06:00,0.0037,-0.3748,-0.3711
2020-04-30 12:05:00,-0.006,-0.3758,-0.3817
2020-04-30 12:04:00,-0.0411,-0.3743,-0.4153
2020-04-30 12:03:00,-0.0529,-0.364,-0.4169
2020-04-30 12:02:00,-0.033,-0.3508,-0.3838
2020-04-30 12:01:00,-0.0047,-0.3425,-0.3472
2020-04-30 12:00:00,-0.003,-0.3413,-0.3443
2020-04-30 11:59:00,0.0029,-0.3406,-0.3377
2020-04-30 11:58:00,0.0048,-0.3413,-0.3365
2020-04-30 11:57:00,-0.0162,-0.3425,-0.3587
2020-04-30 11:56:00,-0.0351,-0.3385,-0.3735
2020-04-30 11:55:00,-0.0513,-0.3297,-0.381
2020-04-30 11:54:00,-0.0569,-0.3169,-0.3738
2020-04-30 11:53:00,-0.0758,-0.3026,-0.3784
2020-04-30 11:52:00,-0.0961,-0.2837,-0.3798
2020-04-30 11:51:00,-0.1074,-0.2597,-0.367
2020-04-30 11:50:00,-0.1013,-0.2328,-0.3341
2020-04-30 11:49:00,-0.1012,-0.2075,-0.3087
2020-04-30 11:48:00,-0.1018,-0.1822,-0.284
2020-04-30 11:47:00,-0.0707,-0.1568,-0.2275
2020-04-30 11:46:00,-0.0578,-0.1391,-0.1968
2020-04-30 11:45:00,-0.048,-0.1246,-0.1726
2020-04-30 11:44:00,-0.0453,-0.1126,-0.158
2020-04-30 11:43:00,-0.0454,-0.1013,-0.1467
2020-04-30 11:42:00,-0.0499,-0.09,-0.1399
2020-04-30 11:41:00,-0.0638,-0.0775,-0.1413
2020-04-30 11:40:00,-0.075,-0.0615,-0.1365
2020-04-30 11:39:00,-0.0836,-0.0428,-0.1264
2020-04-30 11:38:00,-0.0765,-0.0219,-0.0983
2020-04-30 11:37:00,-0.0482,-0.0028,-0.051
2020-04-30 11:36:00,-0.047,0.0093,-0.0377
2020-04-30 11:35:00,-0.0442,0.021,-0.0231
2020-04-30 11:34:00,-0.0434,0.0321,-0.0114
2020-04-30 11:33:00,-0.0505,0.0429,-0.0076
2020-04-30 11:32:00,-0.0509,0.0556,0.0047
2020-04-30 11:31:00,-0.0511,0.0683,0.0172
2020-04-30 11:30:00,-0.0399,0.081,0.0411
2020-04-30 11:29:00,-0.0302,0.091,0.0608
2020-04-30 11:28:00,-0.0186,0.0986,0.08
2020-04-30 11:27:00,-0.0183,0.1032,0.085
2020-04-30 11:26:00,-0.0207,0.1078,0.087
2020-04-30 11:25:00,-0.0327,0.113,0.0803
2020-04-30 11:24:00,-0.0227,0.1211,0.0985
2020-04-30 11:23:00,-0.0127,0.1268,0.1141
2020-04-30 11:22:00,-0.0113,0.13,0.1187
2020-04-30 11:21:00,-0.0191,0.1328,0.1137
2020-04-30 11:20:00,-0.0197,0.1376,0.1179
2020-04-30 11:19:00,-0.021,0.1425,0.1215
2020-04-30 11:18:00,-0.0265,0.1477,0.1213
2020-04-30 11:17:00,-0.0321,0.1543,0.1223
2020-04-30 11:16:00,-0.0253,0.1624,0.1371
2020-04-30 11:15:00,-0.0198,0.1687,0.1489
2020-04-30 11:14:00,-0.0068,0.1736,0.1668
2020-04-30 11:13:00,0.0048,0.1754,0.1802
2020-04-30 11:12:00,0.0146,0.1741,0.1888
2020-04-30 11:11:00,0.0278,0.1705,0.1983
2020-04-30 11:10:00,0.0409,0.1635,0.2044
2020-04-30 11:09:00,0.0528,0.1533,0.2061
2020-04-30 11:08:00,0.058,0.1401,0.1982
2020-04-30 11:07:00,0.0556,0.1256,0.1812
2020-04-30 11:06:00,0.0618,0.1117,0.1736
2020-04-30 11:05:00,0.0774,0.0963,0.1737
2020-04-30 11:04:00,0.0862,0.0769,0.1631
2020-04-30 11:03:00,0.0817,0.0554,0.1371
2020-04-30 11:02:00,0.0765,0.035,0.1115
2020-04-30 11:01:00,0.0629,0.0158,0.0788
2020-04-30 11:00:00,0.0531,0.0001,0.0532
2020-04-30 10:59:00,0.0594,-0.0132,0.0463
2020-04-30 10:58:00,0.0595,-0.028,0.0315
2020-04-30 10:57:00,0.0471,-0.0429,0.0042
2020-04-30 10:56:00,0.031,-0.0547,-0.0236
2020-04-30 10:55:00,0.0199,-0.0624,-0.0425
2020-04-30 10:54:00,-0.0072,-0.0674,-0.0746
2020-04-30 10:53:00,-0.0178,-0.0656,-0.0834
2020-04-30 10:52:00,-0.0037,-0.0612,-0.0649
2020-04-30 10:51:00,0.0036,-0.0602,-0.0567
2020-04-30 10:50:00,-0.0097,-0.0611,-0.0708
2020-04-30 10:49:00,-0.027,-0.0587,-0.0857
2020-04-30 10:48:00,-0.0495,-0.052,-0.1014
2020-04-30 10:47:00,-0.0612,-0.0396,-0.1008
2020-04-30 10:46:00,-0.0762,-0.0243,-0.1005
2020-04-30 10:45:00,-0.071,-0.0052,-0.0762
2020-04-30 10:44:00,-0.0608,0.0125,-0.0483
2020-04-30 10:43:00,-0.0497,0.0277,-0.022
2020-04-30 10:42:00,-0.0443,0.0401,-0.0042
2020-04-30 10:41:00,-0.0374,0.0512,0.0138
2020-04-30 10:40:00,-0.0327,0.0606,0.0279
2020-04-30 10:39:00,-0.0244,0.0687,0.0443
2020-04-30 10:38:00,-0.0126,0.0748,0.0622
2020-04-30 10:37:00,-0.0082,0.078,0.0698
2020-04-30 10:36:00,0.01,0.08,0.09
2020-04-30 10:35:00,0.0209,0.0775,0.0984
2020-04-30 10:34:00,0.0334,0.0723,0.1057
2020-04-30 10:33:00,0.0505,0.064,0.1144
2020-04-30 10:32:00,0.0462,0.0514,0.0975
2020-04-30 10:31:00,0.0295,0.0398,0.0694
2020-04-30 10:30:00,0.0142,0.0324,0.0467
2020-04-30 10:29:00,-0.0159,0.0289,0.013
2020-04-30 10:28:00,-0.0605,0.0328,-0.0276
2020-04-30 10:27:00,-0.0981,0.048,-0.0501
2020-04-30 10:26:00,-0.0966,0.0725,-0.0241
2020-04-30 10:25:00,-0.0983,0.0966,-0.0017
2020-04-30 10:24:00,-0.0689,0.1212,0.0523
2020-04-30 10:23:00,-0.0475,0.1384,0.0909
2020-04-30 10:22:00,-0.0205,0.1503,0.1298
2020-04-30 10:21:00,0.018,0.1554,0.1734
2020-04-30 10:20:00,0.0379,0.1509,0.1889
2020-04-30 10:19:00,0.0458,0.1414,0.1873
2020-04-30 10:18:00,0.0419,0.13,0.1719
2020-04-30 10:17:00,0.0411,0.1195,0.1606
2020-04-30 10:16:00,0.0433,0.1093,0.1526
2020-04-30 10:15:00,0.0168,0.0984,0.1152
2020-04-30 10:14:00,0.0031,0.0942,0.0973
2020-04-30 10:13:00,-0.0244,0.0935,0.069
2020-04-30 10:12:00,-0.0544,0.0996,0.0451
2020-04-30 10:11:00,-0.0972,0.1132,0.016
2020-04-30 10:10:00,-0.115,0.1375,0.0224
2020-04-30 10:09:00,-0.1077,0.1662,0.0586
2020-04-30 10:08:00,-0.0962,0.1931,0.0969
2020-04-30 10:07:00,-0.0971,0.2172,0.1201
2020-04-30 10:06:00,-0.1038,0.2415,0.1376
2020-04-30 10:05:00,-0.1022,0.2674,0.1652
2020-04-30 10:04:00,-0.0797,0.293,0.2133
2020-04-30 10:03:00,-0.0618,0.3129,0.2511
2020-04-30 10:02:00,-0.0422,0.3284,0.2862
2020-04-30 10:01:00,-0.029,0.3389,0.3099
2020-04-30 10:00:00,-0.0258,0.3462,0.3204
2020-04-30 09:59:00,-0.0122,0.3526,0.3404
2020-04-30 09:58:00,-0.008,0.3557,0.3477
2020-04-30 09:57:00,0.0146,0.3577,0.3723
2020-04-30 09:56:00,0.0402,0.354,0.3943
2020-04-30 09:55:00,0.1,0.344,0.444
2020-04-30 09:54:00,0.1239,0.319,0.4429
2020-04-30 09:53:00,0.1034,0.288,0.3914
2020-04-30 09:52:00,0.0822,0.2621,0.3444
2020-04-30 09:51:00,0.0836,0.2416,0.3252
2020-04-30 09:50:00,0.0834,0.2207,0.3041
2020-04-30 09:49:00,0.0688,0.1998,0.2686
2020-04-30 09:48:00,0.043,0.1826,0.2256
2020-04-30 09:47:00,0.0017,0.1719,0.1736
2020-04-30 09:46:00,-0.0084,0.1714,0.163
2020-04-30 09:45:00,0.0038,0.1735,0.1773
2020-04-30 09:44:00,0.0164,0.1726,0.1889
2020-04-30 09:43:00,-0.0143,0.1685,0.1542
2020-04-30 09:42:00,-0.0181,0.1721,0.154
2020-04-30 09:41:00,-0.0532,0.1766,0.1234
2020-04-30 09:40:00,-0.0828,0.1899,0.1071
2020-04-30 09:39:00,-0.1231,0.2106,0.0875
2020-04-30 09:38:00,-0.1357,0.2414,0.1057
2020-04-30 09:37:00,-0.0634,0.2753,0.2119
2020-04-30 09:36:00,0.073,0.2911,0.3642
2020-04-30 09:35:00,0.1776,0.2729,0.4505
2020-04-30 09:34:00,0.2192,0.2285,0.4476
2020-04-30 09:33:00,0.247,0.1737,0.4207
2020-04-30 09:32:00,0.2612,0.1119,0.3731
2020-04-30 09:31:00,0.1931,0.0467,0.2397
2020-04-29 16:00:00,0.0014,-0.0016,-0.0002
2020-04-29 15:59:00,-0.0082,-0.002,-0.0101
2020-04-29 15:58:00,-0.0136,0.0001,-0.0135
2020-04-29 15:57:00,-0.0308,0.0035,-0.0273
2020-04-29 15:56:00,-0.0399,0.0112,-0.0287
2020-04-29 15:55:00,-0.066,0.0211,-0.0448
2020-04-29 15:54:00,-0.0795,0.0376,-0.0419
2020-04-29 15:53:00,-0.0685,0.0575,-0.011
2020-04-29 15:52:00,-0.0603,0.0746,0.0143
2020-04-29 15:51:00,-0.0366,0.0897,0.053
2020-04-29 15:50:00,-0.0221,0.0988,0.0767
2020-04-29 15:49:00,-0.0219,0.1044,0.0824
2020-04-29 15:48:00,-0.0203,0.1098,0.0896
2020-04-29 15:47:00,-0.0125,0.1149,0.1024
2020-04-29 15:46:00,-0.0056,0.118,0.1125
2020-04-29 15:45:00,0.0038,0.1194,0.1232
2020-04-29 15:44:00,-0.0019,0.1185,0.1165
2020-04-29 15:43:00,-0.0111,0.119,0.1078
2020-04-29 15:42:00,-0.021,0.1217,0.1008
2020-04-29 15:41:00,-0.0389,0.127,0.088
2020-04-29 15:40:00,-0.0492,0.1367,0.0875
2020-04-29 15:39:00,-0.0553,0.149,0.0937
2020-04-29 15:38:00,-0.0621,0.1628,0.1008
2020-04-29 15:37:00,-0.0624,0.1784,0.116
2020-04-29 15:36:00,-0.0522,0.194,0.1418
2020-04-29 15:35:00,-0.0466,0.207,0.1604
2020-04-29 15:34:00,-0.0488,0.2187,0.1698
2020-04-29 15:33:00,-0.044,0.2309,0.1869
2020-04-29 15:32:00,-0.0232,0.2419,0.2187
2020-04-29 15:31:00,-0.0049,0.2477,0.2427
2020-04-29 15:30:00,0.0092,0.2489,0.2581
2020-04-29 15:29:00,0.0158,0.2466,0.2624
2020-04-29 15:28:00,0.026,0.2427,0.2687
2020-04-29 15:27:00,0.0265,0.2361,0.2626
2020-04-29 15:26:00,0.0251,0.2295,0.2546
2020-04-29 15:25:00,0.0236,0.2233,0.2468
2020-04-29 15:24:00,0.0271,0.2174,0.2445
2020-04-29 15:23:00,0.0284,0.2106,0.239
2020-04-29 15:22:00,0.0258,0.2035,0.2293
2020-04-29 15:21:00,0.0249,0.197,0.2219
2020-04-29 15:20:00,0.0195,0.1908,0.2103
2020-04-29 15:19:00,0.0248,0.1859,0.2108
2020-04-29 15:18:00,0.0194,0.1797,0.1991
2020-04-29 15:17:00,0.0156,0.1749,0.1905
2020-04-29 15:16:00,0.0292,0.171,0.2001
2020-04-29 15:15:00,0.0255,0.1637,0.1892
2020-04-29 15:14:00,0.0234,0.1573,0.1807
2020-04-29 15:13:00,0.0238,0.1515,0.1752
2020-04-29 15:12:00,0.0219,0.1455,0.1675
2020-04-29 15:11:00,0.0225,0.14,0.1626
2020-04-29 15:10:00,0.0256,0.1344,0.1601
2020-04-29 15:09:00,0.0241,0.128,0.1521
2020-04-29 15:08:00,0.0227,0.122,0.1446
2020-04-29 15:07:00,0.0183,0.1163,0.1346
2020-04-29 15:06:00,0.0132,0.1117,0.1249
2020-04-29 15:05:00,0.0078,0.1084,0.1162
2020-04-29 15:04:00,-0.0096,0.1065,0.0969
2020-04-29 15:03:00,-0.0045,0.1089,0.1044
2020-04-29 15:02:00,0.0046,0.11,0.1146
2020-04-29 15:01:00,0.015,0.1088,0.1238
2020-04-29 15:00:00,0.0201,0.1051,0.1252
2020-04-29 14:59:00,0.0164,0.1,0.1165
2020-04-29 14:58:00,0.0006,0.0959,0.0965
2020-04-29 14:57:00,-0.0169,0.0958,0.0788
2020-04-29 14:56:00,-0.0276,0.1,0.0724
2020-04-29 14:55:00,-0.029,0.1069,0.0779
2020-04-29 14:54:00,-0.0258,0.1142,0.0883
2020-04-29 14:53:00,-0.0121,0.1207,0.1086
2020-04-29 14:52:00,-0.0077,0.1237,0.116
2020-04-29 14:51:00,-0.0075,0.1256,0.1181
2020-04-29 14:50:00,-0.0022,0.1275,0.1253
2020-04-29 14:49:00,0.0153,0.128,0.1433
2020-04-29 14:48:00,0.0304,0.1242,0.1546
2020-04-29 14:47:00,0.0328,0.1166,0.1493
2020-04-29 14:46:00,0.0383,0.1084,0.1467
2020-04-29 14:45:00,0.0485,0.0988,0.1473
2020-04-29 14:44:00,0.057,0.0867,0.1437
2020-04-29 14:43:00,0.0617,0.0724,0.1341
2020-04-29 14:42:00,0.0608,0.057,0.1178
2020-04-29 14:41:00,0.0648,0.0418,0.1066
2020-04-29 14:40:00,0.0671,0.0256,0.0927
2020-04-29 14:39:00,0.0654,0.0088,0.0742
2020-04-29 14:38:00,0.0519,-0.0075,0.0444
2020-04-29 14:37:00,0.048,-0.0205,0.0275
2020-04-29 14:36:00,0.0432,-0.0325,0.0107
2020-04-29 14:35:00,0.0492,-0.0433,0.0059
2020-04-29 14:34:00,0.0461,-0.0556,-0.0095
2020-04-29 14:33:00,0.0304,-0.0671,-0.0367
2020-04-29 14:32:00,0.0212,-0.0747,-0.0535
2020-04-29 14:31:00,0.0353,-0.08,-0.0447
2020-04-29 14:30:00,0.0408,-0.0888,-0.0481
2020-04-29 14:29:00,0.0402,-0.099,-0.0588
2020-04-29 14:28:00,0.0405,-0.1091,-0.0686
2020-04-29 14:27:00,0.0402,-0.1192,-0.079
2020-04-29 14:26:00,0.0329,-0.1293,-0.0963
2020-04-29 14:25:00,0.0113,-0.1375,-0.1262
2020-04-29 14:24:00,-0.0115,-0.1403,-0.1518
2020-04-29 14:23:00,-0.028,-0.1375,-0.1654
2020-04-29 14:22:00,-0.0352,-0.1305,-0.1657
2020-04-29 14:21:00,-0.0281,-0.1217,-0.1498
2020-04-29 14:20:00,-0.0168,-0.1146,-0.1315
2020-04-29 14:19:00,-0.0079,-0.1104,-0.1183
2020-04-29 14:18:00,-0.0098,-0.1084,-0.1182
2020-04-29 14:17:00,-0.0167,-0.106,-0.1227
2020-04-29 14:16:00,-0.0276,-0.1018,-0.1294
2020-04-29 14:15:00,-0.054,-0.0949,-0.1489
2020-04-29 14:14:00,-0.0468,-0.0814,-0.1282
2020-04-29 14:13:00,-0.0311,-0.0697,-0.1009
2020-04-29 14:12:00,-0.0271,-0.0619,-0.0891
2020-04-29 14:11:00,-0.0319,-0.0552,-0.087
2020-04-29 14:10:00,-0.0461,-0.0472,-0.0933
2020-04-29 14:09:00,-0.0547,-0.0357,-0.0903
2020-04-29 14:08:00,-0.057,-0.022,-0.079
2020-04-29 14:07:00,-0.0573,-0.0077,-0.065
2020-04-29 14:06:00,-0.0375,0.0066,-0.0309
2020-04-29 14:05:00,-0.0243,0.016,-0.0083
2020-04-29 14:04:00,-0.0182,0.022,0.0038
2020-04-29 14:03:00,0.0197,0.0266,0.0463
2020-04-29 14:02:00,0.0328,0.0217,0.0544
2020-04-29 14:01:00,0.0364,0.0135,0.0498
2020-04-29 14:00:00,0.0567,0.0044,0.0611
2020-04-29 13:59:00,0.0619,-0.0098,0.0521
2020-04-29 13:58:00,0.0601,-0.0252,0.0348
2020-04-29 13:57:00,0.0495,-0.0403,0.0092
2020-04-29 13:56:00,0.0398,-0.0526,-0.0129
2020-04-29 13:55:00,0.0385,-0.0626,-0.0241
2020-04-29 13:54:00,0.0377,-0.0722,-0.0345
2020-04-29 13:53:00,0.0307,-0.0816,-0.0509
2020-04-29 13:52:00,0.0249,-0.0893,-0.0644
2020-04-29 13:51:00,0.0122,-0.0955,-0.0833
2020-04-29 13:50:00,0.0015,-0.0985,-0.0971
2020-04-29 13:49:00,-0.0189,-0.0989,-0.1178
2020-04-29 13:48:00,-0.0316,-0.0942,-0.1258
2020-04-29 13:47:00,-0.0366,-0.0863,-0.1229
2020-04-29 13:46:00,-0.0392,-0.0772,-0.1164
2020-04-29 13:45:00,-0.0329,-0.0673,-0.1003
2020-04-29 13:44:00,-0.0268,-0.0591,-0.0859
2020-04-29 13:43:00,-0.0296,-0.0524,-0.0821
2020-04-29 13:42:00,-0.0346,-0.045,-0.0796
2020-04-29 13:41:00,-0.0378,-0.0364,-0.0742
2020-04-29 13:40:00,-0.0486,-0.0269,-0.0755
2020-04-29 13:39:00,-0.0444,-0.0148,-0.0592
2020-04-29 13:38:00,-0.0364,-0.0037,-0.04
2020-04-29 13:37:00,-0.0383,0.0054,-0.0329
2020-04-29 13:36:00,-0.0362,0.015,-0.0212
2020-04-29 13:35:00,-0.0305,0.024,-0.0065
2020-04-29 13:34:00,-0.0228,0.0316,0.0088
2020-04-29 13:33:00,-0.0254,0.0374,0.0119
2020-04-29 13:32:00,-0.0289,0.0437,0.0148
2020-04-29 13:31:00,-0.0276,0.0509,0.0233
2020-04-29 13:30:00,-0.0241,0.0578,0.0337
2020-04-29 13:29:00,-0.0214,0.0639,0.0425
2020-04-29 13:28:00,-0.0171,0.0692,0.0521
2020-04-29 13:27:00,-0.012,0.0735,0.0615
2020-04-29 13:26:00,-0.012,0.0765,0.0645
2020-04-29 13:25:00,-0.0122,0.0795,0.0673
2020-04-29 13:24:00,-0.0105,0.0825,0.072
2020-04-29 13:23:00,0.002,0.0852,0.0871
2020-04-29 13:22:00,0.0052,0.0847,0.0899
2020-04-29 13:21:00,0.0057,0.0834,0.0891
2020-04-29 13:20:00,0.0053,0.0819,0.0872
2020-04-29 13:19:00,-0.0016,0.0806,0.079
2020-04-29 13:18:00,-0.0086,0.081,0.0725
2020-04-29 13:17:00,-0.0059,0.0832,0.0773
2020-04-29 13:16:00,-0.0053,0.0846,0.0793
2020-04-29 13:15:00,0.0091,0.086,0.095
2020-04-29 13:14:00,0.0162,0.0837,0.0999
2020-04-29 13:13:00,0.0128,0.0797,0.0925
2020-04-29 13:12:00,0.0139,0.0765,0.0903
2020-04-29 13:11:00,0.0153,0.073,0.0883
2020-04-29 13:10:00,0.0142,0.0692,0.0834
2020-04-29 13:09:00,0.0133,0.0656,0.0789
2020-04-29 13:08:00,0.0144,0.0623,0.0767
2020-04-29 13:07:00,0.0136,0.0587,0.0722
2020-04-29 13:06:00,0.0102,0.0553,0.0655
2020-04-29 13:05:00,0.0032,0.0527,0.0559
2020-04-29 13:04:00,-0.012,0.0519,0.0399
2020-04-29 13:03:00,-0.0249,0.0549,0.03
2020-04-29 13:02:00,-0.0361,0.0612,0.0251
2020-04-29 13:01:00,-0.0385,0.0702,0.0317
2020-04-29 13:00:00,-0.0473,0.0798,0.0325
2020-04-29 12:59:00,-0.0497,0.0916,0.042
2020-04-29 12:58:00,-0.0402,0.1041,0.0639
2020-04-29 12:57:00,-0.0354,0.1141,0.0787
2020-04-29 12:56:00,-0.0325,0.1229,0.0905
2020-04-29 12:55:00,-0.027,0.1311,0.1041
2020-04-29 12:54:00,-0.024,0.1378,0.1138
2020-04-29 12:53:00,-0.0268,0.1438,0.117
2020-04-29 12:52:00,-0.0184,0.1505,0.1321
2020-04-29 12:51:00,-0.0118,0.1551,0.1433
2020-04-29 12:50:00,-0.0106,0.158,0.1475
2020-04-29 12:49:00,-0.0091,0.1607,0.1516
2020-04-29 12:48:00,-0.0093,0.163,0.1536
2020-04-29 12:47:00,-0.0078,0.1653,0.1575
2020-04-29 12:46:00,-0.0014,0.1672,0.1658
2020-04-29 12:45:00,0.0013,0.1676,0.1689
2020-04-29 12:44:00,0.0062,0.1672,0.1734
2020-04-29 12:43:00,0.0029,0.1657,0.1686
2020-04-29 12:42:00,0.0031,0.165,0.168
2020-04-29 12:41:00,0.0068,0.1642,0.171
2020-04-29 12:40:00,0.017,0.1625,0.1795
2020-04-29 12:39:00,0.0202,0.1583,0.1785
2020-04-29 12:38:00,0.0138,0.1532,0.167
2020-04-29 12:37:00,0.0057,0.1498,0.1555
2020-04-29 12:36:00,0.0055,0.1484,0.1538
2020-04-29 12:35:00,0.0055,0.147,0.1525
2020-04-29 12:34:00,0.0101,0.1456,0.1557
2020-04-29 12:33:00,0.0168,0.1431,0.1599
2020-04-29 12:32:00,0.0177,0.1389,0.1566
2020-04-29 12:31:00,0.0186,0.1345,0.153
2020-04-29 12:30:00,0.0165,0.1298,0.1463
2020-04-29 12:29:00,0.0015,0.1257,0.1272
2020-04-29 12:28:00,-0.0068,0.1253,0.1185
2020-04-29 12:27:00,-0.0148,0.127,0.1122
2020-04-29 12:26:00,-0.0215,0.1307,0.1093
2020-04-29 12:25:00,-0.0271,0.1361,0.109
2020-04-29 12:24:00,-0.0317,0.1429,0.1112
2020-04-29 12:23:00,-0.0334,0.1508,0.1174
2020-04-29 12:22:00,-0.0314,0.1591,0.1277
2020-04-29 12:21:00,-0.0228,0.167,0.1441
2020-04-29 12:20:00,-0.0099,0.1727,0.1628
2020-04-29 12:19:00,-0.0024,0.1751,0.1727
2020-04-29 12:18:00,-0.0016,0.1757,0.1742
2020-04-29 12:17:00,0.0055,0.1761,0.1817
2020-04-29 12:16:00,0.024,0.1747,0.1988
2020-04-29 12:15:00,0.0256,0.1687,0.1943
2020-04-29 12:14:00,0.0286,0.1623,0.1909
2020-04-29 12:13:00,0.0321,0.1552,0.1873
2020-04-29 12:12:00,0.0374,0.1471,0.1846
2020-04-29 12:11:00,0.0325,0.1378,0.1703
2020-04-29 12:10:00,0.0331,0.1297,0.1627
2020-04-29 12:09:00,0.0365,0.1214,0.1579
2020-04-29 12:08:00,0.0336,0.1123,0.1459
2020-04-29 12:07:00,0.0246,0.1039,0.1285
2020-04-29 12:06:00,0.0223,0.0977,0.1201
2020-04-29 12:05:00,0.0175,0.0921,0.1097
2020-04-29 12:04:00,0.0142,0.0878,0.1019
2020-04-29 12:03:00,0.0109,0.0842,0.0951
2020-04-29 12:02:00,0.0072,0.0815,0.0887
2020-04-29 12:01:00,0.0055,0.0797,0.0852
2020-04-29 12:00:00,0.0028,0.0783,0.0811
2020-04-29 11:59:00,0.0088,0.0776,0.0864
2020-04-29 11:58:00,0.0088,0.0754,0.0842
2020-04-29 11:57:00,0.0147,0.0732,0.0879
2020-04-29 11:56:00,0.0187,0.0695,0.0882
2020-04-29 11:55:00,0.0144,0.0649,0.0793
2020-04-29 11:54:00,0.0242,0.0613,0.0855
2020-04-29 11:53:00,0.0313,0.0552,0.0866
2020-04-29 11:52:00,0.0348,0.0474,0.0822
2020-04-29 11:51:00,0.0393,0.0387,0.078
2020-04-29 11:50:00,0.0364,0.0289,0.0652
2020-04-29 11:49:00,0.0364,0.0198,0.0562
2020-04-29 11:48:00,0.0352,0.0107,0.0459
2020-04-29 11:47:00,0.0373,0.0019,0.0391
2020-04-29 11:46:00,0.0293,-0.0074,0.0218
2020-04-29 11:45:00,0.0234,-0.0148,0.0086
2020-04-29 11:44:00,0.0122,-0.0206,-0.0084
2020-04-29 11:43:00,-0.0038,-0.0236,-0.0274
2020-04-29 11:42:00,-0.0199,-0.0227,-0.0427
2020-04-29 11:41:00,-0.0224,-0.0177,-0.0401
2020-04-29 11:40:00,-0.0201,-0.0121,-0.0322
2020-04-29 11:39:00,-0.0206,-0.0071,-0.0277
2020-04-29 11:38:00,-0.0187,-0.002,-0.0206
2020-04-29 11:37:00,-0.0221,0.0027,-0.0194
2020-04-29 11:36:00,-0.0225,0.0082,-0.0143
2020-04-29 11:35:00,-0.014,0.0139,-0.0001
2020-04-29 11:34:00,-0.0177,0.0174,-0.0004
2020-04-29 11:33:00,-0.0168,0.0218,0.0049
2020-04-29 11:32:00,-0.021,0.026,0.005
2020-04-29 11:31:00,-0.0328,0.0312,-0.0016
2020-04-29 11:30:00,-0.0332,0.0394,0.0063
2020-04-29 11:29:00,-0.0366,0.0477,0.0111
2020-04-29 11:28:00,-0.0407,0.0569,0.0162
2020-04-29 11:27:00,-0.0365,0.0671,0.0305
2020-04-29 11:26:00,-0.0319,0.0762,0.0443
2020-04-29 11:25:00,-0.0219,0.0842,0.0623
2020-04-29 11:24:00,-0.0162,0.0896,0.0734
2020-04-29 11:23:00,-0.0141,0.0937,0.0796
2020-04-29 11:22:00,-0.0063,0.0972,0.091
2020-04-29 11:21:00,-0.002,0.0988,0.0968
2020-04-29 11:20:00,0.0058,0.0993,0.105
2020-04-29 11:19:00,0.0168,0.0978,0.1146
2020-04-29 11:18:00,0.0381,0.0936,0.1317
2020-04-29 11:17:00,0.0625,0.0841,0.1466
2020-04-29 11:16:00,0.0715,0.0685,0.14
2020-04-29 11:15:00,0.0784,0.0506,0.1291
2020-04-29 11:14:00,0.0756,0.031,0.1066
2020-04-29 11:13:00,0.0663,0.0121,0.0784
2020-04-29 11:12:00,0.057,-0.0045,0.0526
2020-04-29 11:11:00,0.0374,-0.0187,0.0187
2020-04-29 11:10:00,0.0094,-0.0281,-0.0186
2020-04-29 11:09:00,0.0011,-0.0304,-0.0294
2020-04-29 11:08:00,0.0028,-0.0307,-0.0279
2020-04-29 11:07:00,0.0084,-0.0314,-0.023
2020-04-29 11:06:00,0.0022,-0.0335,-0.0313
2020-04-29 11:05:00,-0.013,-0.034,-0.047
2020-04-29 11:04:00,-0.0186,-0.0308,-0.0494
2020-04-29 11:03:00,-0.0092,-0.0262,-0.0354
2020-04-29 11:02:00,-0.001,-0.0238,-0.0248
2020-04-29 11:01:00,-0.0016,-0.0236,-0.0252
2020-04-29 11:00:00,-0.0051,-0.0232,-0.0283
2020-04-29 10:59:00,-0.0059,-0.0219,-0.0278
2020-04-29 10:58:00,-0.0136,-0.0204,-0.034
2020-04-29 10:57:00,-0.0061,-0.017,-0.0231
2020-04-29 10:56:00,0.0006,-0.0155,-0.0149
2020-04-29 10:55:00,-0.0038,-0.0157,-0.0195
2020-04-29 10:54:00,-0.0078,-0.0147,-0.0225
2020-04-29 10:53:00,-0.0189,-0.0128,-0.0317
2020-04-29 10:52:00,-0.0359,-0.008,-0.0439
2020-04-29 10:51:00,-0.0506,0.0009,-0.0497
2020-04-29 10:50:00,-0.072,0.0136,-0.0584
2020-04-29 10:49:00,-0.0769,0.0316,-0.0453
2020-04-29 10:48:00,-0.0756,0.0508,-0.0248
2020-04-29 10:47:00,-0.0762,0.0697,-0.0065
2020-04-29 10:46:00,-0.0747,0.0887,0.014
2020-04-29 10:45:00,-0.0744,0.1074,0.033
2020-04-29 10:44:00,-0.0724,0.126,0.0536
2020-04-29 10:43:00,-0.0793,0.1441,0.0648
2020-04-29 10:42:00,-0.0826,0.164,0.0813
2020-04-29 10:41:00,-0.0861,0.1846,0.0985
2020-04-29 10:40:00,-0.0906,0.2061,0.1155
2020-04-29 10:39:00,-0.0807,0.2288,0.1481
2020-04-29 10:38:00,-0.0639,0.249,0.1851
2020-04-29 10:37:00,-0.0422,0.2649,0.2227
2020-04-29 10:36:00,-0.0336,0.2755,0.2419
2020-04-29 10:35:00,-0.0364,0.2839,0.2475
2020-04-29 10:34:00,-0.029,0.293,0.2639
2020-04-29 10:33:00,-0.0035,0.3002,0.2967
2020-04-29 10:32:00,0.0235,0.3011,0.3246
2020-04-29 10:31:00,0.0419,0.2952,0.3371
2020-04-29 10:30:00,0.0439,0.2848,0.3287
2020-04-29 10:29:00,0.0436,0.2738,0.3174
2020-04-29 10:28:00,0.0539,0.2629,0.3168
2020-04-29 10:27:00,0.0507,0.2494,0.3001
2020-04-29 10:26:00,0.0373,0.2368,0.2741
2020-04-29 10:25:00,0.0226,0.2274,0.25
2020-04-29 10:24:00,0.0213,0.2218,0.2431
2020-04-29 10:23:00,0.0213,0.2165,0.2378
2020-04-29 10:22:00,0.0186,0.2111,0.2297
2020-04-29 10:21:00,0.0162,0.2065,0.2227
2020-04-29 10:20:00,0.0167,0.2024,0.2191
2020-04-29 10:19:00,0.012,0.1983,0.2103
2020-04-29 10:18:00,-0.0053,0.1952,0.1899
2020-04-29 10:17:00,-0.0211,0.1966,0.1755
2020-04-29 10:16:00,-0.0469,0.2018,0.1549
2020-04-29 10:15:00,-0.0755,0.2136,0.1381
2020-04-29 10:14:00,-0.0893,0.2325,0.1432
2020-04-29 10:13:00,-0.1164,0.2548,0.1383
2020-04-29 10:12:00,-0.1354,0.2839,0.1485
2020-04-29 10:11:00,-0.136,0.3177,0.1818
2020-04-29 10:10:00,-0.1291,0.3517,0.2226
2020-04-29 10:09:00,-0.1329,0.384,0.2511
2020-04-29 10:08:00,-0.1324,0.4172,0.2848
2020-04-29 10:07:00,-0.1266,0.4503,0.3237
2020-04-29 10:06:00,-0.1296,0.482,0.3524
2020-04-29 10:05:00,-0.1326,0.5144,0.3818
2020-04-29 10:04:00,-0.1358,0.5475,0.4117
2020-04-29 10:03:00,-0.1284,0.5815,0.4531
2020-04-29 10:02:00,-0.1152,0.6136,0.4984
2020-04-29 10:01:00,-0.1119,0.6424,0.5305
2020-04-29 10:00:00,-0.1075,0.6703,0.5628
2020-04-29 09:59:00,-0.0953,0.6972,0.602
2020-04-29 09:58:00,-0.0737,0.7211,0.6474
2020-04-29 09:57:00,-0.0599,0.7395,0.6795
2020-04-29 09:56:00,-0.0306,0.7545,0.7239
2020-04-29 09:55:00,0.0204,0.7621,0.7825
2020-04-29 09:54:00,0.054,0.757,0.811
2020-04-29 09:53:00,0.0707,0.7435,0.8142
2020-04-29 09:52:00,0.099,0.7258,0.8248
2020-04-29 09:51:00,0.1041,0.7011,0.8052
2020-04-29 09:50:00,0.0982,0.675,0.7732
2020-04-29 09:49:00,0.0972,0.6505,0.7477
2020-04-29 09:48:00,0.098,0.6262,0.7242
2020-04-29 09:47:00,0.0915,0.6017,0.6932
2020-04-29 09:46:00,0.1026,0.5788,0.6814
2020-04-29 09:45:00,0.1114,0.5532,0.6646
2020-04-29 09:44:00,0.1365,0.5253,0.6618
2020-04-29 09:43:00,0.1483,0.4912,0.6395
2020-04-29 09:42:00,0.1639,0.4541,0.618
2020-04-29 09:41:00,0.1582,0.4132,0.5714
2020-04-29 09:40:00,0.1687,0.3736,0.5423
2020-04-29 09:39:00,0.1938,0.3314,0.5253
2020-04-29 09:38:00,0.2124,0.283,0.4954
2020-04-29 09:37:00,0.2695,0.2299,0.4994
2020-04-29 09:36:00,0.3037,0.1625,0.4662
2020-04-29 09:35:00,0.3071,0.0865,0.3937
2020-04-29 09:34:00,0.3029,0.0098,0.3127
2020-04-29 09:33:00,0.2839,-0.066,0.218
2020-04-29 09:32:00,0.2227,-0.137,0.0858
2020-04-29 09:31:00,0.1319,-0.1926,-0.0608
2020-04-28 16:00:00,-0.0247,-0.2256,-0.2503
2020-04-28 15:59:00,-0.0337,-0.2194,-0.2531
2020-04-28 15:58:00,-0.046,-0.211,-0.2571
2020-04-28 15:57:00,-0.0502,-0.1995,-0.2496
2020-04-28 15:56:00,-0.0593,-0.187,-0.2463
2020-04-28 15:55:00,-0.0703,-0.1721,-0.2425
2020-04-28 15:54:00,-0.0673,-0.1545,-0.2218
2020-04-28 15:53:00,-0.0637,-0.1377,-0.2015
2020-04-28 15:52:00,-0.063,-0.1218,-0.1847
2020-04-28 15:51:00,-0.0516,-0.106,-0.1577
2020-04-28 15:50:00,-0.0397,-0.0931,-0.1329
2020-04-28 15:49:00,-0.0295,-0.0832,-0.1127
2020-04-28 15:48:00,-0.0235,-0.0758,-0.0993
2020-04-28 15:47:00,-0.0192,-0.07,-0.0892
2020-04-28 15:46:00,-0.0129,-0.0652,-0.078
2020-04-28 15:45:00,-0.0098,-0.0619,-0.0718
2020-04-28 15:44:00,-0.0033,-0.0595,-0.0628
2020-04-28 15:43:00,0.0042,-0.0587,-0.0544
2020-04-28 15:42:00,0.002,-0.0597,-0.0578
2020-04-28 15:41:00,-0.0019,-0.0602,-0.0622
2020-04-28 15:40:00,-0.0046,-0.0597,-0.0643
2020-04-28 15:39:00,-0.0137,-0.0586,-0.0723
2020-04-28 15:38:00,-0.0202,-0.0552,-0.0753
2020-04-28 15:37:00,-0.0218,-0.0501,-0.0719
2020-04-28 15:36:00,-0.0229,-0.0447,-0.0676
2020-04-28 15:35:00,-0.0089,-0.0389,-0.0479
2020-04-28 15:34:00,0.0015,-0.0367,-0.0352
2020-04-28 15:33:00,0.0074,-0.0371,-0.0297
2020-04-28 15:32:00,0.0014,-0.0389,-0.0376
2020-04-28 15:31:00,-0.0027,-0.0393,-0.0419
2020-04-28 15:30:00,-0.0063,-0.0386,-0.0449
2020-04-28 15:29:00,-0.0008,-0.037,-0.0378
2020-04-28 15:28:00,-0.0026,-0.0368,-0.0394
2020-04-28 15:27:00,-0.0108,-0.0362,-0.047
2020-04-28 15:26:00,-0.0179,-0.0335,-0.0514
2020-04-28 15:25:00,-0.0238,-0.029,-0.0528
2020-04-28 15:24:00,-0.0222,-0.023,-0.0452
2020-04-28 15:23:00,-0.0147,-0.0175,-0.0322
2020-04-28 15:22:00,0.0027,-0.0138,-0.0111
2020-04-28 15:21:00,0.0326,-0.0145,0.0181
2020-04-28 15:20:00,0.0217,-0.0226,-0.0009
2020-04-28 15:19:00,0.0192,-0.028,-0.0089
2020-04-28 15:18:00,0.0159,-0.0328,-0.0169
2020-04-28 15:17:00,0.0181,-0.0368,-0.0187
2020-04-28 15:16:00,0.0144,-0.0413,-0.0269
2020-04-28 15:15:00,0.0172,-0.045,-0.0278
2020-04-28 15:14:00,0.0187,-0.0492,-0.0305
2020-04-28 15:13:00,0.0198,-0.0539,-0.0341
2020-04-28 15:12:00,0.0293,-0.0589,-0.0296
2020-04-28 15:11:00,0.0378,-0.0662,-0.0284
2020-04-28 15:10:00,0.0472,-0.0757,-0.0285
2020-04-28 15:09:00,0.05,-0.0874,-0.0374
2020-04-28 15:08:00,0.0443,-0.1,-0.0557
2020-04-28 15:07:00,0.0367,-0.111,-0.0743
2020-04-28 15:06:00,0.0312,-0.1202,-0.089
2020-04-28 15:05:00,0.0269,-0.128,-0.1011
2020-04-28 15:04:00,0.0206,-0.1347,-0.1142
2020-04-28 15:03:00,0.0121,-0.1399,-0.1278
2020-04-28 15:02:00,0.0033,-0.1429,-0.1396
2020-04-28 15:01:00,-0.0008,-0.1438,-0.1445
2020-04-28 15:00:00,-0.0036,-0.1436,-0.1472
2020-04-28 14:59:00,-0.0124,-0.1427,-0.1551
2020-04-28 14:58:00,-0.0172,-0.1396,-0.1567
2020-04-28 14:57:00,-0.0162,-0.1353,-0.1515
2020-04-28 14:56:00,-0.011,-0.1312,-0.1422
2020-04-28 14:55:00,-0.0125,-0.1284,-0.1409
2020-04-28 14:54:00,-0.0032,-0.1253,-0.1286
2020-04-28 14:53:00,-0.0008,-0.1245,-0.1253
2020-04-28 14:52:00,0.0041,-0.1243,-0.1202
2020-04-28 14:51:00,0.0032,-0.1253,-0.1221
2020-04-28 14:50:00,-0.0018,-0.1261,-0.1279
2020-04-28 14:49:00,-0.0047,-0.1257,-0.1304
2020-04-28 14:48:00,-0.0031,-0.1245,-0.1276
2020-04-28 14:47:00,-0.0045,-0.1238,-0.1283
2020-04-28 14:46:00,-0.0097,-0.1226,-0.1323
2020-04-28 14:45:00,-0.0124,-0.1202,-0.1326
2020-04-28 14:44:00,-0.0081,-0.1171,-0.1252
2020-04-28 14:43:00,-0.0147,-0.1151,-0.1298
2020-04-28 14:42:00,-0.0309,-0.1114,-0.1423
2020-04-28 14:41:00,-0.035,-0.1037,-0.1386
2020-04-28 14:40:00,-0.0431,-0.0949,-0.138
2020-04-28 14:39:00,-0.0429,-0.0842,-0.127
2020-04-28 14:38:00,-0.0459,-0.0735,-0.1193
2020-04-28 14:37:00,-0.0458,-0.062,-0.1078
2020-04-28 14:36:00,-0.0317,-0.0506,-0.0823
2020-04-28 14:35:00,-0.0293,-0.0426,-0.0719
2020-04-28 14:34:00,-0.0275,-0.0353,-0.0628
2020-04-28 14:33:00,-0.029,-0.0284,-0.0574
2020-04-28 14:32:00,-0.0336,-0.0212,-0.0547
2020-04-28 14:31:00,-0.0347,-0.0128,-0.0475
2020-04-28 14:30:00,-0.0364,-0.0041,-0.0405
2020-04-28 14:29:00,-0.0337,0.005,-0.0287
2020-04-28 14:28:00,-0.0291,0.0134,-0.0156
2020-04-28 14:27:00,-0.0204,0.0207,0.0003
2020-04-28 14:26:00,-0.0225,0.0258,0.0033
2020-04-28 14:25:00,-0.0233,0.0314,0.0081
2020-04-28 14:24:00,-0.0221,0.0373,0.0152
2020-04-28 14:23:00,-0.0189,0.0428,0.0239
2020-04-28 14:22:00,-0.0153,0.0475,0.0322
2020-04-28 14:21:00,-0.0141,0.0513,0.0372
2020-04-28 14:20:00,-0.0123,0.0548,0.0426
2020-04-28 14:19:00,-0.0081,0.0579,0.0498
2020-04-28 14:18:00,-0.0087,0.0599,0.0512
2020-04-28 14:17:00,-0.0017,0.0621,0.0604
2020-04-28 14:16:00,0.0046,0.0625,0.0671
2020-04-28 14:15:00,0.0093,0.0614,0.0707
2020-04-28 14:14:00,0.0121,0.0591,0.0712
2020-04-28 14:13:00,0.0127,0.056,0.0687
2020-04-28 14:12:00,0.0096,0.0529,0.0625
2020-04-28 14:11:00,0.0083,0.0505,0.0588
2020-04-28 14:10:00,0.0099,0.0484,0.0583
2020-04-28 14:09:00,0.013,0.0459,0.0589
2020-04-28 14:08:00,0.0099,0.0427,0.0526
2020-04-28 14:07:00,0.0116,0.0402,0.0518
2020-04-28 14:06:00,0.0089,0.0373,0.0462
2020-04-28 14:05:00,0.0063,0.035,0.0413
2020-04-28 14:04:00,-0.0052,0.0335,0.0283
2020-04-28 14:03:00,-0.0136,0.0348,0.0211
2020-04-28 14:02:00,-0.0159,0.0382,0.0223
2020-04-28 14:01:00,-0.0237,0.0421,0.0184
2020-04-28 14:00:00,-0.0288,0.0481,0.0192
2020-04-28 13:59:00,-0.0261,0.0553,0.0292
2020-04-28 13:58:00,-0.0183,0.0618,0.0435
2020-04-28 13:57:00,-0.0154,0.0664,0.051
2020-04-28 13:56:00,-0.0114,0.0702,0.0588
2020-04-28 13:55:00,-0.0032,0.0731,0.0699
2020-04-28 13:54:00,0.0072,0.0738,0.081
2020-04-28 13:53:00,0.0149,0.072,0.0869
2020-04-28 13:52:00,0.0229,0.0683,0.0912
2020-04-28 13:51:00,0.0332,0.0626,0.0958
2020-04-28 13:50:00,0.0404,0.0543,0.0947
2020-04-28 13:49:00,0.0498,0.0442,0.094
2020-04-28 13:48:00,0.0552,0.0317,0.087
2020-04-28 13:47:00,0.0548,0.0179,0.0728
2020-04-28 13:46:00,0.0478,0.0042,0.0521
2020-04-28 13:45:00,0.0347,-0.0077,0.0269
2020-04-28 13:44:00,0.0068,-0.0164,-0.0096
2020-04-28 13:43:00,-0.0055,-0.0181,-0.0236
2020-04-28 13:42:00,-0.002,-0.0167,-0.0187
2020-04-28 13:41:00,0.0006,-0.0162,-0.0157
2020-04-28 13:40:00,-0.011,-0.0164,-0.0274
2020-04-28 13:39:00,-0.0141,-0.0136,-0.0277
2020-04-28 13:38:00,-0.0257,-0.0101,-0.0358
2020-04-28 13:37:00,-0.0349,-0.0037,-0.0385
2020-04-28 13:36:00,-0.0312,0.0051,-0.0262
2020-04-28 13:35:00,-0.0321,0.0129,-0.0192
2020-04-28 13:34:00,-0.0273,0.0209,-0.0064
2020-04-28 13:33:00,-0.0162,0.0277,0.0115
2020-04-28 13:32:00,-0.023,0.0318,0.0087
2020-04-28 13:31:00,-0.0253,0.0375,0.0122
2020-04-28 13:30:00,-0.0223,0.0438,0.0216
2020-04-28 13:29:00,-0.0188,0.0494,0.0306
2020-04-28 13:28:00,-0.0169,0.0541,0.0372
2020-04-28 13:27:00,-0.0162,0.0583,0.0421
2020-04-28 13:26:00,-0.0138,0.0624,0.0486
2020-04-28 13:25:00,-0.0116,0.0658,0.0542
2020-04-28 13:24:00,-0.0137,0.0687,0.055
2020-04-28 13:23:00,-0.0155,0.0722,0.0567
2020-04-28 13:22:00,-0.0261,0.076,0.0499
2020-04-28 13:21:00,-0.0283,0.0826,0.0542
2020-04-28 13:20:00,-0.0393,0.0896,0.0503
2020-04-28 13:19:00,-0.0396,0.0995,0.0599
2020-04-28 13:18:00,-0.0366,0.1094,0.0727
2020-04-28 13:17:00,-0.0228,0.1185,0.0957
2020-04-28 13:16:00,-0.0138,0.1242,0.1104
2020-04-28 13:15:00,-0.0052,0.1277,0.1225
2020-04-28 13:14:00,0.0119,0.129,0.1409
2020-04-28 13:13:00,0.0163,0.126,0.1423
2020-04-28 13:12:00,0.0152,0.1219,0.1371
2020-04-28 13:11:00,0.0122,0.1181,0.1304
2020-04-28 13:10:00,0.0088,0.1151,0.1239
2020-04-28 13:09:00,0.0112,0.1129,0.124
2020-04-28 13:08:00,0.0083,0.1101,0.1183
2020-04-28 13:07:00,0.0133,0.108,0.1213
2020-04-28 13:06:00,0.0143,0.1047,0.119
2020-04-28 13:05:00,0.0192,0.1011,0.1204
2020-04-28 13:04:00,0.0246,0.0963,0.1209
2020-04-28 13:03:00,0.0267,0.0902,0.1169
2020-04-28 13:02:00,0.0244,0.0835,0.1079
2020-04-28 13:01:00,0.0129,0.0774,0.0903
2020-04-28 13:00:00,0.0132,0.0742,0.0874
2020-04-28 12:59:00,0.0147,0.0709,0.0855
2020-04-28 12:58:00,0.0126,0.0672,0.0798
2020-04-28 12:57:00,0.0094,0.064,0.0734
2020-04-28 12:56:00,-0.0016,0.0617,0.0601
2020-04-28 12:55:00,-0.0127,0.0621,0.0494
2020-04-28 12:54:00,-0.0028,0.0653,0.0625
2020-04-28 12:53:00,0.0051,0.066,0.0711
2020-04-28 12:52:00,0.0076,0.0647,0.0723
2020-04-28 12:51:00,0.0096,0.0628,0.0724
2020-04-28 12:50:00,0.0071,0.0604,0.0674
2020-04-28 12:49:00,0.0005,0.0586,0.0591
2020-04-28 12:48:00,-0.0027,0.0585,0.0557
2020-04-28 12:47:00,-0.0014,0.0591,0.0577
2020-04-28 12:46:00,0.0122,0.0595,0.0717
2020-04-28 12:45:00,0.0208,0.0565,0.0772
2020-04-28 12:44:00,0.0276,0.0513,0.0788
2020-04-28 12:43:00,0.0326,0.0444,0.077
2020-04-28 12:42:00,0.0485,0.0362,0.0847
2020-04-28 12:41:00,0.0544,0.0241,0.0785
2020-04-28 12:40:00,0.0578,0.0105,0.0683
2020-04-28 12:39:00,0.0686,-0.004,0.0647
2020-04-28 12:38:00,0.0685,-0.0211,0.0474
2020-04-28 12:37:00,0.073,-0.0382,0.0347
2020-04-28 12:36:00,0.0685,-0.0565,0.012
2020-04-28 12:35:00,0.0616,-0.0736,-0.012
2020-04-28 12:34:00,0.0475,-0.089,-0.0415
2020-04-28 12:33:00,0.0416,-0.1009,-0.0593
2020-04-28 12:32:00,0.0363,-0.1113,-0.0749
2020-04-28 12:31:00,0.0398,-0.1204,-0.0806
2020-04-28 12:30:00,0.0416,-0.1303,-0.0887
2020-04-28 12:29:00,0.0328,-0.1407,-0.1079
2020-04-28 12:28:00,0.0262,-0.1489,-0.1227
2020-04-28 12:27:00,0.0177,-0.1555,-0.1378
2020-04-28 12:26:00,0.013,-0.1599,-0.1469
2020-04-28 12:25:00,0.0016,-0.1631,-0.1615
2020-04-28 12:24:00,-0.0071,-0.1635,-0.1706
2020-04-28 12:23:00,-0.015,-0.1617,-0.1768
2020-04-28 12:22:00,-0.0296,-0.158,-0.1876
2020-04-28 12:21:00,-0.0537,-0.1506,-0.2043
2020-04-28 12:20:00,-0.0692,-0.1372,-0.2064
2020-04-28 12:19:00,-0.0689,-0.1199,-0.1888
2020-04-28 12:18:00,-0.0466,-0.1026,-0.1492
2020-04-28 12:17:00,-0.03,-0.091,-0.121
2020-04-28 12:16:00,-0.0263,-0.0835,-0.1097
2020-04-28 12:15:00,0.0035,-0.0769,-0.0734
2020-04-28 12:14:00,0.0153,-0.0778,-0.0626
2020-04-28 12:13:00,0.0257,-0.0816,-0.056
2020-04-28 12:12:00,0.0393,-0.088,-0.0488
2020-04-28 12:11:00,0.0365,-0.0979,-0.0613
2020-04-28 12:10:00,0.0286,-0.107,-0.0784
2020-04-28 12:09:00,0.016,-0.1141,-0.0981
2020-04-28 12:08:00,0.0044,-0.1181,-0.1137
2020-04-28 12:07:00,-0.0178,-0.1192,-0.137
2020-04-28 12:06:00,-0.0276,-0.1148,-0.1424
2020-04-28 12:05:00,-0.0403,-0.1079,-0.1482
2020-04-28 12:04:00,-0.0484,-0.0978,-0.1463
2020-04-28 12:03:00,-0.0458,-0.0857,-0.1316
2020-04-28 12:02:00,-0.0271,-0.0743,-0.1013
2020-04-28 12:01:00,-0.0226,-0.0675,-0.0902
2020-04-28 12:00:00,-0.027,-0.0619,-0.0888
2020-04-28 11:59:00,-0.0322,-0.0551,-0.0874
2020-04-28 11:58:00,-0.0297,-0.0471,-0.0767
2020-04-28 11:57:00,-0.0324,-0.0396,-0.0721
2020-04-28 11:56:00,-0.0387,-0.0315,-0.0702
2020-04-28 11:55:00,-0.0571,-0.0219,-0.079
2020-04-28 11:54:00,-0.0611,-0.0076,-0.0687
2020-04-28 11:53:00,-0.0684,0.0077,-0.0607
2020-04-28 11:52:00,-0.0659,0.0248,-0.0411
2020-04-28 11:51:00,-0.0499,0.0413,-0.0086
2020-04-28 11:50:00,-0.027,0.0537,0.0268
2020-04-28 11:49:00,-0.0144,0.0605,0.0461
2020-04-28 11:48:00,-0.0123,0.0641,0.0518
2020-04-28 11:47:00,-0.017,0.0672,0.0501
2020-04-28 11:46:00,-0.02,0.0714,0.0514
2020-04-28 11:45:00,-0.0288,0.0764,0.0476
2020-04-28 11:44:00,-0.0216,0.0836,0.062
2020-04-28 11:43:00,-0.0055,0.089,0.0835
2020-04-28 11:42:00,0.0021,0.0904,0.0925
2020-04-28 11:41:00,0.0056,0.0899,0.0954
2020-04-28 11:40:00,0.0144,0.0885,0.1029
2020-04-28 11:39:00,0.0231,0.0849,0.108
2020-04-28 11:38:00,0.0449,0.0791,0.124
2020-04-28 11:37:00,0.0646,0.0679,0.1324
2020-04-28 11:36:00,0.0723,0.0517,0.124
2020-04-28 11:35:00,0.0732,0.0337,0.1068
2020-04-28 11:34:00,0.0808,0.0154,0.0961
2020-04-28 11:33:00,0.0899,-0.0048,0.0851
2020-04-28 11:32:00,0.0971,-0.0273,0.0698
2020-04-28 11:31:00,0.1096,-0.0516,0.058
2020-04-28 11:30:00,0.1156,-0.079,0.0366
2020-04-28 11:29:00,0.1287,-0.1079,0.0208
2020-04-28 11:28:00,0.123,-0.14,-0.017
2020-04-28 11:27:00,0.1146,-0.1708,-0.0562
2020-04-28 11:26:00,0.0985,-0.1995,-0.101
2020-04-28 11:25:00,0.0775,-0.2241,-0.1465
2020-04-28 11:24:00,0.0578,-0.2435,-0.1857
2020-04-28 11:23:00,0.0377,-0.2579,-0.2202
2020-04-28 11:22:00,0.0153,-0.2673,-0.252
2020-04-28 11:21:00,-0.0024,-0.2711,-0.2736
2020-04-28 11:20:00,-0.0031,-0.2705,-0.2737
2020-04-28 11:19:00,0.0034,-0.2698,-0.2664
2020-04-28 11:18:00,0.0271,-0.2706,-0.2435
2020-04-28 11:17:00,0.0576,-0.2774,-0.2198
2020-04-28 11:16:00,0.0575,-0.2918,-0.2343
2020-04-28 11:15:00,0.0542,-0.3061,-0.2519
2020-04-28 11:14:00,0.0501,-0.3197,-0.2696
2020-04-28 11:13:00,0.0194,-0.3322,-0.3128
2020-04-28 11:12:00,0.0077,-0.3371,-0.3293
2020-04-28 11:11:00,0.0107,-0.339,-0.3283
2020-04-28 11:10:00,0.0114,-0.3417,-0.3303
2020-04-28 11:09:00,0.0032,-0.3445,-0.3413
2020-04-28 11:08:00,0.002,-0.3453,-0.3433
2020-04-28 11:07:00,-0.0021,-0.3458,-0.348
2020-04-28 11:06:00,0.0097,-0.3453,-0.3356
2020-04-28 11:05:00,0.0145,-0.3477,-0.3333
2020-04-28 11:04:00,-0.0072,-0.3513,-0.3585
2020-04-28 11:03:00,-0.0294,-0.3495,-0.379
2020-04-28 11:02:00,-0.0523,-0.3422,-0.3945
2020-04-28 11:01:00,-0.0997,-0.3291,-0.4288
2020-04-28 11:00:00,-0.1175,-0.3042,-0.4217
2020-04-28 10:59:00,-0.1224,-0.2748,-0.3972
2020-04-28 10:58:00,-0.0865,-0.2442,-0.3307
2020-04-28 10:57:00,-0.0749,-0.2226,-0.2975
2020-04-28 10:56:00,-0.0378,-0.2039,-0.2417
2020-04-28 10:55:00,-0.0238,-0.1945,-0.2183
2020-04-28 10:54:00,0.0063,-0.1885,-0.1822
2020-04-28 10:53:00,0.0056,-0.1901,-0.1844
2020-04-28 10:52:00,-0.009,-0.1915,-0.2005
2020-04-28 10:51:00,-0.0194,-0.1892,-0.2087
2020-04-28 10:50:00,-0.0278,-0.1844,-0.2121
2020-04-28 10:49:00,-0.0416,-0.1774,-0.219
2020-04-28 10:48:00,-0.0424,-0.167,-0.2094
2020-04-28 10:47:00,-0.0331,-0.1564,-0.1896
2020-04-28 10:46:00,-0.0178,-0.1481,-0.166
2020-04-28 10:45:00,-0.0006,-0.1437,-0.1443
2020-04-28 10:44:00,0.0307,-0.1435,-0.1128
2020-04-28 10:43:00,0.0522,-0.1512,-0.0991
2020-04-28 10:42:00,0.0735,-0.1643,-0.0907
2020-04-28 10:41:00,0.0952,-0.1826,-0.0874
2020-04-28 10:40:00,0.1169,-0.2064,-0.0896
2020-04-28 10:39:00,0.1299,-0.2357,-0.1058
2020-04-28 10:38:00,0.1333,-0.2681,-0.1348
2020-04-28 10:37:00,0.1257,-0.3015,-0.1758
2020-04-28 10:36:00,0.1206,-0.3329,-0.2123
2020-04-28 10:35:00,0.1016,-0.363,-0.2614
2020-04-28 10:34:00,0.086,-0.3884,-0.3025
2020-04-28 10:33:00,0.0707,-0.4099,-0.3393
2020-04-28 10:32:00,0.0503,-0.4276,-0.3773
2020-04-28 10:31:00,0.0332,-0.4402,-0.407
2020-04-28 10:30:00,0.0125,-0.4485,-0.436
2020-04-28 10:29:00,-0.0105,-0.4516,-0.4621
2020-04-28 10:28:00,-0.0291,-0.449,-0.478
2020-04-28 10:27:00,-0.0598,-0.4417,-0.5016
2020-04-28 10:26:00,-0.1031,-0.4268,-0.5299
2020-04-28 10:25:00,-0.1314,-0.401,-0.5324
2020-04-28 10:24:00,-0.1464,-0.3681,-0.5145
2020-04-28 10:23:00,-0.1493,-0.3315,-0.4808
2020-04-28 10:22:00,-0.1176,-0.2942,-0.4118
2020-04-28 10:21:00,-0.0785,-0.2648,-0.3433
2020-04-28 10:20:00,-0.0535,-0.2452,-0.2987
2020-04-28 10:19:00,-0.0291,-0.2318,-0.2608
2020-04-28 10:18:00,-0.0131,-0.2245,-0.2376
2020-04-28 10:17:00,-0.0099,-0.2213,-0.2311
2020-04-28 10:16:00,-0.0022,-0.2188,-0.221
2020-04-28 10:15:00,0.0042,-0.2182,-0.214
2020-04-28 10:14:00,0.01,-0.2193,-0.2093
2020-04-28 10:13:00,0.0024,-0.2218,-0.2194
2020-04-28 10:12:00,-0.0199,-0.2224,-0.2423
2020-04-28 10:11:00,-0.0379,-0.2174,-0.2553
2020-04-28 10:10:00,-0.0476,-0.2079,-0.2555
2020-04-28 10:09:00,-0.0621,-0.196,-0.2581
2020-04-28 10:08:00,-0.0589,-0.1805,-0.2394
2020-04-28 10:07:00,-0.0574,-0.1657,-0.2232
2020-04-28 10:06:00,-0.0672,-0.1514,-0.2186
2020-04-28 10:05:00,-0.079,-0.1346,-0.2136
2020-04-28 10:04:00,-0.0956,-0.1148,-0.2104
2020-04-28 10:03:00,-0.1041,-0.0909,-0.195
2020-04-28 10:02:00,-0.1111,-0.0649,-0.176
2020-04-28 10:01:00,-0.102,-0.0371,-0.1391
2020-04-28 10:00:00,-0.091,-0.0116,-0.1027
2020-04-28 09:59:00,-0.0861,0.0111,-0.075
2020-04-28 09:58:00,-0.0662,0.0326,-0.0336
2020-04-28 09:57:00,-0.0548,0.0492,-0.0056
2020-04-28 09:56:00,-0.0518,0.0629,0.0111
2020-04-28 09:55:00,-0.0398,0.0758,0.036
2020-04-28 09:54:00,-0.0297,0.0858,0.0561
2020-04-28 09:53:00,-0.0281,0.0932,0.0651
2020-04-28 09:52:00,-0.023,0.1002,0.0773
2020-04-28 09:51:00,-0.0154,0.106,0.0906
2020-04-28 09:50:00,-0.0122,0.1098,0.0976
2020-04-28 09:49:00,0.0009,0.1129,0.1138
2020-04-28 09:48:00,0.011,0.1127,0.1237
2020-04-28 09:47:00,0.0389,0.1099,0.1488
2020-04-28 09:46:00,0.055,0.1002,0.1552
2020-04-28 09:45:00,0.0523,0.0864,0.1387
2020-04-28 09:44:00,0.053,0.0734,0.1263
2020-04-28 09:43:00,0.0491,0.0601,0.1093
2020-04-28 09:42:00,0.0502,0.0478,0.0981
2020-04-28 09:41:00,0.0324,0.0353,0.0677
2020-04-28 09:40:00,0.0104,0.0272,0.0376
2020-04-28 09:39:00,0.0045,0.0246,0.0291
2020-04-28 09:38:00,0.0396,0.0235,0.063
2020-04-28 09:37:00,0.067,0.0136,0.0806
2020-04-28 09:36:00,0.0908,-0.0032,0.0876
2020-04-28 09:35:00,0.1018,-0.0259,0.0759
2020-04-28 09:34:00,0.0735,-0.0513,0.0222
2020-04-28 09:33:00,0.0464,-0.0697,-0.0233
2020-04-28 09:32:00,0.0146,-0.0813,-0.0667
2020-04-28 09:31:00,0.0162,-0.0849,-0.0688
2020-04-27 16:00:00,-0.0252,-0.089,-0.1141
2020-04-27 15:59:00,-0.0322,-0.0827,-0.1149
2020-04-27 15:58:00,-0.0375,-0.0746,-0.1122
2020-04-27 15:57:00,-0.0459,-0.0653,-0.1111
2020-04-27 15:56:00,-0.0447,-0.0538,-0.0985
2020-04-27 15:55:00,-0.0317,-0.0426,-0.0743
2020-04-27 15:54:00,-0.0372,-0.0347,-0.0719
2020-04-27 15:53:00,-0.0404,-0.0254,-0.0658
2020-04-27 15:52:00,-0.0346,-0.0153,-0.0498
2020-04-27 15:51:00,-0.0359,-0.0066,-0.0425
2020-04-27 15:50:00,-0.0451,0.0023,-0.0427
2020-04-27 15:49:00,-0.0484,0.0136,-0.0348
2020-04-27 15:48:00,-0.0386,0.0257,-0.0129
2020-04-27 15:47:00,-0.0231,0.0353,0.0122
2020-04-27 15:46:00,-0.0124,0.0411,0.0287
2020-04-27 15:45:00,0.0022,0.0442,0.0464
2020-04-27 15:44:00,-0.0039,0.0437,0.0397
2020-04-27 15:43:00,-0.0079,0.0447,0.0368
2020-04-27 15:42:00,-0.0122,0.0466,0.0345
2020-04-27 15:41:00,-0.009,0.0497,0.0407
2020-04-27 15:40:00,-0.0054,0.0519,0.0466
2020-04-27 15:39:00,0.0083,0.0533,0.0615
2020-04-27 15:38:00,0.0117,0.0512,0.0629
2020-04-27 15:37:00,0.0221,0.0483,0.0703
2020-04-27 15:36:00,0.03,0.0428,0.0727
2020-04-27 15:35:00,0.0282,0.0353,0.0635
2020-04-27 15:34:00,0.0195,0.0282,0.0477
2020-04-27 15:33:00,0.0098,0.0233,0.0332
2020-04-27 15:32:00,0.0145,0.0209,0.0353
2020-04-27 15:31:00,0.0061,0.0172,0.0234
2020-04-27 15:30:00,-0.0029,0.0157,0.0128
2020-04-27 15:29:00,-0.0041,0.0164,0.0123
2020-04-27 15:28:00,-0.0017,0.0174,0.0157
2020-04-27 15:27:00,0.0019,0.0179,0.0198
2020-04-27 15:26:00,0.0098,0.0174,0.0272
2020-04-27 15:25:00,0.0193,0.015,0.0343
2020-04-27 15:24:00,0.0286,0.0101,0.0387
2020-04-27 15:23:00,0.0347,0.003,0.0377
2020-04-27 15:22:00,0.0391,-0.0057,0.0334
2020-04-27 15:21:00,0.0397,-0.0155,0.0243
2020-04-27 15:20:00,0.0316,-0.0254,0.0062
2020-04-27 15:19:00,0.028,-0.0333,-0.0053
2020-04-27 15:18:00,0.025,-0.0403,-0.0153
2020-04-27 15:17:00,0.0167,-0.0465,-0.0298
2020-04-27 15:16:00,0.0072,-0.0507,-0.0435
2020-04-27 15:15:00,-0.0081,-0.0525,-0.0607
2020-04-27 15:14:00,-0.0211,-0.0505,-0.0715
2020-04-27 15:13:00,-0.0346,-0.0452,-0.0798
2020-04-27 15:12:00,-0.046,-0.0366,-0.0826
2020-04-27 15:11:00,-0.0619,-0.0251,-0.087
2020-04-27 15:10:00,-0.0675,-0.0096,-0.0771
2020-04-27 15:09:00,-0.0563,0.0073,-0.049
2020-04-27 15:08:00,-0.0502,0.0214,-0.0288
2020-04-27 15:07:00,-0.0437,0.0339,-0.0097
2020-04-27 15:06:00,-0.0331,0.0449,0.0117
2020-04-27 15:05:00,-0.032,0.0531,0.0211
2020-04-27 15:04:00,-0.0309,0.0611,0.0302
2020-04-27 15:03:00,-0.0315,0.0689,0.0374
2020-04-27 15:02:00,-0.0278,0.0768,0.049
2020-04-27 15:01:00,-0.0216,0.0837,0.0621
2020-04-27 15:00:00,-0.0184,0.0891,0.0708
2020-04-27 14:59:00,-0.017,0.0937,0.0767
2020-04-27 14:58:00,-0.0147,0.0979,0.0833
2020-04-27 14:57:00,-0.0178,0.1016,0.0838
2020-04-27 14:56:00,-0.0142,0.1061,0.0919
2020-04-27 14:55:00,-0.0047,0.1096,0.1049
2020-04-27 14:54:00,0.0021,0.1108,0.1129
2020-04-27 14:53:00,0.0005,0.1103,0.1108
2020-04-27 14:52:00,0.0046,0.1101,0.1148
2020-04-27 14:51:00,0.0085,0.109,0.1175
2020-04-27 14:50:00,0.0114,0.1069,0.1183
2020-04-27 14:49:00,0.0085,0.104,0.1125
2020-04-27 14:48:00,0.0087,0.1019,0.1106
2020-04-27 14:47:00,0.0129,0.0997,0.1126
2020-04-27 14:46:00,0.0151,0.0965,0.1116
2020-04-27 14:45:00,0.0189,0.0927,0.1116
2020-04-27 14:44:00,0.0303,0.088,0.1182
2020-04-27 14:43:00,0.0364,0.0804,0.1168
2020-04-27 14:42:00,0.041,0.0713,0.1123
2020-04-27 14:41:00,0.0387,0.0611,0.0998
2020-04-27 14:40:00,0.0218,0.0514,0.0732
2020-04-27 14:39:00,0.0177,0.0459,0.0637
2020-04-27 14:38:00,0.0091,0.0415,0.0506
2020-04-27 14:37:00,0.0036,0.0392,0.0428
2020-04-27 14:36:00,-0.0035,0.0383,0.0348
2020-04-27 14:35:00,-0.0091,0.0392,0.0301
2020-04-27 14:34:00,-0.0105,0.0415,0.0309
2020-04-27 14:33:00,-0.0146,0.0441,0.0295
2020-04-27 14:32:00,-0.0237,0.0478,0.0241
2020-04-27 14:31:00,-0.0348,0.0537,0.0189
2020-04-27 14:30:00,-0.031,0.0624,0.0314
2020-04-27 14:29:00,-0.0276,0.0701,0.0426
2020-04-27 14:28:00,-0.0236,0.077,0.0534
2020-04-27 14:27:00,-0.0175,0.0829,0.0654
2020-04-27 14:26:00,-0.0076,0.0873,0.0797
2020-04-27 14:25:00,-0.0015,0.0892,0.0878
2020-04-27 14:24:00,0.0051,0.0896,0.0947
2020-04-27 14:23:00,0.0148,0.0883,0.1031
2020-04-27 14:22:00,0.0233,0.0846,0.1078
2020-04-27 14:21:00,0.0238,0.0788,0.1026
2020-04-27 14:20:00,0.0217,0.0728,0.0945
2020-04-27 14:19:00,0.0163,0.0674,0.0837
2020-04-27 14:18:00,0.0177,0.0633,0.081
2020-04-27 14:17:00,0.0143,0.0589,0.0733
2020-04-27 14:16:00,0.0141,0.0553,0.0695
2020-04-27 14:15:00,0.0108,0.0518,0.0626
2020-04-27 14:14:00,0.0089,0.0491,0.058
2020-04-27 14:13:00,0.008,0.0469,0.0549
2020-04-27 14:12:00,0.0108,0.0449,0.0557
2020-04-27 14:11:00,0.0127,0.0422,0.0549
2020-04-27 14:10:00,0.0151,0.039,0.0541
2020-04-27 14:09:00,0.0185,0.0352,0.0538
2020-04-27 14:08:00,0.0246,0.0306,0.0551
2020-04-27 14:07:00,0.0276,0.0244,0.052
2020-04-27 14:06:00,0.0288,0.0175,0.0463
2020-04-27 14:05:00,0.027,0.0103,0.0373
2020-04-27 14:04:00,0.0288,0.0036,0.0324
2020-04-27 14:03:00,0.0272,-0.0036,0.0236
2020-04-27 14:02:00,0.0311,-0.0104,0.0207
2020-04-27 14:01:00,0.0211,-0.0182,0.0029
2020-04-27 14:00:00,0.0109,-0.0234,-0.0125
2020-04-27 13:59:00,0.0179,-0.0262,-0.0083
2020-04-27 13:58:00,0.0249,-0.0306,-0.0058
2020-04-27 13:57:00,0.0278,-0.0368,-0.0091
2020-04-27 13:56:00,0.0245,-0.0438,-0.0193
2020-04-27 13:55:00,0.0219,-0.0499,-0.028
2020-04-27 13:54:00,0.0239,-0.0554,-0.0314
2020-04-27 13:53:00,0.0238,-0.0614,-0.0375
2020-04-27 13:52:00,0.0205,-0.0673,-0.0468
2020-04-27 13:51:00,0.0124,-0.0724,-0.06
2020-04-27 13:50:00,0.004,-0.0756,-0.0715
2020-04-27 13:49:00,0.0012,-0.0766,-0.0754
2020-04-27 13:48:00,0.0058,-0.0769,-0.071
2020-04-27 13:47:00,0.0089,-0.0783,-0.0695
2020-04-27 13:46:00,0.0109,-0.0805,-0.0696
2020-04-27 13:45:00,0.0084,-0.0833,-0.0749
2020-04-27 13:44:00,0.0089,-0.0854,-0.0765
2020-04-27 13:43:00,0.0102,-0.0876,-0.0774
2020-04-27 13:42:00,0.0179,-0.0901,-0.0723
2020-04-27 13:41:00,0.0166,-0.0946,-0.078
2020-04-27 13:40:00,0.0105,-0.0987,-0.0882
2020-04-27 13:39:00,0.0034,-0.1014,-0.0979
2020-04-27 13:38:00,-0.0057,-0.1022,-0.1079
2020-04-27 13:37:00,-0.0203,-0.1008,-0.1211
2020-04-27 13:36:00,-0.0273,-0.0957,-0.123
2020-04-27 13:35:00,-0.0214,-0.0889,-0.1103
2020-04-27 13:34:00,-0.0222,-0.0835,-0.1058
2020-04-27 13:33:00,-0.0088,-0.078,-0.0868
2020-04-27 13:32:00,-0.003,-0.0758,-0.0788
2020-04-27 13:31:00,-0.006,-0.075,-0.081
2020-04-27 13:30:00,-0.0121,-0.0735,-0.0857
2020-04-27 13:29:00,-0.0168,-0.0705,-0.0873
2020-04-27 13:28:00,-0.0259,-0.0663,-0.0922
2020-04-27 13:27:00,-0.0358,-0.0598,-0.0957
2020-04-27 13:26:00,-0.0401,-0.0509,-0.091
2020-04-27 13:25:00,-0.0397,-0.0409,-0.0806
2020-04-27 13:24:00,-0.0313,-0.0309,-0.0622
2020-04-27 13:23:00,-0.0218,-0.0231,-0.0449
2020-04-27 13:22:00,-0.0161,-0.0177,-0.0338
2020-04-27 13:21:00,-0.0019,-0.0137,-0.0156
2020-04-27 13:20:00,0.0119,-0.0132,-0.0013
2020-04-27 13:19:00,0.0239,-0.0162,0.0077
2020-04-27 13:18:00,0.0332,-0.0222,0.011
2020-04-27 13:17:00,0.0354,-0.0305,0.0049
2020-04-27 13:16:00,0.0364,-0.0393,-0.0029
2020-04-27 13:15:00,0.0421,-0.0484,-0.0063
2020-04-27 13:14:00,0.0352,-0.059,-0.0238
2020-04-27 13:13:00,0.0287,-0.0678,-0.0391
2020-04-27 13:12:00,0.025,-0.0749,-0.0499
2020-04-27 13:11:00,0.0327,-0.0812,-0.0485
2020-04-27 13:10:00,0.039,-0.0894,-0.0504
2020-04-27 13:09:00,0.0349,-0.0991,-0.0642
2020-04-27 13:08:00,0.0208,-0.1078,-0.087
2020-04-27 13:07:00,0.0063,-0.113,-0.1068
2020-04-27 13:06:00,-0.0005,-0.1146,-0.1151
2020-04-27 13:05:00,-0.0088,-0.1145,-0.1233
2020-04-27 13:04:00,-0.0111,-0.1123,-0.1233
2020-04-27 13:03:00,-0.0093,-0.1095,-0.1188
2020-04-27 13:02:00,-0.0102,-0.1072,-0.1173
2020-04-27 13:01:00,-0.0031,-0.1047,-0.1077
2020-04-27 13:00:00,-0.0062,-0.1039,-0.1101
2020-04-27 12:59:00,-0.0123,-0.1023,-0.1147
2020-04-27 12:58:00,-0.0084,-0.0992,-0.1076
2020-04-27 12:57:00,-0.006,-0.0971,-0.1031
2020-04-27 12:56:00,-0.0084,-0.0957,-0.1041
2020-04-27 12:55:00,-0.0051,-0.0936,-0.0986
2020-04-27 12:54:00,-0.0041,-0.0923,-0.0964
2020-04-27 12:53:00,-0.008,-0.0912,-0.0993
2020-04-27 12:52:00,-0.0101,-0.0892,-0.0993
2020-04-27 12:51:00,-0.0113,-0.0867,-0.0981
2020-04-27 12:50:00,-0.0244,-0.0839,-0.1083
2020-04-27 12:49:00,-0.0297,-0.0778,-0.1075
2020-04-27 12:48:00,-0.0351,-0.0704,-0.1055
2020-04-27 12:47:00,-0.0281,-0.0616,-0.0896
2020-04-27 12:46:00,-0.0157,-0.0546,-0.0703
2020-04-27 12:45:00,-0.0101,-0.0506,-0.0607
2020-04-27 12:44:00,-0.0087,-0.0481,-0.0568
2020-04-27 12:43:00,-0.006,-0.0459,-0.052
2020-04-27 12:42:00,-0.0017,-0.0444,-0.0461
2020-04-27 12:41:00,0.0051,-0.044,-0.0389
2020-04-27 12:40:00,0.0232,-0.0453,-0.0221
2020-04-27 12:39:00,0.0375,-0.0511,-0.0135
2020-04-27 12:38:00,0.0541,-0.0605,-0.0064
2020-04-27 12:37:00,0.0656,-0.074,-0.0084
2020-04-27 12:36:00,0.0696,-0.0904,-0.0208
2020-04-27 12:35:00,0.062,-0.1078,-0.0458
2020-04-27 12:34:00,0.0513,-0.1233,-0.0719
2020-04-27 12:33:00,0.039,-0.1361,-0.0971
2020-04-27 12:32:00,0.0282,-0.1458,-0.1176
2020-04-27 12:31:00,0.0158,-0.1529,-0.1371
2020-04-27 12:30:00,0.0123,-0.1568,-0.1446
2020-04-27 12:29:00,0.0119,-0.1599,-0.148
2020-04-27 12:28:00,0.0178,-0.1629,-0.1451
2020-04-27 12:27:00,0.0229,-0.1673,-0.1444
2020-04-27 12:26:00,0.02,-0.1731,-0.153
2020-04-27 12:25:00,0.0198,-0.1781,-0.1583
2020-04-27 12:24:00,0.0264,-0.183,-0.1566
2020-04-27 12:23:00,0.0363,-0.1896,-0.1533
2020-04-27 12:22:00,0.0428,-0.1987,-0.1559
2020-04-27 12:21:00,0.0401,-0.2094,-0.1692
2020-04-27 12:20:00,0.0405,-0.2194,-0.1789
2020-04-27 12:19:00,0.0269,-0.2295,-0.2026
2020-04-27 12:18:00,0.0093,-0.2362,-0.2269
2020-04-27 12:17:00,-0.0013,-0.2386,-0.2399
2020-04-27 12:16:00,-0.0175,-0.2382,-0.2558
2020-04-27 12:15:00,-0.0352,-0.2339,-0.269
2020-04-27 12:14:00,-0.0427,-0.2251,-0.2677
2020-04-27 12:13:00,-0.0458,-0.2144,-0.2602
2020-04-27 12:12:00,-0.0468,-0.2029,-0.2498
2020-04-27 12:11:00,-0.0447,-0.1912,-0.236
2020-04-27 12:10:00,-0.0399,-0.1801,-0.22
2020-04-27 12:09:00,-0.0461,-0.1701,-0.2162
2020-04-27 12:08:00,-0.0573,-0.1586,-0.2159
2020-04-27 12:07:00,-0.063,-0.1442,-0.2073
2020-04-27 12:06:00,-0.0657,-0.1285,-0.1942
2020-04-27 12:05:00,-0.0627,-0.112,-0.1748
2020-04-27 12:04:00,-0.0571,-0.0964,-0.1534
2020-04-27 12:03:00,-0.0557,-0.0821,-0.1378
2020-04-27 12:02:00,-0.0615,-0.0682,-0.1296
2020-04-27 12:01:00,-0.0685,-0.0528,-0.1213
2020-04-27 12:00:00,-0.0611,-0.0357,-0.0968
2020-04-27 11:59:00,-0.0706,-0.0204,-0.0909
2020-04-27 11:58:00,-0.0719,-0.0027,-0.0746
2020-04-27 11:57:00,-0.075,0.0152,-0.0598
2020-04-27 11:56:00,-0.0699,0.034,-0.0359
2020-04-27 11:55:00,-0.0605,0.0514,-0.009
2020-04-27 11:54:00,-0.0401,0.0666,0.0265
2020-04-27 11:53:00,-0.0215,0.0766,0.0551
2020-04-27 11:52:00,-0.0044,0.082,0.0775
2020-04-27 11:51:00,0.0011,0.0831,0.0842
2020-04-27 11:50:00,0.0021,0.0828,0.0849
2020-04-27 11:49:00,0.0023,0.0823,0.0845
2020-04-27 11:48:00,-0.007,0.0817,0.0747
2020-04-27 11:47:00,-0.0122,0.0835,0.0712
2020-04-27 11:46:00,-0.0161,0.0865,0.0704
2020-04-27 11:45:00,-0.0207,0.0906,0.0698
2020-04-27 11:44:00,-0.0345,0.0957,0.0613
2020-04-27 11:43:00,-0.038,0.1044,0.0664
2020-04-27 11:42:00,-0.0335,0.1139,0.0803
2020-04-27 11:41:00,-0.0306,0.1222,0.0916
2020-04-27 11:40:00,-0.0231,0.1299,0.1068
2020-04-27 11:39:00,-0.0192,0.1357,0.1165
2020-04-27 11:38:00,-0.0194,0.1404,0.121
2020-04-27 11:37:00,-0.0147,0.1453,0.1306
2020-04-27 11:36:00,-0.0044,0.149,0.1446
2020-04-27 11:35:00,0.0065,0.1501,0.1565
2020-04-27 11:34:00,0.006,0.1484,0.1544
2020-04-27 11:33:00,-0.001,0.1469,0.1459
2020-04-27 11:32:00,-0.0061,0.1472,0.1411
2020-04-27 11:31:00,-0.0001,0.1487,0.1487
2020-04-27 11:30:00,0.0049,0.1487,0.1536
2020-04-27 11:29:00,0.0105,0.1475,0.158
2020-04-27 11:28:00,0.0212,0.1449,0.1661
2020-04-27 11:27:00,0.0233,0.1396,0.1628
2020-04-27 11:26:00,0.0276,0.1338,0.1614
2020-04-27 11:25:00,0.0298,0.1269,0.1566
2020-04-27 11:24:00,0.0457,0.1194,0.1651
2020-04-27 11:23:00,0.0655,0.108,0.1735
2020-04-27 11:22:00,0.0761,0.0916,0.1677
2020-04-27 11:21:00,0.081,0.0726,0.1536
2020-04-27 11:20:00,0.0784,0.0524,0.1307
2020-04-27 11:19:00,0.0731,0.0328,0.1058
2020-04-27 11:18:00,0.0687,0.0145,0.0831
2020-04-27 11:17:00,0.0699,-0.0027,0.0672
2020-04-27 11:16:00,0.0661,-0.0202,0.046
2020-04-27 11:15:00,0.065,-0.0367,0.0283
2020-04-27 11:14:00,0.0675,-0.0529,0.0146
2020-04-27 11:13:00,0.0681,-0.0698,-0.0017
2020-04-27 11:12:00,0.066,-0.0869,-0.0209
2020-04-27 11:11:00,0.0664,-0.1033,-0.0369
2020-04-27 11:10:00,0.0707,-0.12,-0.0492
2020-04-27 11:09:00,0.077,-0.1376,-0.0607
2020-04-27 11:08:00,0.0784,-0.1569,-0.0784
2020-04-27 11:07:00,0.0683,-0.1765,-0.1081
2020-04-27 11:06:00,0.0583,-0.1936,-0.1353
2020-04-27 11:05:00,0.0391,-0.2081,-0.169
2020-04-27 11:04:00,0.009,-0.2179,-0.2089
2020-04-27 11:03:00,-0.022,-0.2202,-0.2422
2020-04-27 11:02:00,-0.0461,-0.2147,-0.2608
2020-04-27 11:01:00,-0.045,-0.2031,-0.2482
2020-04-27 11:00:00,-0.036,-0.1919,-0.2278
2020-04-27 10:59:00,-0.0274,-0.1829,-0.2103
2020-04-27 10:58:00,-0.0161,-0.176,-0.1921
2020-04-27 10:57:00,-0.0083,-0.172,-0.1803
2020-04-27 10:56:00,-0.0039,-0.1699,-0.1739
2020-04-27 10:55:00,-0.0051,-0.1689,-0.174
2020-04-27 10:54:00,0.0003,-0.1677,-0.1674
2020-04-27 10:53:00,0.0016,-0.1677,-0.1661
2020-04-27 10:52:00,-0.0092,-0.1681,-0.1774
2020-04-27 10:51:00,-0.0121,-0.1658,-0.1779
2020-04-27 10:50:00,-0.0028,-0.1628,-0.1656
2020-04-27 10:49:00,-0.0141,-0.1621,-0.1762
2020-04-27 10:48:00,-0.0113,-0.1586,-0.1699
2020-04-27 10:47:00,-0.0183,-0.1558,-0.1741
2020-04-27 10:46:00,-0.0039,-0.1512,-0.1551
2020-04-27 10:45:00,0.0104,-0.1502,-0.1398
2020-04-27 10:44:00,0.0092,-0.1528,-0.1436
2020-04-27 10:43:00,0.0055,-0.1551,-0.1496
2020-04-27 10:42:00,0.0025,-0.1565,-0.154
2020-04-27 10:41:00,0.0009,-0.1571,-0.1563
2020-04-27 10:40:00,-0.0108,-0.1574,-0.1681
2020-04-27 10:39:00,-0.0201,-0.1547,-0.1747
2020-04-27 10:38:00,-0.0218,-0.1497,-0.1714
2020-04-27 10:37:00,-0.0205,-0.1442,-0.1648
2020-04-27 10:36:00,-0.0208,-0.1391,-0.1599
2020-04-27 10:35:00,-0.0227,-0.1339,-0.1565
2020-04-27 10:34:00,-0.0238,-0.1282,-0.152
2020-04-27 10:33:00,-0.0374,-0.1223,-0.1597
2020-04-27 10:32:00,-0.0421,-0.1129,-0.155
2020-04-27 10:31:00,-0.046,-0.1024,-0.1483
2020-04-27 10:30:00,-0.0488,-0.0909,-0.1397
2020-04-27 10:29:00,-0.051,-0.0787,-0.1297
2020-04-27 10:28:00,-0.051,-0.0659,-0.1169
2020-04-27 10:27:00,-0.0383,-0.0532,-0.0914
2020-04-27 10:26:00,-0.0297,-0.0436,-0.0734
2020-04-27 10:25:00,-0.0201,-0.0362,-0.0563
2020-04-27 10:24:00,-0.0087,-0.0312,-0.0399
2020-04-27 10:23:00,-0.0179,-0.029,-0.0469
2020-04-27 10:22:00,-0.0155,-0.0245,-0.04
2020-04-27 10:21:00,-0.0068,-0.0206,-0.0274
2020-04-27 10:20:00,0.0019,-0.0189,-0.017
2020-04-27 10:19:00,0.0029,-0.0194,-0.0164
2020-04-27 10:18:00,0.0054,-0.0201,-0.0148
2020-04-27 10:17:00,-0.0042,-0.0214,-0.0256
2020-04-27 10:16:00,-0.0045,-0.0204,-0.0249
2020-04-27 10:15:00,0.0019,-0.0193,-0.0174
2020-04-27 10:14:00,0.0067,-0.0198,-0.0131
2020-04-27 10:13:00,0.0093,-0.0214,-0.0121
2020-04-27 10:12:00,0.0079,-0.0238,-0.0158
2020-04-27 10:11:00,-0.0027,-0.0257,-0.0285
2020-04-27 10:10:00,0.0079,-0.0251,-0.0172
2020-04-27 10:09:00,0.023,-0.027,-0.0041
2020-04-27 10:08:00,0.0399,-0.0328,0.0071
2020-04-27 10:07:00,0.0478,-0.0427,0.005
2020-04-27 10:06:00,0.0686,-0.0547,0.0139
2020-04-27 10:05:00,0.0827,-0.0718,0.0109
2020-04-27 10:04:00,0.0841,-0.0925,-0.0084
