date,OBV
2020-04-27 09:31:00,247539.0
2020-04-27 09:32:00,231928.0
2020-04-27 09:33:00,211694.0
2020-04-27 09:34:00,229561.0
2020-04-27 09:35:00,211313.0
2020-04-27 09:36:00,227088.0
2020-04-27 09:37:00,218847.0
2020-04-27 09:38:00,198433.0
2020-04-27 09:39:00,183552.0
2020-04-27 09:40:00,167100.0
2020-04-27 09:41:00,186206.0
2020-04-27 09:42:00,161533.0
2020-04-27 09:43:00,178771.0
2020-04-27 09:44:00,168862.0
2020-04-27 09:45:00,140950.0
2020-04-27 09:46:00,122456.0
2020-04-27 09:47:00,122456.0
2020-04-27 09:48:00,79221.0
2020-04-27 09:49:00,60062.0
2020-04-27 09:50:00,22895.0
2020-04-27 09:51:00,22588.0
2020-04-27 09:52:00,41099.0
2020-04-27 09:53:00,75268.0
2020-04-27 09:54:00,46276.0
2020-04-27 09:55:00,92386.0
2020-04-27 09:56:00,117162.0
2020-04-27 09:57:00,135359.0
2020-04-27 09:58:00,180377.0
2020-04-27 09:59:00,201347.0
2020-04-27 10:00:00,174289.0
2020-04-27 10:01:00,199664.0
2020-04-27 10:02:00,178719.0
2020-04-27 10:03:00,157386.0
2020-04-27 10:04:00,138286.0
2020-04-27 10:05:00,122413.0
2020-04-27 10:06:00,140266.0
2020-04-27 10:07:00,170208.0
2020-04-27 10:08:00,146431.0
2020-04-27 10:09:00,171792.0
2020-04-27 10:10:00,159092.0
2020-04-27 10:11:00,146616.0
2020-04-27 10:12:00,163698.0
2020-04-27 10:13:00,178033.0
2020-04-27 10:14:00,195108.0
2020-04-27 10:15:00,216042.0
2020-04-27 10:16:00,239023.0
2020-04-27 10:17:00,225259.0
2020-04-27 10:18:00,234866.0
2020-04-27 10:19:00,244319.0
2020-04-27 10:20:00,219874.0
2020-04-27 10:21:00,231149.0
2020-04-27 10:22:00,216287.0
2020-04-27 10:23:00,206317.0
2020-04-27 10:24:00,195288.0
2020-04-27 10:25:00,212074.0
2020-04-27 10:26:00,222307.0
2020-04-27 10:27:00,240351.0
2020-04-27 10:28:00,226830.0
2020-04-27 10:29:00,239074.0
2020-04-27 10:30:00,246468.0
2020-04-27 10:31:00,225660.0
2020-04-27 10:32:00,240971.0
2020-04-27 10:33:00,226124.0
2020-04-27 10:34:00,237423.0
2020-04-27 10:35:00,224903.0
2020-04-27 10:36:00,209686.0
2020-04-27 10:37:00,198244.0
2020-04-27 10:38:00,208494.0
2020-04-27 10:39:00,200214.0
2020-04-27 10:40:00,212941.0
2020-04-27 10:41:00,236861.0
2020-04-27 10:42:00,245747.0
2020-04-27 10:43:00,269609.0
2020-04-27 10:44:00,269609.0
2020-04-27 10:45:00,260858.0
2020-04-27 10:46:00,238311.0
2020-04-27 10:47:00,259531.0
2020-04-27 10:48:00,285749.0
2020-04-27 10:49:00,270262.0
2020-04-27 10:50:00,270262.0
2020-04-27 10:51:00,253753.0
2020-04-27 10:52:00,284910.0
2020-04-27 10:53:00,297200.0
2020-04-27 10:54:00,315818.0
2020-04-27 10:55:00,334447.0
2020-04-27 10:56:00,368293.0
2020-04-27 10:57:00,348753.0
2020-04-27 10:58:00,484419.0
2020-04-27 10:59:00,469244.0
2020-04-27 11:00:00,469244.0
2020-04-27 11:01:00,488429.0
2020-04-27 11:02:00,481722.0
2020-04-27 11:03:00,496599.0
2020-04-27 11:04:00,488499.0
2020-04-27 11:05:00,483184.0
2020-04-27 11:06:00,492162.0
2020-04-27 11:07:00,492162.0
2020-04-27 11:08:00,501464.0
2020-04-27 11:09:00,506716.0
2020-04-27 11:10:00,500519.0
2020-04-27 11:11:00,508353.0
2020-04-27 11:12:00,500345.0
2020-04-27 11:13:00,515619.0
2020-04-27 11:14:00,525812.0
2020-04-27 11:15:00,513334.0
2020-04-27 11:16:00,523165.0
2020-04-27 11:17:00,515391.0
2020-04-27 11:18:00,531487.0
2020-04-27 11:19:00,540117.0
2020-04-27 11:20:00,548477.0
2020-04-27 11:21:00,560433.0
2020-04-27 11:22:00,547689.0
2020-04-27 11:23:00,557313.0
2020-04-27 11:24:00,544307.0
2020-04-27 11:25:00,562391.0
2020-04-27 11:26:00,638087.0
2020-04-27 11:27:00,648609.0
2020-04-27 11:28:00,661577.0
2020-04-27 11:29:00,668135.0
2020-04-27 11:30:00,675586.0
2020-04-27 11:31:00,663101.0
2020-04-27 11:32:00,673051.0
2020-04-27 11:33:00,664321.0
2020-04-27 11:34:00,676124.0
2020-04-27 11:35:00,725039.0
2020-04-27 11:36:00,717327.0
2020-04-27 11:37:00,710274.0
2020-04-27 11:38:00,718765.0
2020-04-27 11:39:00,727989.0
2020-04-27 11:40:00,722009.0
2020-04-27 11:41:00,726570.0
2020-04-27 11:42:00,734817.0
2020-04-27 11:43:00,728008.0
2020-04-27 11:44:00,738468.0
2020-04-27 11:45:00,719114.0
2020-04-27 11:46:00,711230.0
2020-04-27 11:47:00,702461.0
2020-04-27 11:48:00,713959.0
2020-04-27 11:49:00,701294.0
2020-04-27 11:50:00,701294.0
2020-04-27 11:51:00,687720.0
2020-04-27 11:52:00,697274.0
2020-04-27 11:53:00,690080.0
2020-04-27 11:54:00,700648.0
2020-04-27 11:55:00,693840.0
2020-04-27 11:56:00,700421.0
2020-04-27 11:57:00,697888.0
2020-04-27 11:58:00,693437.0
2020-04-27 11:59:00,687664.0
2020-04-27 12:00:00,683314.0
2020-04-27 12:01:00,674538.0
2020-04-27 12:02:00,667122.0
2020-04-27 12:03:00,676285.0
2020-04-27 12:04:00,682303.0
2020-04-27 12:05:00,675226.0
2020-04-27 12:06:00,675226.0
2020-04-27 12:07:00,682602.0
2020-04-27 12:08:00,695836.0
2020-04-27 12:09:00,702060.0
2020-04-27 12:10:00,695282.0
2020-04-27 12:11:00,687604.0
2020-04-27 12:12:00,700507.0
2020-04-27 12:13:00,681148.0
2020-04-27 12:14:00,684914.0
2020-04-27 12:15:00,691588.0
2020-04-27 12:16:00,673536.0
2020-04-27 12:17:00,664714.0
2020-04-27 12:18:00,656962.0
2020-04-27 12:19:00,649954.0
2020-04-27 12:20:00,658396.0
2020-04-27 12:21:00,668144.0
2020-04-27 12:22:00,682475.0
2020-04-27 12:23:00,672333.0
2020-04-27 12:24:00,682669.0
2020-04-27 12:25:00,678957.0
2020-04-27 12:26:00,673738.0
2020-04-27 12:27:00,667427.0
2020-04-27 12:28:00,662860.0
2020-04-27 12:29:00,656593.0
2020-04-27 12:30:00,660431.0
2020-04-27 12:31:00,652339.0
2020-04-27 12:32:00,654793.0
2020-04-27 12:33:00,662679.0
2020-04-27 12:34:00,666816.0
2020-04-27 12:35:00,676595.0
2020-04-27 12:36:00,689920.0
2020-04-27 12:37:00,686578.0
2020-04-27 12:38:00,681512.0
2020-04-27 12:39:00,674410.0
2020-04-27 12:40:00,679206.0
2020-04-27 12:41:00,672396.0
2020-04-27 12:42:00,661035.0
2020-04-27 12:43:00,654885.0
2020-04-27 12:44:00,663763.0
2020-04-27 12:45:00,656983.0
2020-04-27 12:46:00,645743.0
2020-04-27 12:47:00,638552.0
2020-04-27 12:48:00,651477.0
2020-04-27 12:49:00,667700.0
2020-04-27 12:50:00,671741.0
2020-04-27 12:51:00,676263.0
2020-04-27 12:52:00,682643.0
2020-04-27 12:53:00,678691.0
2020-04-27 12:54:00,686788.0
2020-04-27 12:55:00,692992.0
2020-04-27 12:56:00,697539.0
2020-04-27 12:57:00,693314.0
2020-04-27 12:58:00,707934.0
2020-04-27 12:59:00,702778.0
2020-04-27 13:00:00,697176.0
2020-04-27 13:01:00,693355.0
2020-04-27 13:02:00,684320.0
2020-04-27 13:03:00,687848.0
2020-04-27 13:04:00,687848.0
2020-04-27 13:05:00,689043.0
2020-04-27 13:06:00,700081.0
2020-04-27 13:07:00,705953.0
2020-04-27 13:08:00,719723.0
2020-04-27 13:09:00,725675.0
2020-04-27 13:10:00,716623.0
2020-04-27 13:11:00,721267.0
2020-04-27 13:12:00,715948.0
2020-04-27 13:13:00,723789.0
2020-04-27 13:14:00,729273.0
2020-04-27 13:15:00,723811.0
2020-04-27 13:16:00,718083.0
2020-04-27 13:17:00,731574.0
2020-04-27 13:18:00,736587.0
2020-04-27 13:19:00,732255.0
2020-04-27 13:20:00,725087.0
2020-04-27 13:21:00,734850.0
2020-04-27 13:22:00,741994.0
2020-04-27 13:23:00,753772.0
2020-04-27 13:24:00,743055.0
2020-04-27 13:25:00,748178.0
2020-04-27 13:26:00,757452.0
2020-04-27 13:27:00,768770.0
2020-04-27 13:28:00,778745.0
2020-04-27 13:29:00,760244.0
2020-04-27 13:30:00,766298.0
2020-04-27 13:31:00,773109.0
2020-04-27 13:32:00,767647.0
2020-04-27 13:33:00,759626.0
2020-04-27 13:34:00,764895.0
2020-04-27 13:35:00,773455.0
2020-04-27 13:36:00,756889.0
2020-04-27 13:37:00,747021.0
2020-04-27 13:38:00,741582.0
2020-04-27 13:39:00,748599.0
2020-04-27 13:40:00,743858.0
2020-04-27 13:41:00,747995.0
2020-04-27 13:42:00,752808.0
2020-04-27 13:43:00,748855.0
2020-04-27 13:44:00,755436.0
2020-04-27 13:45:00,749401.0
2020-04-27 13:46:00,744726.0
2020-04-27 13:47:00,737789.0
2020-04-27 13:48:00,741670.0
2020-04-27 13:49:00,738032.0
2020-04-27 13:50:00,735391.0
2020-04-27 13:51:00,740353.0
2020-04-27 13:52:00,746589.0
2020-04-27 13:53:00,730076.0
2020-04-27 13:54:00,724676.0
2020-04-27 13:55:00,730195.0
2020-04-27 13:56:00,741035.0
2020-04-27 13:57:00,739365.0
2020-04-27 13:58:00,746614.0
2020-04-27 13:59:00,746614.0
2020-04-27 14:00:00,753363.0
2020-04-27 14:01:00,760457.0
2020-04-27 14:02:00,760457.0
2020-04-27 14:03:00,756692.0
2020-04-27 14:04:00,753904.0
2020-04-27 14:05:00,748587.0
2020-04-27 14:06:00,743982.0
2020-04-27 14:07:00,738696.0
2020-04-27 14:08:00,746368.0
2020-04-27 14:09:00,753386.0
2020-04-27 14:10:00,747788.0
2020-04-27 14:11:00,753648.0
2020-04-27 14:12:00,748656.0
2020-04-27 14:13:00,752879.0
2020-04-27 14:14:00,758472.0
2020-04-27 14:15:00,753055.0
2020-04-27 14:16:00,747998.0
2020-04-27 14:17:00,741622.0
2020-04-27 14:18:00,748258.0
2020-04-27 14:19:00,751383.0
2020-04-27 14:20:00,757117.0
2020-04-27 14:21:00,764172.0
2020-04-27 14:22:00,767777.0
2020-04-27 14:23:00,771698.0
2020-04-27 14:24:00,776571.0
2020-04-27 14:25:00,753618.0
2020-04-27 14:26:00,760312.0
2020-04-27 14:27:00,750566.0
2020-04-27 14:28:00,761162.0
2020-04-27 14:29:00,752515.0
2020-04-27 14:30:00,747085.0
2020-04-27 14:31:00,751578.0
2020-04-27 14:32:00,759700.0
2020-04-27 14:33:00,759700.0
2020-04-27 14:34:00,754308.0
2020-04-27 14:35:00,751049.0
2020-04-27 14:36:00,743117.0
2020-04-27 14:37:00,737316.0
2020-04-27 14:38:00,745265.0
2020-04-27 14:39:00,750746.0
2020-04-27 14:40:00,759432.0
2020-04-27 14:41:00,769673.0
2020-04-27 14:42:00,780228.0
2020-04-27 14:43:00,772238.0
2020-04-27 14:44:00,761262.0
2020-04-27 14:45:00,757854.0
2020-04-27 14:46:00,762146.0
2020-04-27 14:47:00,765628.0
2020-04-27 14:48:00,757556.0
2020-04-27 14:49:00,764158.0
2020-04-27 14:50:00,772051.0
2020-04-27 14:51:00,766016.0
2020-04-27 14:52:00,759085.0
2020-04-27 14:53:00,762974.0
2020-04-27 14:54:00,759433.0
2020-04-27 14:55:00,755678.0
2020-04-27 14:56:00,748320.0
2020-04-27 14:57:00,754616.0
2020-04-27 14:58:00,760447.0
2020-04-27 14:59:00,752743.0
2020-04-27 15:00:00,760068.0
2020-04-27 15:01:00,771392.0
2020-04-27 15:02:00,779316.0
2020-04-27 15:03:00,784814.0
2020-04-27 15:04:00,784814.0
2020-04-27 15:05:00,784814.0
2020-04-27 15:06:00,793151.0
2020-04-27 15:07:00,785074.0
2020-04-27 15:08:00,790610.0
2020-04-27 15:09:00,798522.0
2020-04-27 15:10:00,789756.0
2020-04-27 15:11:00,800466.0
2020-04-27 15:12:00,813116.0
2020-04-27 15:13:00,803436.0
2020-04-27 15:14:00,772132.0
2020-04-27 15:15:00,756355.0
2020-04-27 15:16:00,743194.0
2020-04-27 15:17:00,729227.0
2020-04-27 15:18:00,718769.0
2020-04-27 15:19:00,718769.0
2020-04-27 15:20:00,748156.0
2020-04-27 15:21:00,726487.0
2020-04-27 15:22:00,726487.0
2020-04-27 15:23:00,748606.0
2020-04-27 15:24:00,723617.0
2020-04-27 15:25:00,696574.0
2020-04-27 15:26:00,696574.0
2020-04-27 15:27:00,659650.0
2020-04-27 15:28:00,642882.0
2020-04-27 15:29:00,651127.0
2020-04-27 15:30:00,663554.0
2020-04-27 15:31:00,684885.0
2020-04-27 15:32:00,675692.0
2020-04-27 15:33:00,653846.0
2020-04-27 15:34:00,677053.0
2020-04-27 15:35:00,660443.0
2020-04-27 15:36:00,672447.0
2020-04-27 15:37:00,659822.0
2020-04-27 15:38:00,672925.0
2020-04-27 15:39:00,687189.0
2020-04-27 15:40:00,674011.0
2020-04-27 15:41:00,689131.0
2020-04-27 15:42:00,698495.0
2020-04-27 15:43:00,724114.0
2020-04-27 15:44:00,724114.0
2020-04-27 15:45:00,707600.0
2020-04-27 15:46:00,684140.0
2020-04-27 15:47:00,667509.0
2020-04-27 15:48:00,647394.0
2020-04-27 15:49:00,632416.0
2020-04-27 15:50:00,657559.0
2020-04-27 15:51:00,615535.0
2020-04-27 15:52:00,594741.0
2020-04-27 15:53:00,567009.0
2020-04-27 15:54:00,540370.0
2020-04-27 15:55:00,511096.0
2020-04-27 15:56:00,478981.0
2020-04-27 15:57:00,454268.0
2020-04-27 15:58:00,496353.0
2020-04-27 15:59:00,417267.0
2020-04-27 16:00:00,301207.0
2020-04-28 09:31:00,606564.0
2020-04-28 09:32:00,562529.0
2020-04-28 09:33:00,530780.0
2020-04-28 09:34:00,580958.0
2020-04-28 09:35:00,595208.0
2020-04-28 09:36:00,614543.0
2020-04-28 09:37:00,628628.0
2020-04-28 09:38:00,614364.0
2020-04-28 09:39:00,603918.0
2020-04-28 09:40:00,628516.0
2020-04-28 09:41:00,641372.0
2020-04-28 09:42:00,630050.0
2020-04-28 09:43:00,615252.0
2020-04-28 09:44:00,630789.0
2020-04-28 09:45:00,659594.0
2020-04-28 09:46:00,686090.0
2020-04-28 09:47:00,665379.0
2020-04-28 09:48:00,652406.0
2020-04-28 09:49:00,660704.0
2020-04-28 09:50:00,652909.0
2020-04-28 09:51:00,642218.0
2020-04-28 09:52:00,258373.0
2020-04-28 09:53:00,267946.0
2020-04-28 09:54:00,260595.0
2020-04-28 09:55:00,245472.0
2020-04-28 09:56:00,230433.0
2020-04-28 09:57:00,237189.0
2020-04-28 09:58:00,214466.0
2020-04-28 09:59:00,208021.0
2020-04-28 10:00:00,187456.0
2020-04-28 10:01:00,170989.0
2020-04-28 10:02:00,179106.0
2020-04-28 10:03:00,179106.0
2020-04-28 10:04:00,168878.0
2020-04-28 10:05:00,175037.0
2020-04-28 10:06:00,181537.0
2020-04-28 10:07:00,174318.0
2020-04-28 10:08:00,166850.0
2020-04-28 10:09:00,161612.0
2020-04-28 10:10:00,168012.0
2020-04-28 10:11:00,173465.0
2020-04-28 10:12:00,201598.0
2020-04-28 10:13:00,192507.0
2020-04-28 10:14:00,186010.0
2020-04-28 10:15:00,193793.0
2020-04-28 10:16:00,185891.0
2020-04-28 10:17:00,192079.0
2020-04-28 10:18:00,176197.0
2020-04-28 10:19:00,159764.0
2020-04-28 10:20:00,148926.0
2020-04-28 10:21:00,136151.0
2020-04-28 10:22:00,147410.0
2020-04-28 10:23:00,138865.0
2020-04-28 10:24:00,144855.0
2020-04-28 10:25:00,134206.0
2020-04-28 10:26:00,123787.0
2020-04-28 10:27:00,131545.0
2020-04-28 10:28:00,138815.0
2020-04-28 10:29:00,129811.0
2020-04-28 10:30:00,135947.0
2020-04-28 10:31:00,124217.0
2020-04-28 10:32:00,114673.0
2020-04-28 10:33:00,105487.0
2020-04-28 10:34:00,100001.0
2020-04-28 10:35:00,100001.0
2020-04-28 10:36:00,105743.0
2020-04-28 10:37:00,99119.0
2020-04-28 10:38:00,104535.0
2020-04-28 10:39:00,107152.0
2020-04-28 10:40:00,107152.0
2020-04-28 10:41:00,100391.0
2020-04-28 10:42:00,106140.0
2020-04-28 10:43:00,100519.0
2020-04-28 10:44:00,91317.0
2020-04-28 10:45:00,83179.0
2020-04-28 10:46:00,90049.0
2020-04-28 10:47:00,84173.0
2020-04-28 10:48:00,84173.0
2020-04-28 10:49:00,89858.0
2020-04-28 10:50:00,96918.0
2020-04-28 10:51:00,92767.0
2020-04-28 10:52:00,97569.0
2020-04-28 10:53:00,103320.0
2020-04-28 10:54:00,111581.0
2020-04-28 10:55:00,95490.0
2020-04-28 10:56:00,79290.0
2020-04-28 10:57:00,69481.0
2020-04-28 10:58:00,79168.0
2020-04-28 10:59:00,71123.0
2020-04-28 11:00:00,79081.0
2020-04-28 11:01:00,70756.0
2020-04-28 11:02:00,82389.0
2020-04-28 11:03:00,91724.0
2020-04-28 11:04:00,98289.0
2020-04-28 11:05:00,93805.0
2020-04-28 11:06:00,98889.0
2020-04-28 11:07:00,107054.0
2020-04-28 11:08:00,113434.0
2020-04-28 11:09:00,107189.0
2020-04-28 11:10:00,115591.0
2020-04-28 11:11:00,111761.0
2020-04-28 11:12:00,107081.0
2020-04-28 11:13:00,110148.0
2020-04-28 11:14:00,113153.0
2020-04-28 11:15:00,122908.0
2020-04-28 11:16:00,129045.0
2020-04-28 11:17:00,122081.0
2020-04-28 11:18:00,111528.0
2020-04-28 11:19:00,111528.0
2020-04-28 11:20:00,114232.0
2020-04-28 11:21:00,110696.0
2020-04-28 11:22:00,123353.0
2020-04-28 11:23:00,119409.0
2020-04-28 11:24:00,119409.0
2020-04-28 11:25:00,126248.0
2020-04-28 11:26:00,116317.0
2020-04-28 11:27:00,119065.0
2020-04-28 11:28:00,129711.0
2020-04-28 11:29:00,127280.0
2020-04-28 11:30:00,123440.0
2020-04-28 11:31:00,116785.0
2020-04-28 11:32:00,118745.0
2020-04-28 11:33:00,124773.0
2020-04-28 11:34:00,131686.0
2020-04-28 11:35:00,125023.0
2020-04-28 11:36:00,131057.0
2020-04-28 11:37:00,137877.0
2020-04-28 11:38:00,141852.0
2020-04-28 11:39:00,132409.0
2020-04-28 11:40:00,118334.0
2020-04-28 11:41:00,110605.0
2020-04-28 11:42:00,105615.0
2020-04-28 11:43:00,101108.0
2020-04-28 11:44:00,95800.0
2020-04-28 11:45:00,101046.0
2020-04-28 11:46:00,104731.0
2020-04-28 11:47:00,99159.0
2020-04-28 11:48:00,106614.0
2020-04-28 11:49:00,101417.0
2020-04-28 11:50:00,131097.0
2020-04-28 11:51:00,124524.0
2020-04-28 11:52:00,115469.0
2020-04-28 11:53:00,118821.0
2020-04-28 11:54:00,124822.0
2020-04-28 11:55:00,117727.0
2020-04-28 11:56:00,113615.0
2020-04-28 11:57:00,113615.0
2020-04-28 11:58:00,108739.0
2020-04-28 11:59:00,105416.0
2020-04-28 12:00:00,108877.0
2020-04-28 12:01:00,115536.0
2020-04-28 12:02:00,111007.0
2020-04-28 12:03:00,102984.0
2020-04-28 12:04:00,104574.0
2020-04-28 12:05:00,100449.0
2020-04-28 12:06:00,94437.0
2020-04-28 12:07:00,91399.0
2020-04-28 12:08:00,124882.0
2020-04-28 12:09:00,127432.0
2020-04-28 12:10:00,106389.0
2020-04-28 12:11:00,110514.0
2020-04-28 12:12:00,118199.0
2020-04-28 12:13:00,110827.0
2020-04-28 12:14:00,117918.0
2020-04-28 12:15:00,111551.0
2020-04-28 12:16:00,103962.0
2020-04-28 12:17:00,111790.0
2020-04-28 12:18:00,106903.0
2020-04-28 12:19:00,99720.0
2020-04-28 12:20:00,107891.0
2020-04-28 12:21:00,113678.0
2020-04-28 12:22:00,109937.0
2020-04-28 12:23:00,119305.0
2020-04-28 12:24:00,110753.0
2020-04-28 12:25:00,116359.0
2020-04-28 12:26:00,124606.0
2020-04-28 12:27:00,119572.0
2020-04-28 12:28:00,114168.0
2020-04-28 12:29:00,117995.0
2020-04-28 12:30:00,115742.0
2020-04-28 12:31:00,107837.0
2020-04-28 12:32:00,115491.0
2020-04-28 12:33:00,121135.0
2020-04-28 12:34:00,130874.0
2020-04-28 12:35:00,144561.0
2020-04-28 12:36:00,137637.0
2020-04-28 12:37:00,133793.0
2020-04-28 12:38:00,127962.0
2020-04-28 12:39:00,130687.0
2020-04-28 12:40:00,126198.0
2020-04-28 12:41:00,130397.0
2020-04-28 12:42:00,127953.0
2020-04-28 12:43:00,123868.0
2020-04-28 12:44:00,127108.0
2020-04-28 12:45:00,123217.0
2020-04-28 12:46:00,120549.0
2020-04-28 12:47:00,114475.0
2020-04-28 12:48:00,118637.0
2020-04-28 12:49:00,121326.0
2020-04-28 12:50:00,123808.0
2020-04-28 12:51:00,130628.0
2020-04-28 12:52:00,125028.0
2020-04-28 12:53:00,125028.0
2020-04-28 12:54:00,121772.0
2020-04-28 12:55:00,121772.0
2020-04-28 12:56:00,125234.0
2020-04-28 12:57:00,133320.0
2020-04-28 12:58:00,133320.0
2020-04-28 12:59:00,133320.0
2020-04-28 13:00:00,139018.0
2020-04-28 13:01:00,145061.0
2020-04-28 13:02:00,148529.0
2020-04-28 13:03:00,154820.0
2020-04-28 13:04:00,146615.0
2020-04-28 13:05:00,151787.0
2020-04-28 13:06:00,108481.0
2020-04-28 13:07:00,104120.0
2020-04-28 13:08:00,98003.0
2020-04-28 13:09:00,98003.0
2020-04-28 13:10:00,105548.0
2020-04-28 13:11:00,113714.0
2020-04-28 13:12:00,109014.0
2020-04-28 13:13:00,100993.0
2020-04-28 13:14:00,98307.0
2020-04-28 13:15:00,91553.0
2020-04-28 13:16:00,94303.0
2020-04-28 13:17:00,99665.0
2020-04-28 13:18:00,96420.0
2020-04-28 13:19:00,99216.0
2020-04-28 13:20:00,92546.0
2020-04-28 13:21:00,102267.0
2020-04-28 13:22:00,96927.0
2020-04-28 13:23:00,104158.0
2020-04-28 13:24:00,99099.0
2020-04-28 13:25:00,104221.0
2020-04-28 13:26:00,98062.0
2020-04-28 13:27:00,69834.0
2020-04-28 13:28:00,77704.0
2020-04-28 13:29:00,83664.0
2020-04-28 13:30:00,78342.0
2020-04-28 13:31:00,72217.0
2020-04-28 13:32:00,79239.0
2020-04-28 13:33:00,83423.0
2020-04-28 13:34:00,78859.0
2020-04-28 13:35:00,74533.0
2020-04-28 13:36:00,76730.0
2020-04-28 13:37:00,73599.0
2020-04-28 13:38:00,76565.0
2020-04-28 13:39:00,81393.0
2020-04-28 13:40:00,79771.0
2020-04-28 13:41:00,86868.0
2020-04-28 13:42:00,82806.0
2020-04-28 13:43:00,85587.0
2020-04-28 13:44:00,88052.0
2020-04-28 13:45:00,95018.0
2020-04-28 13:46:00,92542.0
2020-04-28 13:47:00,95258.0
2020-04-28 13:48:00,99439.0
2020-04-28 13:49:00,94458.0
2020-04-28 13:50:00,83470.0
2020-04-28 13:51:00,92219.0
2020-04-28 13:52:00,97122.0
2020-04-28 13:53:00,89866.0
2020-04-28 13:54:00,85203.0
2020-04-28 13:55:00,82836.0
2020-04-28 13:56:00,60386.0
2020-04-28 13:57:00,48320.0
2020-04-28 13:58:00,42846.0
2020-04-28 13:59:00,34494.0
2020-04-28 14:00:00,32642.0
2020-04-28 14:01:00,36182.0
2020-04-28 14:02:00,39269.0
2020-04-28 14:03:00,43783.0
2020-04-28 14:04:00,38083.0
2020-04-28 14:05:00,41152.0
2020-04-28 14:06:00,35010.0
2020-04-28 14:07:00,35010.0
2020-04-28 14:08:00,30998.0
2020-04-28 14:09:00,35171.0
2020-04-28 14:10:00,27579.0
2020-04-28 14:11:00,15609.0
2020-04-28 14:12:00,18719.0
2020-04-28 14:13:00,10716.0
2020-04-28 14:14:00,14592.0
2020-04-28 14:15:00,11522.0
2020-04-28 14:16:00,4814.0
2020-04-28 14:17:00,837.0
2020-04-28 14:18:00,4339.0
2020-04-28 14:19:00,6983.0
2020-04-28 14:20:00,10552.0
2020-04-28 14:21:00,15773.0
2020-04-28 14:22:00,19433.0
2020-04-28 14:23:00,19433.0
2020-04-28 14:24:00,14569.0
2020-04-28 14:25:00,20403.0
2020-04-28 14:26:00,25071.0
2020-04-28 14:27:00,22907.0
2020-04-28 14:28:00,18642.0
2020-04-28 14:29:00,11699.0
2020-04-28 14:30:00,17315.0
2020-04-28 14:31:00,32473.0
2020-04-28 14:32:00,17817.0
2020-04-28 14:33:00,22957.0
2020-04-28 14:34:00,18242.0
2020-04-28 14:35:00,14332.0
2020-04-28 14:36:00,9733.0
2020-04-28 14:37:00,3984.0
2020-04-28 14:38:00,7683.0
2020-04-28 14:39:00,4511.0
2020-04-28 14:40:00,63.0
2020-04-28 14:41:00,2295.0
2020-04-28 14:42:00,-1780.0
2020-04-28 14:43:00,1745.0
2020-04-28 14:44:00,-2744.0
2020-04-28 14:45:00,-9391.0
2020-04-28 14:46:00,-17505.0
2020-04-28 14:47:00,-13122.0
2020-04-28 14:48:00,-20505.0
2020-04-28 14:49:00,-24469.0
2020-04-28 14:50:00,-20062.0
2020-04-28 14:51:00,-16003.0
2020-04-28 14:52:00,-19485.0
2020-04-28 14:53:00,-23749.0
2020-04-28 14:54:00,-21753.0
2020-04-28 14:55:00,-25243.0
2020-04-28 14:56:00,-25243.0
2020-04-28 14:57:00,-29816.0
2020-04-28 14:58:00,-32483.0
2020-04-28 14:59:00,-30749.0
2020-04-28 15:00:00,-25079.0
2020-04-28 15:01:00,-29493.0
2020-04-28 15:02:00,-25599.0
2020-04-28 15:03:00,-23197.0
2020-04-28 15:04:00,-27200.0
2020-04-28 15:05:00,-24681.0
2020-04-28 15:06:00,-20684.0
2020-04-28 15:07:00,-16602.0
2020-04-28 15:08:00,-13253.0
2020-04-28 15:09:00,-10573.0
2020-04-28 15:10:00,-13848.0
2020-04-28 15:11:00,-10904.0
2020-04-28 15:12:00,-8369.0
2020-04-28 15:13:00,-4500.0
2020-04-28 15:14:00,-4500.0
2020-04-28 15:15:00,-8058.0
2020-04-28 15:16:00,-12491.0
2020-04-28 15:17:00,-8695.0
2020-04-28 15:18:00,-12694.0
2020-04-28 15:19:00,-7846.0
2020-04-28 15:20:00,-3589.0
2020-04-28 15:21:00,14862.0
2020-04-28 15:22:00,7295.0
2020-04-28 15:23:00,12844.0
2020-04-28 15:24:00,9495.0
2020-04-28 15:25:00,14115.0
2020-04-28 15:26:00,18429.0
2020-04-28 15:27:00,23716.0
2020-04-28 15:28:00,20441.0
2020-04-28 15:29:00,15001.0
2020-04-28 15:30:00,21670.0
2020-04-28 15:31:00,32750.0
2020-04-28 15:32:00,27281.0
2020-04-28 15:33:00,33073.0
2020-04-28 15:34:00,22604.0
2020-04-28 15:35:00,16819.0
2020-04-28 15:36:00,9123.0
2020-04-28 15:37:00,14971.0
2020-04-28 15:38:00,-2253.0
2020-04-28 15:39:00,9317.0
2020-04-28 15:40:00,17114.0
2020-04-28 15:41:00,9952.0
2020-04-28 15:42:00,16225.0
2020-04-28 15:43:00,9173.0
2020-04-28 15:44:00,1571.0
2020-04-28 15:45:00,-9020.0
2020-04-28 15:46:00,-20761.0
2020-04-28 15:47:00,-29470.0
2020-04-28 15:48:00,-15511.0
2020-04-28 15:49:00,-31014.0
2020-04-28 15:50:00,-47460.0
2020-04-28 15:51:00,-17205.0
2020-04-28 15:52:00,-33100.0
2020-04-28 15:53:00,-49505.0
2020-04-28 15:54:00,-49505.0
2020-04-28 15:55:00,-66018.0
2020-04-28 15:56:00,-15447.0
2020-04-28 15:57:00,2068.0
2020-04-28 15:58:00,-24348.0
2020-04-28 15:59:00,5203.0
2020-04-28 16:00:00,-62881.0
2020-04-29 09:31:00,122901.0
2020-04-29 09:32:00,126038.0
2020-04-29 09:33:00,153327.0
2020-04-29 09:34:00,140834.0
2020-04-29 09:35:00,158006.0
2020-04-29 09:36:00,145993.0
2020-04-29 09:37:00,179415.0
2020-04-29 09:38:00,202476.0
2020-04-29 09:39:00,213445.0
2020-04-29 09:40:00,223571.0
2020-04-29 09:41:00,239662.0
2020-04-29 09:42:00,251287.0
2020-04-29 09:43:00,228791.0
2020-04-29 09:44:00,241801.0
2020-04-29 09:45:00,232401.0
2020-04-29 09:46:00,218931.0
2020-04-29 09:47:00,210653.0
2020-04-29 09:48:00,219850.0
2020-04-29 09:49:00,233358.0
2020-04-29 09:50:00,248361.0
2020-04-29 09:51:00,266704.0
2020-04-29 09:52:00,279792.0
2020-04-29 09:53:00,251038.0
2020-04-29 09:54:00,269807.0
2020-04-29 09:55:00,250930.0
2020-04-29 09:56:00,266655.0
2020-04-29 09:57:00,291318.0
2020-04-29 09:58:00,302936.0
2020-04-29 09:59:00,291002.0
2020-04-29 10:00:00,305620.0
2020-04-29 10:01:00,295437.0
2020-04-29 10:02:00,304379.0
2020-04-29 10:03:00,298551.0
2020-04-29 10:04:00,307646.0
2020-04-29 10:05:00,324808.0
2020-04-29 10:06:00,316571.0
2020-04-29 10:07:00,305557.0
2020-04-29 10:08:00,297815.0
2020-04-29 10:09:00,282330.0
2020-04-29 10:10:00,286402.0
2020-04-29 10:11:00,290319.0
2020-04-29 10:12:00,283942.0
2020-04-29 10:13:00,291597.0
2020-04-29 10:14:00,301298.0
2020-04-29 10:15:00,310237.0
2020-04-29 10:16:00,319540.0
2020-04-29 10:17:00,333436.0
2020-04-29 10:18:00,322097.0
2020-04-29 10:19:00,332669.0
2020-04-29 10:20:00,343581.0
2020-04-29 10:21:00,335263.0
2020-04-29 10:22:00,329258.0
2020-04-29 10:23:00,354542.0
2020-04-29 10:24:00,350633.0
2020-04-29 10:25:00,344977.0
2020-04-29 10:26:00,338533.0
2020-04-29 10:27:00,326350.0
2020-04-29 10:28:00,335341.0
2020-04-29 10:29:00,335341.0
2020-04-29 10:30:00,335341.0
2020-04-29 10:31:00,345620.0
2020-04-29 10:32:00,332769.0
2020-04-29 10:33:00,322640.0
2020-04-29 10:34:00,317779.0
2020-04-29 10:35:00,327289.0
2020-04-29 10:36:00,368111.0
2020-04-29 10:37:00,380864.0
2020-04-29 10:38:00,357679.0
2020-04-29 10:39:00,350169.0
2020-04-29 10:40:00,353857.0
2020-04-29 10:41:00,362037.0
2020-04-29 10:42:00,369568.0
2020-04-29 10:43:00,366097.0
2020-04-29 10:44:00,369350.0
2020-04-29 10:45:00,378197.0
2020-04-29 10:46:00,372849.0
2020-04-29 10:47:00,363217.0
2020-04-29 10:48:00,366033.0
2020-04-29 10:49:00,381479.0
2020-04-29 10:50:00,386705.0
2020-04-29 10:51:00,397410.0
2020-04-29 10:52:00,408864.0
2020-04-29 10:53:00,387966.0
2020-04-29 10:54:00,378724.0
2020-04-29 10:55:00,372862.0
2020-04-29 10:56:00,363689.0
2020-04-29 10:57:00,352773.0
2020-04-29 10:58:00,338624.0
2020-04-29 10:59:00,343338.0
2020-04-29 11:00:00,353708.0
2020-04-29 11:01:00,339386.0
2020-04-29 11:02:00,316249.0
2020-04-29 11:03:00,302919.0
2020-04-29 11:04:00,295424.0
2020-04-29 11:05:00,280912.0
2020-04-29 11:06:00,295654.0
2020-04-29 11:07:00,289904.0
2020-04-29 11:08:00,282732.0
2020-04-29 11:09:00,253018.0
2020-04-29 11:10:00,253018.0
2020-04-29 11:11:00,263334.0
2020-04-29 11:12:00,274106.0
2020-04-29 11:13:00,253448.0
2020-04-29 11:14:00,267142.0
2020-04-29 11:15:00,247347.0
2020-04-29 11:16:00,252037.0
2020-04-29 11:17:00,248220.0
2020-04-29 11:18:00,244020.0
2020-04-29 11:19:00,235489.0
2020-04-29 11:20:00,224807.0
2020-04-29 11:21:00,224807.0
2020-04-29 11:22:00,231453.0
2020-04-29 11:23:00,203613.0
2020-04-29 11:24:00,191965.0
2020-04-29 11:25:00,182187.0
2020-04-29 11:26:00,172355.0
2020-04-29 11:27:00,152816.0
2020-04-29 11:28:00,168510.0
2020-04-29 11:29:00,155033.0
2020-04-29 11:30:00,146188.0
2020-04-29 11:31:00,137400.0
2020-04-29 11:32:00,157740.0
2020-04-29 11:33:00,162859.0
2020-04-29 11:34:00,162859.0
2020-04-29 11:35:00,162859.0
2020-04-29 11:36:00,167884.0
2020-04-29 11:37:00,160202.0
2020-04-29 11:38:00,168230.0
2020-04-29 11:39:00,160215.0
2020-04-29 11:40:00,166612.0
2020-04-29 11:41:00,154639.0
2020-04-29 11:42:00,146071.0
2020-04-29 11:43:00,156866.0
2020-04-29 11:44:00,126329.0
2020-04-29 11:45:00,112401.0
2020-04-29 11:46:00,105094.0
2020-04-29 11:47:00,114764.0
2020-04-29 11:48:00,98947.0
2020-04-29 11:49:00,103355.0
2020-04-29 11:50:00,115806.0
2020-04-29 11:51:00,85596.0
2020-04-29 11:52:00,95332.0
2020-04-29 11:53:00,100455.0
2020-04-29 11:54:00,90054.0
2020-04-29 11:55:00,103152.0
2020-04-29 11:56:00,62377.0
2020-04-29 11:57:00,47947.0
2020-04-29 11:58:00,13768.0
2020-04-29 11:59:00,5437.0
2020-04-29 12:00:00,-583.0
2020-04-29 12:01:00,14689.0
2020-04-29 12:02:00,23052.0
2020-04-29 12:03:00,11282.0
2020-04-29 12:04:00,1437.0
2020-04-29 12:05:00,7090.0
2020-04-29 12:06:00,-26087.0
2020-04-29 12:07:00,-16489.0
2020-04-29 12:08:00,-30024.0
2020-04-29 12:09:00,-42383.0
2020-04-29 12:10:00,-28052.0
2020-04-29 12:11:00,-28052.0
2020-04-29 12:12:00,-16958.0
2020-04-29 12:13:00,-24008.0
2020-04-29 12:14:00,-11444.0
2020-04-29 12:15:00,-22409.0
2020-04-29 12:16:00,-8033.0
2020-04-29 12:17:00,-22061.0
2020-04-29 12:18:00,-43637.0
2020-04-29 12:19:00,-33022.0
2020-04-29 12:20:00,-41848.0
2020-04-29 12:21:00,-18808.0
2020-04-29 12:22:00,-10974.0
2020-04-29 12:23:00,-8386.0
2020-04-29 12:24:00,-13924.0
2020-04-29 12:25:00,-7697.0
2020-04-29 12:26:00,-19551.0
2020-04-29 12:27:00,-13990.0
2020-04-29 12:28:00,-20059.0
2020-04-29 12:29:00,-33214.0
2020-04-29 12:30:00,-42448.0
2020-04-29 12:31:00,-53743.0
2020-04-29 12:32:00,-37548.0
2020-04-29 12:33:00,-60519.0
2020-04-29 12:34:00,-63766.0
2020-04-29 12:35:00,-55048.0
2020-04-29 12:36:00,-48448.0
2020-04-29 12:37:00,-43953.0
2020-04-29 12:38:00,-39062.0
2020-04-29 12:39:00,-32173.0
2020-04-29 12:40:00,-43688.0
2020-04-29 12:41:00,-60931.0
2020-04-29 12:42:00,-51452.0
2020-04-29 12:43:00,-63945.0
2020-04-29 12:44:00,-59110.0
2020-04-29 12:45:00,-63897.0
2020-04-29 12:46:00,-75727.0
2020-04-29 12:47:00,-99767.0
2020-04-29 12:48:00,-103312.0
2020-04-29 12:49:00,-99809.0
2020-04-29 12:50:00,-113037.0
2020-04-29 12:51:00,-110010.0
2020-04-29 12:52:00,-101316.0
2020-04-29 12:53:00,-104670.0
2020-04-29 12:54:00,-93701.0
2020-04-29 12:55:00,-81662.0
2020-04-29 12:56:00,-92669.0
2020-04-29 12:57:00,-100703.0
2020-04-29 12:58:00,-106711.0
2020-04-29 12:59:00,-116080.0
2020-04-29 13:00:00,-111530.0
2020-04-29 13:01:00,-106217.0
2020-04-29 13:02:00,-118041.0
2020-04-29 13:03:00,-127585.0
2020-04-29 13:04:00,-122123.0
2020-04-29 13:05:00,-144440.0
2020-04-29 13:06:00,-136008.0
2020-04-29 13:07:00,-151718.0
2020-04-29 13:08:00,-166287.0
2020-04-29 13:09:00,-166287.0
2020-04-29 13:10:00,-157738.0
2020-04-29 13:11:00,-163053.0
2020-04-29 13:12:00,-163053.0
2020-04-29 13:13:00,-169859.0
2020-04-29 13:14:00,-175219.0
2020-04-29 13:15:00,-184225.0
2020-04-29 13:16:00,-190424.0
2020-04-29 13:17:00,-183915.0
2020-04-29 13:18:00,-189755.0
2020-04-29 13:19:00,-182196.0
2020-04-29 13:20:00,-188488.0
2020-04-29 13:21:00,-196325.0
2020-04-29 13:22:00,-201549.0
2020-04-29 13:23:00,-209000.0
2020-04-29 13:24:00,-213080.0
2020-04-29 13:25:00,-210086.0
2020-04-29 13:26:00,-193870.0
2020-04-29 13:27:00,-183426.0
2020-04-29 13:28:00,-196709.0
2020-04-29 13:29:00,-204325.0
2020-04-29 13:30:00,-213057.0
2020-04-29 13:31:00,-231659.0
2020-04-29 13:32:00,-245758.0
2020-04-29 13:33:00,-260541.0
2020-04-29 13:34:00,-274473.0
2020-04-29 13:35:00,-280913.0
2020-04-29 13:36:00,-289065.0
2020-04-29 13:37:00,-284506.0
2020-04-29 13:38:00,-284506.0
2020-04-29 13:39:00,-291816.0
2020-04-29 13:40:00,-301454.0
2020-04-29 13:41:00,-291244.0
2020-04-29 13:42:00,-294322.0
2020-04-29 13:43:00,-299270.0
2020-04-29 13:44:00,-306992.0
2020-04-29 13:45:00,-319848.0
2020-04-29 13:46:00,-327854.0
2020-04-29 13:47:00,-360788.0
2020-04-29 13:48:00,-351393.0
2020-04-29 13:49:00,-358330.0
2020-04-29 13:50:00,-371565.0
2020-04-29 13:51:00,-396605.0
2020-04-29 13:52:00,-386429.0
2020-04-29 13:53:00,-402524.0
2020-04-29 13:54:00,-423616.0
2020-04-29 13:55:00,-459081.0
2020-04-29 13:56:00,-435192.0
2020-04-29 13:57:00,-419990.0
2020-04-29 13:58:00,-419990.0
2020-04-29 13:59:00,-437153.0
2020-04-29 14:00:00,-414707.0
2020-04-29 14:01:00,-478332.0
2020-04-29 14:02:00,-441839.0
2020-04-29 14:03:00,-522759.0
2020-04-29 14:04:00,-576805.0
2020-04-29 14:05:00,-543412.0
2020-04-29 14:06:00,-575253.0
2020-04-29 14:07:00,-542745.0
2020-04-29 14:08:00,-575398.0
2020-04-29 14:09:00,-594209.0
2020-04-29 14:10:00,-640472.0
2020-04-29 14:11:00,-674488.0
2020-04-29 14:12:00,-737921.0
2020-04-29 14:13:00,-711388.0
2020-04-29 14:14:00,-680267.0
2020-04-29 14:15:00,-651131.0
2020-04-29 14:16:00,-601350.0
2020-04-29 14:17:00,-617297.0
2020-04-29 14:18:00,-628499.0
2020-04-29 14:19:00,-640612.0
2020-04-29 14:20:00,-612507.0
2020-04-29 14:21:00,-595748.0
2020-04-29 14:22:00,-582619.0
2020-04-29 14:23:00,-565714.0
2020-04-29 14:24:00,-574843.0
2020-04-29 14:25:00,-435803.0
2020-04-29 14:26:00,-416779.0
2020-04-29 14:27:00,-433643.0
2020-04-29 14:28:00,-428129.0
2020-04-29 14:29:00,-436778.0
2020-04-29 14:30:00,-448806.0
2020-04-29 14:31:00,-462948.0
2020-04-29 14:32:00,-472211.0
2020-04-29 14:33:00,-458984.0
2020-04-29 14:34:00,-458984.0
2020-04-29 14:35:00,-467716.0
2020-04-29 14:36:00,-475704.0
2020-04-29 14:37:00,-463991.0
2020-04-29 14:38:00,-438729.0
2020-04-29 14:39:00,-426273.0
2020-04-29 14:40:00,-483533.0
2020-04-29 14:41:00,-472143.0
2020-04-29 14:42:00,-463685.0
2020-04-29 14:43:00,-474493.0
2020-04-29 14:44:00,-483994.0
2020-04-29 14:45:00,-494120.0
2020-04-29 14:46:00,-508972.0
2020-04-29 14:47:00,-518506.0
2020-04-29 14:48:00,-509087.0
2020-04-29 14:49:00,-518631.0
2020-04-29 14:50:00,-526782.0
2020-04-29 14:51:00,-516592.0
2020-04-29 14:52:00,-516592.0
2020-04-29 14:53:00,-530271.0
2020-04-29 14:54:00,-545508.0
2020-04-29 14:55:00,-536861.0
2020-04-29 14:56:00,-532294.0
2020-04-29 14:57:00,-528370.0
2020-04-29 14:58:00,-520386.0
2020-04-29 14:59:00,-512893.0
2020-04-29 15:00:00,-527097.0
2020-04-29 15:01:00,-542640.0
2020-04-29 15:02:00,-553611.0
2020-04-29 15:03:00,-544443.0
2020-04-29 15:04:00,-573977.0
2020-04-29 15:05:00,-556353.0
2020-04-29 15:06:00,-571008.0
2020-04-29 15:07:00,-566702.0
2020-04-29 15:08:00,-582999.0
2020-04-29 15:09:00,-594839.0
2020-04-29 15:10:00,-583752.0
2020-04-29 15:11:00,-594385.0
2020-04-29 15:12:00,-583861.0
2020-04-29 15:13:00,-583861.0
2020-04-29 15:14:00,-574592.0
2020-04-29 15:15:00,-583460.0
2020-04-29 15:16:00,-600084.0
2020-04-29 15:17:00,-614908.0
2020-04-29 15:18:00,-603204.0
2020-04-29 15:19:00,-621438.0
2020-04-29 15:20:00,-598921.0
2020-04-29 15:21:00,-616398.0
2020-04-29 15:22:00,-598584.0
2020-04-29 15:23:00,-598584.0
2020-04-29 15:24:00,-620335.0
2020-04-29 15:25:00,-586486.0
2020-04-29 15:26:00,-561442.0
2020-04-29 15:27:00,-592306.0
2020-04-29 15:28:00,-614128.0
2020-04-29 15:29:00,-646784.0
2020-04-29 15:30:00,-630263.0
2020-04-29 15:31:00,-662006.0
2020-04-29 15:32:00,-646055.0
2020-04-29 15:33:00,-673441.0
2020-04-29 15:34:00,-654090.0
2020-04-29 15:35:00,-632781.0
2020-04-29 15:36:00,-724795.0
2020-04-29 15:37:00,-765869.0
2020-04-29 15:38:00,-797942.0
2020-04-29 15:39:00,-753975.0
2020-04-29 15:40:00,-792543.0
2020-04-29 15:41:00,-757214.0
2020-04-29 15:42:00,-731468.0
2020-04-29 15:43:00,-767827.0
2020-04-29 15:44:00,-729626.0
2020-04-29 15:45:00,-760448.0
2020-04-29 15:46:00,-684305.0
2020-04-29 15:47:00,-715321.0
2020-04-29 15:48:00,-751923.0
2020-04-29 15:49:00,-720592.0
2020-04-29 15:50:00,-687362.0
2020-04-29 15:51:00,-748177.0
2020-04-29 15:52:00,-793850.0
2020-04-29 15:53:00,-835843.0
2020-04-29 15:54:00,-876808.0
2020-04-29 15:55:00,-830051.0
2020-04-29 15:56:00,-897717.0
2020-04-29 15:57:00,-963246.0
2020-04-29 15:58:00,-1033555.0
2020-04-29 15:59:00,-1118494.0
2020-04-29 16:00:00,-1402649.0
2020-04-30 09:31:00,-1670148.0
2020-04-30 09:32:00,-1693183.0
2020-04-30 09:33:00,-1706795.0
2020-04-30 09:34:00,-1737637.0
2020-04-30 09:35:00,-1719413.0
2020-04-30 09:36:00,-1765142.0
2020-04-30 09:37:00,-1783589.0
2020-04-30 09:38:00,-1742063.0
2020-04-30 09:39:00,-1710817.0
2020-04-30 09:40:00,-1749945.0
2020-04-30 09:41:00,-1782239.0
2020-04-30 09:42:00,-1746083.0
2020-04-30 09:43:00,-1720750.0
2020-04-30 09:44:00,-1689855.0
2020-04-30 09:45:00,-1663025.0
2020-04-30 09:46:00,-1681542.0
2020-04-30 09:47:00,-1670601.0
2020-04-30 09:48:00,-1647990.0
2020-04-30 09:49:00,-1628897.0
2020-04-30 09:50:00,-1609969.0
2020-04-30 09:51:00,-1599823.0
2020-04-30 09:52:00,-1591494.0
2020-04-30 09:53:00,-1610327.0
2020-04-30 09:54:00,-1591347.0
2020-04-30 09:55:00,-1614970.0
2020-04-30 09:56:00,-1625839.0
2020-04-30 09:57:00,-1613537.0
2020-04-30 09:58:00,-1613537.0
2020-04-30 09:59:00,-1639212.0
2020-04-30 10:00:00,-1663522.0
2020-04-30 10:01:00,-1637868.0
2020-04-30 10:02:00,-1623112.0
2020-04-30 10:03:00,-1602804.0
2020-04-30 10:04:00,-1602804.0
2020-04-30 10:05:00,-1614117.0
2020-04-30 10:06:00,-1603070.0
2020-04-30 10:07:00,-1588314.0
2020-04-30 10:08:00,-1598918.0
2020-04-30 10:09:00,-1584249.0
2020-04-30 10:10:00,-1593520.0
2020-04-30 10:11:00,-1579317.0
2020-04-30 10:12:00,-1586737.0
2020-04-30 10:13:00,-1571681.0
2020-04-30 10:14:00,-1556459.0
2020-04-30 10:15:00,-1539629.0
2020-04-30 10:16:00,-1552628.0
2020-04-30 10:17:00,-1569380.0
2020-04-30 10:18:00,-1587495.0
2020-04-30 10:19:00,-1570664.0
2020-04-30 10:20:00,-1591956.0
2020-04-30 10:21:00,-1606022.0
2020-04-30 10:22:00,-1615984.0
2020-04-30 10:23:00,-1627045.0
2020-04-30 10:24:00,-1617718.0
2020-04-30 10:25:00,-1656875.0
2020-04-30 10:26:00,-1641474.0
2020-04-30 10:27:00,-1633575.0
2020-04-30 10:28:00,-1624362.0
2020-04-30 10:29:00,-1612621.0
2020-04-30 10:30:00,-1495268.0
2020-04-30 10:31:00,-1481674.0
2020-04-30 10:32:00,-1497598.0
2020-04-30 10:33:00,-1484801.0
2020-04-30 10:34:00,-1503047.0
2020-04-30 10:35:00,-1488017.0
2020-04-30 10:36:00,-1464683.0
2020-04-30 10:37:00,-1479048.0
2020-04-30 10:38:00,-1490171.0
2020-04-30 10:39:00,-1504768.0
2020-04-30 10:40:00,-1512726.0
2020-04-30 10:41:00,-1531014.0
2020-04-30 10:42:00,-1541620.0
2020-04-30 10:43:00,-1532939.0
2020-04-30 10:44:00,-1544486.0
2020-04-30 10:45:00,-1552371.0
2020-04-30 10:46:00,-1566135.0
2020-04-30 10:47:00,-1552121.0
2020-04-30 10:48:00,-1565800.0
2020-04-30 10:49:00,-1576072.0
2020-04-30 10:50:00,-1566554.0
2020-04-30 10:51:00,-1556870.0
2020-04-30 10:52:00,-1540101.0
2020-04-30 10:53:00,-1556922.0
2020-04-30 10:54:00,-1534354.0
2020-04-30 10:55:00,-1525797.0
2020-04-30 10:56:00,-1536121.0
2020-04-30 10:57:00,-1526458.0
2020-04-30 10:58:00,-1537592.0
2020-04-30 10:59:00,-1550204.0
2020-04-30 11:00:00,-1563728.0
2020-04-30 11:01:00,-1551312.0
2020-04-30 11:02:00,-1543062.0
2020-04-30 11:03:00,-1550281.0
2020-04-30 11:04:00,-1541368.0
2020-04-30 11:05:00,-1549745.0
2020-04-30 11:06:00,-1559692.0
2020-04-30 11:07:00,-1559692.0
2020-04-30 11:08:00,-1548926.0
2020-04-30 11:09:00,-1548926.0
2020-04-30 11:10:00,-1541537.0
2020-04-30 11:11:00,-1549912.0
2020-04-30 11:12:00,-1557265.0
2020-04-30 11:13:00,-1548210.0
2020-04-30 11:14:00,-1557947.0
2020-04-30 11:15:00,-1557947.0
2020-04-30 11:16:00,-1550243.0
2020-04-30 11:17:00,-1561346.0
2020-04-30 11:18:00,-1551798.0
2020-04-30 11:19:00,-1558589.0
2020-04-30 11:20:00,-1568485.0
2020-04-30 11:21:00,-1577712.0
2020-04-30 11:22:00,-1568011.0
2020-04-30 11:23:00,-1578353.0
2020-04-30 11:24:00,-1586341.0
2020-04-30 11:25:00,-1577543.0
2020-04-30 11:26:00,-1587286.0
2020-04-30 11:27:00,-1580333.0
2020-04-30 11:28:00,-1580333.0
2020-04-30 11:29:00,-1592731.0
2020-04-30 11:30:00,-1584497.0
2020-04-30 11:31:00,-1575340.0
2020-04-30 11:32:00,-1580588.0
2020-04-30 11:33:00,-1564993.0
2020-04-30 11:34:00,-1556138.0
2020-04-30 11:35:00,-1575446.0
2020-04-30 11:36:00,-1565935.0
2020-04-30 11:37:00,-1573783.0
2020-04-30 11:38:00,-1586455.0
2020-04-30 11:39:00,-1575389.0
2020-04-30 11:40:00,-1565367.0
2020-04-30 11:41:00,-1552599.0
2020-04-30 11:42:00,-1564324.0
2020-04-30 11:43:00,-1555765.0
2020-04-30 11:44:00,-1539190.0
2020-04-30 11:45:00,-1546908.0
2020-04-30 11:46:00,-1562004.0
2020-04-30 11:47:00,-1571733.0
2020-04-30 11:48:00,-1582656.0
2020-04-30 11:49:00,-1592826.0
2020-04-30 11:50:00,-1599452.0
2020-04-30 11:51:00,-1589409.0
2020-04-30 11:52:00,-1597494.0
2020-04-30 11:53:00,-1609178.0
2020-04-30 11:54:00,-1598704.0
2020-04-30 11:55:00,-1610354.0
2020-04-30 11:56:00,-1622236.0
2020-04-30 11:57:00,-1607837.0
2020-04-30 11:58:00,-1624227.0
2020-04-30 11:59:00,-1655339.0
2020-04-30 12:00:00,-1667834.0
2020-04-30 12:01:00,-1737071.0
2020-04-30 12:02:00,-1768669.0
2020-04-30 12:03:00,-1784314.0
2020-04-30 12:04:00,-1774274.0
2020-04-30 12:05:00,-1785168.0
2020-04-30 12:06:00,-1768100.0
2020-04-30 12:07:00,-1737508.0
2020-04-30 12:08:00,-1730007.0
2020-04-30 12:09:00,-1718010.0
2020-04-30 12:10:00,-1709284.0
2020-04-30 12:11:00,-1700144.0
2020-04-30 12:12:00,-1691928.0
2020-04-30 12:13:00,-1684843.0
2020-04-30 12:14:00,-1674653.0
2020-04-30 12:15:00,-1683230.0
2020-04-30 12:16:00,-1697339.0
2020-04-30 12:17:00,-1679535.0
2020-04-30 12:18:00,-1690743.0
2020-04-30 12:19:00,-1701230.0
2020-04-30 12:20:00,-1707889.0
2020-04-30 12:21:00,-1717205.0
2020-04-30 12:22:00,-1725664.0
2020-04-30 12:23:00,-1745771.0
2020-04-30 12:24:00,-1732781.0
2020-04-30 12:25:00,-1750424.0
2020-04-30 12:26:00,-1736462.0
2020-04-30 12:27:00,-1729107.0
2020-04-30 12:28:00,-1720383.0
2020-04-30 12:29:00,-1727438.0
2020-04-30 12:30:00,-1720606.0
2020-04-30 12:31:00,-1727349.0
2020-04-30 12:32:00,-1737909.0
2020-04-30 12:33:00,-1732745.0
2020-04-30 12:34:00,-1724313.0
2020-04-30 12:35:00,-1734176.0
2020-04-30 12:36:00,-1728502.0
2020-04-30 12:37:00,-1719548.0
2020-04-30 12:38:00,-1706713.0
2020-04-30 12:39:00,-1713523.0
2020-04-30 12:40:00,-1675476.0
2020-04-30 12:41:00,-1665129.0
2020-04-30 12:42:00,-1675759.0
2020-04-30 12:43:00,-1667532.0
2020-04-30 12:44:00,-1679964.0
2020-04-30 12:45:00,-1686711.0
2020-04-30 12:46:00,-1680869.0
2020-04-30 12:47:00,-1687108.0
2020-04-30 12:48:00,-1679993.0
2020-04-30 12:49:00,-1672074.0
2020-04-30 12:50:00,-1663593.0
2020-04-30 12:51:00,-1669425.0
2020-04-30 12:52:00,-1663127.0
2020-04-30 12:53:00,-1655904.0
2020-04-30 12:54:00,-1655904.0
2020-04-30 12:55:00,-1662158.0
2020-04-30 12:56:00,-1669867.0
2020-04-30 12:57:00,-1648370.0
2020-04-30 12:58:00,-1663478.0
2020-04-30 12:59:00,-1652562.0
2020-04-30 13:00:00,-1642311.0
2020-04-30 13:01:00,-1651315.0
2020-04-30 13:02:00,-1644287.0
2020-04-30 13:03:00,-1635550.0
2020-04-30 13:04:00,-1643620.0
2020-04-30 13:05:00,-1652094.0
2020-04-30 13:06:00,-1657401.0
2020-04-30 13:07:00,-1649277.0
2020-04-30 13:08:00,-1643689.0
2020-04-30 13:09:00,-1634243.0
2020-04-30 13:10:00,-1624383.0
2020-04-30 13:11:00,-1617796.0
2020-04-30 13:12:00,-1610486.0
2020-04-30 13:13:00,-1603788.0
2020-04-30 13:14:00,-1590943.0
2020-04-30 13:15:00,-1584498.0
2020-04-30 13:16:00,-1576115.0
2020-04-30 13:17:00,-1561640.0
2020-04-30 13:18:00,-1567603.0
2020-04-30 13:19:00,-1560515.0
2020-04-30 13:20:00,-1560515.0
2020-04-30 13:21:00,-1551671.0
2020-04-30 13:22:00,-1556885.0
2020-04-30 13:23:00,-1556885.0
2020-04-30 13:24:00,-1567082.0
2020-04-30 13:25:00,-1574336.0
2020-04-30 13:26:00,-1582646.0
2020-04-30 13:27:00,-1573527.0
2020-04-30 13:28:00,-1565203.0
2020-04-30 13:29:00,-1575848.0
2020-04-30 13:30:00,-1582306.0
2020-04-30 13:31:00,-1595760.0
2020-04-30 13:32:00,-1602939.0
2020-04-30 13:33:00,-1608904.0
2020-04-30 13:34:00,-1602252.0
2020-04-30 13:35:00,-1613672.0
2020-04-30 13:36:00,-1601679.0
2020-04-30 13:37:00,-1608258.0
2020-04-30 13:38:00,-1619818.0
2020-04-30 13:39:00,-1610294.0
2020-04-30 13:40:00,-1616127.0
2020-04-30 13:41:00,-1616127.0
2020-04-30 13:42:00,-1623583.0
2020-04-30 13:43:00,-1616951.0
2020-04-30 13:44:00,-1608117.0
2020-04-30 13:45:00,-1598424.0
2020-04-30 13:46:00,-1608065.0
2020-04-30 13:47:00,-1597833.0
2020-04-30 13:48:00,-1608834.0
2020-04-30 13:49:00,-1600117.0
2020-04-30 13:50:00,-1590028.0
2020-04-30 13:51:00,-1599117.0
2020-04-30 13:52:00,-1609039.0
2020-04-30 13:53:00,-1617568.0
2020-04-30 13:54:00,-1625623.0
2020-04-30 13:55:00,-1615350.0
2020-04-30 13:56:00,-1607355.0
2020-04-30 13:57:00,-1615775.0
2020-04-30 13:58:00,-1615775.0
2020-04-30 13:59:00,-1624884.0
2020-04-30 14:00:00,-1617790.0
2020-04-30 14:01:00,-1623717.0
2020-04-30 14:02:00,-1639097.0
2020-04-30 14:03:00,-1631783.0
2020-04-30 14:04:00,-1621915.0
2020-04-30 14:05:00,-1613784.0
2020-04-30 14:06:00,-1620342.0
2020-04-30 14:07:00,-1611553.0
2020-04-30 14:08:00,-1620646.0
2020-04-30 14:09:00,-1623409.0
2020-04-30 14:10:00,-1633945.0
2020-04-30 14:11:00,-1626919.0
2020-04-30 14:12:00,-1621564.0
2020-04-30 14:13:00,-1611951.0
2020-04-30 14:14:00,-1607368.0
2020-04-30 14:15:00,-1607368.0
2020-04-30 14:16:00,-1614131.0
2020-04-30 14:17:00,-1624742.0
2020-04-30 14:18:00,-1630972.0
2020-04-30 14:19:00,-1637604.0
2020-04-30 14:20:00,-1641630.0
2020-04-30 14:21:00,-1628965.0
2020-04-30 14:22:00,-1620348.0
2020-04-30 14:23:00,-1626178.0
2020-04-30 14:24:00,-1630490.0
2020-04-30 14:25:00,-1622460.0
2020-04-30 14:26:00,-1628920.0
2020-04-30 14:27:00,-1637861.0
2020-04-30 14:28:00,-1647220.0
2020-04-30 14:29:00,-1640698.0
2020-04-30 14:30:00,-1632585.0
2020-04-30 14:31:00,-1626590.0
2020-04-30 14:32:00,-1619385.0
2020-04-30 14:33:00,-1611960.0
2020-04-30 14:34:00,-1611960.0
2020-04-30 14:35:00,-1618431.0
2020-04-30 14:36:00,-1625304.0
2020-04-30 14:37:00,-1614474.0
2020-04-30 14:38:00,-1620101.0
2020-04-30 14:39:00,-1628357.0
2020-04-30 14:40:00,-1620813.0
2020-04-30 14:41:00,-1627703.0
2020-04-30 14:42:00,-1636849.0
2020-04-30 14:43:00,-1626964.0
2020-04-30 14:44:00,-1622325.0
2020-04-30 14:45:00,-1629121.0
2020-04-30 14:46:00,-1623140.0
2020-04-30 14:47:00,-1614774.0
2020-04-30 14:48:00,-1623848.0
2020-04-30 14:49:00,-1612143.0
2020-04-30 14:50:00,-1606161.0
2020-04-30 14:51:00,-1595874.0
2020-04-30 14:52:00,-1603673.0
2020-04-30 14:53:00,-1620037.0
2020-04-30 14:54:00,-1611839.0
2020-04-30 14:55:00,-1617805.0
2020-04-30 14:56:00,-1607788.0
2020-04-30 14:57:00,-1607788.0
2020-04-30 14:58:00,-1615398.0
2020-04-30 14:59:00,-1607478.0
2020-04-30 15:00:00,-1607478.0
2020-04-30 15:01:00,-1596759.0
2020-04-30 15:02:00,-1604355.0
2020-04-30 15:03:00,-1595882.0
2020-04-30 15:04:00,-1584202.0
2020-04-30 15:05:00,-1594805.0
2020-04-30 15:06:00,-1586731.0
2020-04-30 15:07:00,-1572372.0
2020-04-30 15:08:00,-1561384.0
2020-04-30 15:09:00,-1553370.0
2020-04-30 15:10:00,-1561434.0
2020-04-30 15:11:00,-1570874.0
2020-04-30 15:12:00,-1581513.0
2020-04-30 15:13:00,-1589229.0
2020-04-30 15:14:00,-1581460.0
2020-04-30 15:15:00,-1572204.0
2020-04-30 15:16:00,-1553312.0
2020-04-30 15:17:00,-1565279.0
2020-04-30 15:18:00,-1577002.0
2020-04-30 15:19:00,-1569297.0
2020-04-30 15:20:00,-1578374.0
2020-04-30 15:21:00,-1568407.0
2020-04-30 15:22:00,-1556484.0
2020-04-30 15:23:00,-1543135.0
2020-04-30 15:24:00,-1555661.0
2020-04-30 15:25:00,-1555661.0
2020-04-30 15:26:00,-1566732.0
2020-04-30 15:27:00,-1576397.0
2020-04-30 15:28:00,-1588744.0
2020-04-30 15:29:00,-1579383.0
2020-04-30 15:30:00,-1568571.0
2020-04-30 15:31:00,-1583947.0
2020-04-30 15:32:00,-1572129.0
2020-04-30 15:33:00,-1589113.0
2020-04-30 15:34:00,-1576532.0
2020-04-30 15:35:00,-1586255.0
2020-04-30 15:36:00,-1601987.0
2020-04-30 15:37:00,-1617000.0
2020-04-30 15:38:00,-1635840.0
2020-04-30 15:39:00,-1652238.0
2020-04-30 15:40:00,-1676046.0
2020-04-30 15:41:00,-1696117.0
2020-04-30 15:42:00,-1714278.0
2020-04-30 15:43:00,-1734173.0
2020-04-30 15:44:00,-1706200.0
2020-04-30 15:45:00,-1671919.0
2020-04-30 15:46:00,-1696225.0
2020-04-30 15:47:00,-1719551.0
2020-04-30 15:48:00,-1719551.0
2020-04-30 15:49:00,-1747683.0
2020-04-30 15:50:00,-1714510.0
2020-04-30 15:51:00,-1656431.0
2020-04-30 15:52:00,-1613758.0
2020-04-30 15:53:00,-1579530.0
2020-04-30 15:54:00,-1611762.0
2020-04-30 15:55:00,-1578931.0
2020-04-30 15:56:00,-1627048.0
2020-04-30 15:57:00,-1584221.0
2020-04-30 15:58:00,-1523713.0
2020-04-30 15:59:00,-1523713.0
2020-04-30 16:00:00,-1617302.0
2020-05-01 09:31:00,-1778843.0
2020-05-01 09:32:00,-1817623.0
2020-05-01 09:33:00,-1794462.0
2020-05-01 09:34:00,-1761114.0
2020-05-01 09:35:00,-1834633.0
2020-05-01 09:36:00,-1859272.0
2020-05-01 09:37:00,-1896659.0
2020-05-01 09:38:00,-1911574.0
2020-05-01 09:39:00,-1985253.0
2020-05-01 09:40:00,-1919437.0
2020-05-01 09:41:00,-1940518.0
2020-05-01 09:42:00,-1907873.0
2020-05-01 09:43:00,-1874485.0
2020-05-01 09:44:00,-1886930.0
2020-05-01 09:45:00,-1861237.0
2020-05-01 09:46:00,-1887207.0
2020-05-01 09:47:00,-1900906.0
2020-05-01 09:48:00,-1879073.0
2020-05-01 09:49:00,-1860418.0
2020-05-01 09:50:00,-1868374.0
2020-05-01 09:51:00,-1843953.0
2020-05-01 09:52:00,-1856380.0
2020-05-01 09:53:00,-1883544.0
2020-05-01 09:54:00,-1893797.0
2020-05-01 09:55:00,-1881600.0
2020-05-01 09:56:00,-1866813.0
2020-05-01 09:57:00,-1873169.0
2020-05-01 09:58:00,-1858869.0
2020-05-01 09:59:00,-1844604.0
2020-05-01 10:00:00,-1834721.0
2020-05-01 10:01:00,-1812296.0
2020-05-01 10:02:00,-1796666.0
2020-05-01 10:03:00,-1814678.0
2020-05-01 10:04:00,-1824734.0
2020-05-01 10:05:00,-1817483.0
2020-05-01 10:06:00,-1827344.0
2020-05-01 10:07:00,-1820788.0
2020-05-01 10:08:00,-1831052.0
2020-05-01 10:09:00,-1820515.0
2020-05-01 10:10:00,-1829819.0
2020-05-01 10:11:00,-1841747.0
2020-05-01 10:12:00,-1855707.0
2020-05-01 10:13:00,-1869877.0
2020-05-01 10:14:00,-1862441.0
2020-05-01 10:15:00,-1862441.0
2020-05-01 10:16:00,-1857322.0
2020-05-01 10:17:00,-1864551.0
2020-05-01 10:18:00,-1870093.0
2020-05-01 10:19:00,-1860809.0
2020-05-01 10:20:00,-1855146.0
2020-05-01 10:21:00,-1880114.0
2020-05-01 10:22:00,-1864449.0
2020-05-01 10:23:00,-1860035.0
2020-05-01 10:24:00,-1868017.0
2020-05-01 10:25:00,-1859985.0
2020-05-01 10:26:00,-1854547.0
2020-05-01 10:27:00,-1859326.0
2020-05-01 10:28:00,-1867756.0
2020-05-01 10:29:00,-1860554.0
2020-05-01 10:30:00,-1852302.0
2020-05-01 10:31:00,-1844920.0
2020-05-01 10:32:00,-1850788.0
2020-05-01 10:33:00,-1825268.0
2020-05-01 10:34:00,-1807230.0
2020-05-01 10:35:00,-1822240.0
2020-05-01 10:36:00,-1800706.0
2020-05-01 10:37:00,-1813056.0
2020-05-01 10:38:00,-1813056.0
2020-05-01 10:39:00,-1839620.0
2020-05-01 10:40:00,-1818476.0
2020-05-01 10:41:00,-1766455.0
2020-05-01 10:42:00,-1758819.0
2020-05-01 10:43:00,-1758819.0
2020-05-01 10:44:00,-1750048.0
2020-05-01 10:45:00,-1771831.0
2020-05-01 10:46:00,-1752478.0
2020-05-01 10:47:00,-1742823.0
2020-05-01 10:48:00,-1751683.0
2020-05-01 10:49:00,-1736327.0
2020-05-01 10:50:00,-1755746.0
2020-05-01 10:51:00,-1716982.0
2020-05-01 10:52:00,-1705634.0
2020-05-01 10:53:00,-1712482.0
2020-05-01 10:54:00,-1717429.0
2020-05-01 10:55:00,-1727130.0
2020-05-01 10:56:00,-1734946.0
2020-05-01 10:57:00,-1745752.0
2020-05-01 10:58:00,-1738437.0
2020-05-01 10:59:00,-1738437.0
2020-05-01 11:00:00,-1743984.0
2020-05-01 11:01:00,-1755036.0
2020-05-01 11:02:00,-1762248.0
2020-05-01 11:03:00,-1751405.0
2020-05-01 11:04:00,-1742123.0
2020-05-01 11:05:00,-1746557.0
2020-05-01 11:06:00,-1755517.0
2020-05-01 11:07:00,-1739700.0
2020-05-01 11:08:00,-1751367.0
2020-05-01 11:09:00,-1762122.0
2020-05-01 11:10:00,-1790202.0
2020-05-01 11:11:00,-1812958.0
2020-05-01 11:12:00,-1824223.0
2020-05-01 11:13:00,-1814763.0
2020-05-01 11:14:00,-1814763.0
2020-05-01 11:15:00,-1806836.0
2020-05-01 11:16:00,-1815518.0
2020-05-01 11:17:00,-1799618.0
2020-05-01 11:18:00,-1779734.0
2020-05-01 11:19:00,-1801081.0
2020-05-01 11:20:00,-1792992.0
2020-05-01 11:21:00,-1780433.0
2020-05-01 11:22:00,-1793239.0
2020-05-01 11:23:00,-1798278.0
2020-05-01 11:24:00,-1794763.0
2020-05-01 11:25:00,-1798832.0
2020-05-01 11:26:00,-1794157.0
2020-05-01 11:27:00,-1795883.0
2020-05-01 11:28:00,-1801410.0
2020-05-01 11:29:00,-1821944.0
2020-05-01 11:30:00,-1815238.0
2020-05-01 11:31:00,-1820390.0
2020-05-01 11:32:00,-1837054.0
2020-05-01 11:33:00,-1831622.0
2020-05-01 11:34:00,-1836256.0
2020-05-01 11:35:00,-1815986.0
2020-05-01 11:36:00,-1810991.0
2020-05-01 11:37:00,-1806764.0
2020-05-01 11:38:00,-1798646.0
2020-05-01 11:39:00,-1803414.0
2020-05-01 11:40:00,-1800224.0
2020-05-01 11:41:00,-1806703.0
2020-05-01 11:42:00,-1812683.0
2020-05-01 11:43:00,-1805568.0
2020-05-01 11:44:00,-1811579.0
2020-05-01 11:45:00,-1815165.0
2020-05-01 11:46:00,-1819088.0
2020-05-01 11:47:00,-1826633.0
2020-05-01 11:48:00,-1831234.0
2020-05-01 11:49:00,-1831234.0
2020-05-01 11:50:00,-1835325.0
2020-05-01 11:51:00,-1829263.0
2020-05-01 11:52:00,-1813295.0
2020-05-01 11:53:00,-1825177.0
2020-05-01 11:54:00,-1822106.0
2020-05-01 11:55:00,-1817846.0
2020-05-01 11:56:00,-1810850.0
2020-05-01 11:57:00,-1813896.0
2020-05-01 11:58:00,-1820641.0
2020-05-01 11:59:00,-1815845.0
2020-05-01 12:00:00,-1810176.0
2020-05-01 12:01:00,-1816111.0
2020-05-01 12:02:00,-1812536.0
2020-05-01 12:03:00,-1812536.0
2020-05-01 12:04:00,-1818755.0
2020-05-01 12:05:00,-1824537.0
2020-05-01 12:06:00,-1816428.0
2020-05-01 12:07:00,-1824000.0
2020-05-01 12:08:00,-1834255.0
2020-05-01 12:09:00,-1822617.0
2020-05-01 12:10:00,-1818521.0
2020-05-01 12:11:00,-1813249.0
2020-05-01 12:12:00,-1810227.0
2020-05-01 12:13:00,-1815153.0
2020-05-01 12:14:00,-1815153.0
2020-05-01 12:15:00,-1810102.0
2020-05-01 12:16:00,-1816263.0
2020-05-01 12:17:00,-1822749.0
2020-05-01 12:18:00,-1819130.0
2020-05-01 12:19:00,-1823164.0
2020-05-01 12:20:00,-1841021.0
2020-05-01 12:21:00,-1833376.0
2020-05-01 12:22:00,-1830552.0
2020-05-01 12:23:00,-1837026.0
2020-05-01 12:24:00,-1824055.0
2020-05-01 12:25:00,-1828450.0
2020-05-01 12:26:00,-1824554.0
2020-05-01 12:27:00,-1819915.0
2020-05-01 12:28:00,-1815276.0
2020-05-01 12:29:00,-1820125.0
2020-05-01 12:30:00,-1824890.0
2020-05-01 12:31:00,-1815746.0
2020-05-01 12:32:00,-1824775.0
2020-05-01 12:33:00,-1818814.0
2020-05-01 12:34:00,-1806867.0
2020-05-01 12:35:00,-1797891.0
2020-05-01 12:36:00,-1803404.0
2020-05-01 12:37:00,-1808970.0
2020-05-01 12:38:00,-1798430.0
2020-05-01 12:39:00,-1790233.0
2020-05-01 12:40:00,-1782809.0
2020-05-01 12:41:00,-1767412.0
2020-05-01 12:42:00,-1786201.0
2020-05-01 12:43:00,-1771275.0
2020-05-01 12:44:00,-1782401.0
2020-05-01 12:45:00,-1787518.0
2020-05-01 12:46:00,-1774600.0
2020-05-01 12:47:00,-1784142.0
2020-05-01 12:48:00,-1792752.0
2020-05-01 12:49:00,-1800957.0
2020-05-01 12:50:00,-1795380.0
2020-05-01 12:51:00,-1790539.0
2020-05-01 12:52:00,-1781817.0
2020-05-01 12:53:00,-1788487.0
2020-05-01 12:54:00,-1782124.0
2020-05-01 12:55:00,-1782124.0
2020-05-01 12:56:00,-1791485.0
2020-05-01 12:57:00,-1784087.0
2020-05-01 12:58:00,-1784087.0
2020-05-01 12:59:00,-1784087.0
2020-05-01 13:00:00,-1788113.0
2020-05-01 13:01:00,-1779375.0
2020-05-01 13:02:00,-1771562.0
2020-05-01 13:03:00,-1765046.0
2020-05-01 13:04:00,-1771873.0
2020-05-01 13:05:00,-1778848.0
2020-05-01 13:06:00,-1784021.0
2020-05-01 13:07:00,-1777533.0
2020-05-01 13:08:00,-1815159.0
2020-05-01 13:09:00,-1822814.0
2020-05-01 13:10:00,-1824596.0
2020-05-01 13:11:00,-1819980.0
2020-05-01 13:12:00,-1816354.0
2020-05-01 13:13:00,-1827479.0
2020-05-01 13:14:00,-1823154.0
2020-05-01 13:15:00,-1830104.0
2020-05-01 13:16:00,-1836570.0
2020-05-01 13:17:00,-1838881.0
2020-05-01 13:18:00,-1843870.0
2020-05-01 13:19:00,-1849737.0
2020-05-01 13:20:00,-1858975.0
2020-05-01 13:21:00,-1874602.0
2020-05-01 13:22:00,-1865215.0
2020-05-01 13:23:00,-1858551.0
2020-05-01 13:24:00,-1853795.0
2020-05-01 13:25:00,-1868158.0
2020-05-01 13:26:00,-1857267.0
2020-05-01 13:27:00,-1849777.0
2020-05-01 13:28:00,-1845268.0
2020-05-01 13:29:00,-1840527.0
2020-05-01 13:30:00,-1833754.0
2020-05-01 13:31:00,-1829199.0
2020-05-01 13:32:00,-1829199.0
2020-05-01 13:33:00,-1821738.0
2020-05-01 13:34:00,-1826837.0
2020-05-01 13:35:00,-1828223.0
2020-05-01 13:36:00,-1834649.0
2020-05-01 13:37:00,-1834649.0
2020-05-01 13:38:00,-1830955.0
2020-05-01 13:39:00,-1825787.0
2020-05-01 13:40:00,-1830939.0
2020-05-01 13:41:00,-1811883.0
2020-05-01 13:42:00,-1807535.0
2020-05-01 13:43:00,-1807535.0
2020-05-01 13:44:00,-1797940.0
2020-05-01 13:45:00,-1789845.0
2020-05-01 13:46:00,-1781529.0
2020-05-01 13:47:00,-1788391.0
2020-05-01 13:48:00,-1797639.0
2020-05-01 13:49:00,-1802013.0
2020-05-01 13:50:00,-1796573.0
2020-05-01 13:51:00,-1796573.0
2020-05-01 13:52:00,-1802741.0
2020-05-01 13:53:00,-1795375.0
2020-05-01 13:54:00,-1799590.0
2020-05-01 13:55:00,-1795098.0
2020-05-01 13:56:00,-1789449.0
2020-05-01 13:57:00,-1794886.0
2020-05-01 13:58:00,-1790724.0
2020-05-01 13:59:00,-1795342.0
2020-05-01 14:00:00,-1795342.0
2020-05-01 14:01:00,-1804946.0
2020-05-01 14:02:00,-1799513.0
2020-05-01 14:03:00,-1790417.0
2020-05-01 14:04:00,-1775881.0
2020-05-01 14:05:00,-1747137.0
2020-05-01 14:06:00,-1740686.0
2020-05-01 14:07:00,-1746339.0
2020-05-01 14:08:00,-1755115.0
2020-05-01 14:09:00,-1765600.0
2020-05-01 14:10:00,-1755944.0
2020-05-01 14:11:00,-1766802.0
2020-05-01 14:12:00,-1771494.0
2020-05-01 14:13:00,-1776384.0
2020-05-01 14:14:00,-1769835.0
2020-05-01 14:15:00,-1773744.0
2020-05-01 14:16:00,-1768285.0
2020-05-01 14:17:00,-1763444.0
2020-05-01 14:18:00,-1759452.0
2020-05-01 14:19:00,-1751444.0
2020-05-01 14:20:00,-1746739.0
2020-05-01 14:21:00,-1739418.0
2020-05-01 14:22:00,-1744897.0
2020-05-01 14:23:00,-1738629.0
2020-05-01 14:24:00,-1731759.0
2020-05-01 14:25:00,-1740825.0
2020-05-01 14:26:00,-1749674.0
2020-05-01 14:27:00,-1741163.0
2020-05-01 14:28:00,-1723332.0
2020-05-01 14:29:00,-1728558.0
2020-05-01 14:30:00,-1718041.0
2020-05-01 14:31:00,-1725883.0
2020-05-01 14:32:00,-1719206.0
2020-05-01 14:33:00,-1707640.0
2020-05-01 14:34:00,-1713376.0
2020-05-01 14:35:00,-1726098.0
2020-05-01 14:36:00,-1726098.0
2020-05-01 14:37:00,-1726098.0
2020-05-01 14:38:00,-1720273.0
2020-05-01 14:39:00,-1729736.0
2020-05-01 14:40:00,-1724980.0
2020-05-01 14:41:00,-1717568.0
2020-05-01 14:42:00,-1725671.0
2020-05-01 14:43:00,-1733211.0
2020-05-01 14:44:00,-1741821.0
2020-05-01 14:45:00,-1746491.0
2020-05-01 14:46:00,-1738492.0
2020-05-01 14:47:00,-1730860.0
2020-05-01 14:48:00,-1718768.0
2020-05-01 14:49:00,-1711589.0
2020-05-01 14:50:00,-1725562.0
2020-05-01 14:51:00,-1733194.0
2020-05-01 14:52:00,-1724369.0
2020-05-01 14:53:00,-1724369.0
2020-05-01 14:54:00,-1724369.0
2020-05-01 14:55:00,-1715591.0
2020-05-01 14:56:00,-1702240.0
2020-05-01 14:57:00,-1710160.0
2020-05-01 14:58:00,-1715044.0
2020-05-01 14:59:00,-1724346.0
2020-05-01 15:00:00,-1724346.0
2020-05-01 15:01:00,-1714537.0
2020-05-01 15:02:00,-1705398.0
2020-05-01 15:03:00,-1698978.0
2020-05-01 15:04:00,-1711574.0
2020-05-01 15:05:00,-1721498.0
2020-05-01 15:06:00,-1743169.0
2020-05-01 15:07:00,-1736794.0
2020-05-01 15:08:00,-1726478.0
2020-05-01 15:09:00,-1726478.0
2020-05-01 15:10:00,-1719207.0
2020-05-01 15:11:00,-1725610.0
2020-05-01 15:12:00,-1718006.0
2020-05-01 15:13:00,-1708893.0
2020-05-01 15:14:00,-1699894.0
2020-05-01 15:15:00,-1705124.0
2020-05-01 15:16:00,-1698787.0
2020-05-01 15:17:00,-1689901.0
2020-05-01 15:18:00,-1680309.0
2020-05-01 15:19:00,-1690919.0
2020-05-01 15:20:00,-1697632.0
2020-05-01 15:21:00,-1697632.0
2020-05-01 15:22:00,-1697632.0
2020-05-01 15:23:00,-1706536.0
2020-05-01 15:24:00,-1729458.0
2020-05-01 15:25:00,-1736175.0
2020-05-01 15:26:00,-1726169.0
2020-05-01 15:27:00,-1735652.0
2020-05-01 15:28:00,-1745533.0
2020-05-01 15:29:00,-1733905.0
2020-05-01 15:30:00,-1740999.0
2020-05-01 15:31:00,-1729013.0
2020-05-01 15:32:00,-1740447.0
2020-05-01 15:33:00,-1728825.0
2020-05-01 15:34:00,-1716321.0
2020-05-01 15:35:00,-1730655.0
2020-05-01 15:36:00,-1719403.0
2020-05-01 15:37:00,-1728206.0
2020-05-01 15:38:00,-1740517.0
2020-05-01 15:39:00,-1749710.0
2020-05-01 15:40:00,-1735548.0
2020-05-01 15:41:00,-1717931.0
2020-05-01 15:42:00,-1728751.0
2020-05-01 15:43:00,-1739095.0
2020-05-01 15:44:00,-1729239.0
2020-05-01 15:45:00,-1718443.0
2020-05-01 15:46:00,-1734526.0
2020-05-01 15:47:00,-1752874.0
2020-05-01 15:48:00,-1764862.0
2020-05-01 15:49:00,-1750874.0
2020-05-01 15:50:00,-1726853.0
2020-05-01 15:51:00,-1726853.0
2020-05-01 15:52:00,-1745476.0
2020-05-01 15:53:00,-1763658.0
2020-05-01 15:54:00,-1779327.0
2020-05-01 15:55:00,-1822995.0
2020-05-01 15:56:00,-1785056.0
2020-05-01 15:57:00,-1765094.0
2020-05-01 15:58:00,-1795104.0
2020-05-01 15:59:00,-1739279.0
2020-05-01 16:00:00,-1634969.0
