date,MACD_Signal,MACD,MACD_Hist
2020-05-01 16:00:00,-0.0153,-0.0102,0.0051
2020-05-01 15:59:00,-0.0165,-0.0115,0.005
2020-05-01 15:58:00,-0.0178,-0.0133,0.0045
2020-05-01 15:57:00,-0.0189,-0.0147,0.0043
2020-05-01 15:56:00,-0.02,-0.0172,0.0028
2020-05-01 15:55:00,-0.0207,-0.0197,0.001
2020-05-01 15:54:00,-0.0209,-0.019,0.002
2020-05-01 15:53:00,-0.0214,-0.0193,0.0021
2020-05-01 15:52:00,-0.022,-0.019,0.0029
2020-05-01 15:51:00,-0.0227,-0.0188,0.0038
2020-05-01 15:50:00,-0.0236,-0.0188,0.0048
2020-05-01 15:49:00,-0.0248,-0.0216,0.0032
2020-05-01 15:48:00,-0.0257,-0.0208,0.0049
2020-05-01 15:47:00,-0.0269,-0.0225,0.0044
2020-05-01 15:46:00,-0.028,-0.0243,0.0036
2020-05-01 15:45:00,-0.0289,-0.0263,0.0026
2020-05-01 15:44:00,-0.0295,-0.0294,0.0001
2020-05-01 15:43:00,-0.0295,-0.031,-0.0015
2020-05-01 15:42:00,-0.0292,-0.032,-0.0029
2020-05-01 15:41:00,-0.0285,-0.0319,-0.0034
2020-05-01 15:40:00,-0.0276,-0.0343,-0.0067
2020-05-01 15:39:00,-0.0259,-0.0353,-0.0094
2020-05-01 15:38:00,-0.0236,-0.031,-0.0074
2020-05-01 15:37:00,-0.0217,-0.0278,-0.006
2020-05-01 15:36:00,-0.0202,-0.0261,-0.0059
2020-05-01 15:35:00,-0.0188,-0.0231,-0.0044
2020-05-01 15:34:00,-0.0177,-0.021,-0.0034
2020-05-01 15:33:00,-0.0168,-0.0216,-0.0048
2020-05-01 15:32:00,-0.0156,-0.0221,-0.0064
2020-05-01 15:31:00,-0.014,-0.0192,-0.0052
2020-05-01 15:30:00,-0.0127,-0.0184,-0.0057
2020-05-01 15:29:00,-0.0113,-0.016,-0.0047
2020-05-01 15:28:00,-0.0101,-0.0148,-0.0047
2020-05-01 15:27:00,-0.0089,-0.012,-0.0031
2020-05-01 15:26:00,-0.0082,-0.0093,-0.0012
2020-05-01 15:25:00,-0.0079,-0.0073,0.0006
2020-05-01 15:24:00,-0.008,-0.0056,0.0024
2020-05-01 15:23:00,-0.0086,-0.0018,0.0068
2020-05-01 15:22:00,-0.0103,-0.0025,0.0078
2020-05-01 15:21:00,-0.0123,-0.0041,0.0081
2020-05-01 15:20:00,-0.0143,-0.0059,0.0084
2020-05-01 15:19:00,-0.0164,-0.0066,0.0098
2020-05-01 15:18:00,-0.0188,-0.0069,0.012
2020-05-01 15:17:00,-0.0218,-0.0086,0.0132
2020-05-01 15:16:00,-0.0251,-0.0133,0.0119
2020-05-01 15:15:00,-0.0281,-0.0185,0.0096
2020-05-01 15:14:00,-0.0305,-0.024,0.0065
2020-05-01 15:13:00,-0.0321,-0.0295,0.0026
2020-05-01 15:12:00,-0.0328,-0.0362,-0.0034
2020-05-01 15:11:00,-0.0319,-0.038,-0.0061
2020-05-01 15:10:00,-0.0304,-0.0394,-0.009
2020-05-01 15:09:00,-0.0282,-0.039,-0.0108
2020-05-01 15:08:00,-0.0255,-0.0379,-0.0124
2020-05-01 15:07:00,-0.0224,-0.0364,-0.0141
2020-05-01 15:06:00,-0.0188,-0.031,-0.0122
2020-05-01 15:05:00,-0.0158,-0.0243,-0.0085
2020-05-01 15:04:00,-0.0137,-0.0167,-0.0031
2020-05-01 15:03:00,-0.0129,-0.0135,-0.0006
2020-05-01 15:02:00,-0.0128,-0.0132,-0.0004
2020-05-01 15:01:00,-0.0127,-0.0142,-0.0015
2020-05-01 15:00:00,-0.0123,-0.0132,-0.0009
2020-05-01 14:59:00,-0.0121,-0.0128,-0.0007
2020-05-01 14:58:00,-0.0119,-0.0151,-0.0032
2020-05-01 14:57:00,-0.0111,-0.0147,-0.0036
2020-05-01 14:56:00,-0.0102,-0.0158,-0.0056
2020-05-01 14:55:00,-0.0088,-0.0163,-0.0075
2020-05-01 14:54:00,-0.0069,-0.0158,-0.0089
2020-05-01 14:53:00,-0.0047,-0.0142,-0.0096
2020-05-01 14:52:00,-0.0023,-0.012,-0.0098
2020-05-01 14:51:00,0.0002,-0.0096,-0.0098
2020-05-01 14:50:00,0.0026,-0.0063,-0.0089
2020-05-01 14:49:00,0.0049,-0.0061,-0.011
2020-05-01 14:48:00,0.0076,-0.0027,-0.0103
2020-05-01 14:47:00,0.0102,-0.0004,-0.0105
2020-05-01 14:46:00,0.0128,0.0021,-0.0107
2020-05-01 14:45:00,0.0155,0.0063,-0.0092
2020-05-01 14:44:00,0.0178,0.009,-0.0088
2020-05-01 14:43:00,0.02,0.0163,-0.0036
2020-05-01 14:42:00,0.0209,0.0195,-0.0014
2020-05-01 14:41:00,0.0212,0.0211,-0.0002
2020-05-01 14:40:00,0.0213,0.0198,-0.0015
2020-05-01 14:39:00,0.0217,0.0178,-0.0039
2020-05-01 14:38:00,0.0226,0.0181,-0.0046
2020-05-01 14:37:00,0.0238,0.0202,-0.0036
2020-05-01 14:36:00,0.0247,0.0216,-0.0031
2020-05-01 14:35:00,0.0254,0.0246,-0.0008
2020-05-01 14:34:00,0.0256,0.0271,0.0014
2020-05-01 14:33:00,0.0253,0.0288,0.0035
2020-05-01 14:32:00,0.0244,0.028,0.0036
2020-05-01 14:31:00,0.0235,0.0287,0.0052
2020-05-01 14:30:00,0.0222,0.0296,0.0074
2020-05-01 14:29:00,0.0203,0.0294,0.009
2020-05-01 14:28:00,0.0181,0.0281,0.01
2020-05-01 14:27:00,0.0156,0.0266,0.0111
2020-05-01 14:26:00,0.0128,0.0233,0.0105
2020-05-01 14:25:00,0.0102,0.0187,0.0085
2020-05-01 14:24:00,0.0081,0.0156,0.0076
2020-05-01 14:23:00,0.0062,0.0089,0.0027
2020-05-01 14:22:00,0.0055,0.0063,0.0009
2020-05-01 14:21:00,0.0053,0.006,0.0007
2020-05-01 14:20:00,0.0051,0.0035,-0.0016
2020-05-01 14:19:00,0.0055,0.0032,-0.0022
2020-05-01 14:18:00,0.006,0.0026,-0.0035
2020-05-01 14:17:00,0.0069,0.0041,-0.0028
2020-05-01 14:16:00,0.0076,0.0049,-0.0028
2020-05-01 14:15:00,0.0083,0.0078,-0.0005
2020-05-01 14:14:00,0.0084,0.0113,0.0029
2020-05-01 14:13:00,0.0077,0.0138,0.0061
2020-05-01 14:12:00,0.0062,0.0152,0.0091
2020-05-01 14:11:00,0.0039,0.0153,0.0114
2020-05-01 14:10:00,0.001,0.0141,0.0131
2020-05-01 14:09:00,-0.0022,0.0145,0.0167
2020-05-01 14:08:00,-0.0064,0.0163,0.0227
2020-05-01 14:07:00,-0.0121,0.0138,0.0258
2020-05-01 14:06:00,-0.0185,0.0093,0.0278
2020-05-01 14:05:00,-0.0255,-0.0032,0.0223
2020-05-01 14:04:00,-0.0311,-0.0134,0.0176
2020-05-01 14:03:00,-0.0355,-0.0233,0.0122
2020-05-01 14:02:00,-0.0385,-0.0274,0.0112
2020-05-01 14:01:00,-0.0413,-0.0318,0.0095
2020-05-01 14:00:00,-0.0437,-0.0359,0.0079
2020-05-01 13:59:00,-0.0457,-0.0431,0.0026
2020-05-01 13:58:00,-0.0463,-0.0465,-0.0002
2020-05-01 13:57:00,-0.0463,-0.0503,-0.004
2020-05-01 13:56:00,-0.0453,-0.0518,-0.0065
2020-05-01 13:55:00,-0.0437,-0.0536,-0.01
2020-05-01 13:54:00,-0.0412,-0.05,-0.0088
2020-05-01 13:53:00,-0.039,-0.0471,-0.0081
2020-05-01 13:52:00,-0.0369,-0.0468,-0.0099
2020-05-01 13:51:00,-0.0345,-0.0468,-0.0123
2020-05-01 13:50:00,-0.0314,-0.0475,-0.0161
2020-05-01 13:49:00,-0.0274,-0.0468,-0.0194
2020-05-01 13:48:00,-0.0225,-0.0427,-0.0201
2020-05-01 13:47:00,-0.0175,-0.0345,-0.017
2020-05-01 13:46:00,-0.0133,-0.0202,-0.007
2020-05-01 13:45:00,-0.0115,-0.0129,-0.0014
2020-05-01 13:44:00,-0.0112,-0.0065,0.0046
2020-05-01 13:43:00,-0.0123,-0.0033,0.009
2020-05-01 13:42:00,-0.0146,-0.0053,0.0093
2020-05-01 13:41:00,-0.0169,-0.0108,0.0061
2020-05-01 13:40:00,-0.0184,-0.0197,-0.0013
2020-05-01 13:39:00,-0.0181,-0.0216,-0.0035
2020-05-01 13:38:00,-0.0172,-0.0217,-0.0044
2020-05-01 13:37:00,-0.0161,-0.0209,-0.0048
2020-05-01 13:36:00,-0.0149,-0.0202,-0.0053
2020-05-01 13:35:00,-0.0136,-0.02,-0.0065
2020-05-01 13:34:00,-0.012,-0.0175,-0.0055
2020-05-01 13:33:00,-0.0106,-0.015,-0.0044
2020-05-01 13:32:00,-0.0095,-0.012,-0.0025
2020-05-01 13:31:00,-0.0089,-0.0096,-0.0007
2020-05-01 13:30:00,-0.0087,-0.0102,-0.0015
2020-05-01 13:29:00,-0.0083,-0.0111,-0.0027
2020-05-01 13:28:00,-0.0077,-0.0116,-0.0039
2020-05-01 13:27:00,-0.0067,-0.0113,-0.0046
2020-05-01 13:26:00,-0.0055,-0.012,-0.0064
2020-05-01 13:25:00,-0.0039,-0.0098,-0.0059
2020-05-01 13:24:00,-0.0025,-0.0072,-0.0047
2020-05-01 13:23:00,-0.0013,-0.0074,-0.0061
2020-05-01 13:22:00,0.0002,-0.007,-0.0073
2020-05-01 13:21:00,0.0021,-0.0069,-0.009
2020-05-01 13:20:00,0.0043,-0.0042,-0.0085
2020-05-01 13:19:00,0.0064,-0.0027,-0.0091
2020-05-01 13:18:00,0.0087,0.0008,-0.0079
2020-05-01 13:17:00,0.0107,0.0033,-0.0074
2020-05-01 13:16:00,0.0125,0.0074,-0.0052
2020-05-01 13:15:00,0.0138,0.0094,-0.0044
2020-05-01 13:14:00,0.0149,0.0124,-0.0025
2020-05-01 13:13:00,0.0156,0.0151,-0.0005
2020-05-01 13:12:00,0.0157,0.0177,0.002
2020-05-01 13:11:00,0.0152,0.0198,0.0046
2020-05-01 13:10:00,0.014,0.0201,0.0061
2020-05-01 13:09:00,0.0125,0.0223,0.0098
2020-05-01 13:08:00,0.01,0.0211,0.0111
2020-05-01 13:07:00,0.0073,0.0184,0.0112
2020-05-01 13:06:00,0.0045,0.0141,0.0097
2020-05-01 13:05:00,0.002,0.0105,0.0085
2020-05-01 13:04:00,-0.0001,0.0065,0.0066
2020-05-01 13:03:00,-0.0017,0.0045,0.0063
2020-05-01 13:02:00,-0.0033,0.0027,0.006
2020-05-01 13:01:00,-0.0048,-0.0002,0.0046
2020-05-01 13:00:00,-0.0059,0.0,0.0059
2020-05-01 12:59:00,-0.0074,0.0003,0.0076
2020-05-01 12:58:00,-0.0093,-0.002,0.0073
2020-05-01 12:57:00,-0.0111,-0.0053,0.0058
2020-05-01 12:56:00,-0.0126,-0.0054,0.0071
2020-05-01 12:55:00,-0.0144,-0.0024,0.0119
2020-05-01 12:54:00,-0.0173,-0.0001,0.0172
2020-05-01 12:53:00,-0.0216,-0.0088,0.0128
2020-05-01 12:52:00,-0.0248,-0.0174,0.0074
2020-05-01 12:51:00,-0.0267,-0.0241,0.0026
2020-05-01 12:50:00,-0.0273,-0.0286,-0.0012
2020-05-01 12:49:00,-0.027,-0.0318,-0.0048
2020-05-01 12:48:00,-0.0258,-0.0331,-0.0072
2020-05-01 12:47:00,-0.024,-0.0351,-0.0111
2020-05-01 12:46:00,-0.0213,-0.0341,-0.0128
2020-05-01 12:45:00,-0.0181,-0.0369,-0.0188
2020-05-01 12:44:00,-0.0134,-0.0318,-0.0184
2020-05-01 12:43:00,-0.0087,-0.0268,-0.0181
2020-05-01 12:42:00,-0.0042,-0.0201,-0.0158
2020-05-01 12:41:00,-0.0003,-0.0128,-0.0126
2020-05-01 12:40:00,0.0029,-0.0054,-0.0083
2020-05-01 12:39:00,0.0049,0.0017,-0.0033
2020-05-01 12:38:00,0.0058,0.0061,0.0003
2020-05-01 12:37:00,0.0057,0.0096,0.0039
2020-05-01 12:36:00,0.0047,0.0118,0.0071
2020-05-01 12:35:00,0.0029,0.008,0.0051
2020-05-01 12:34:00,0.0017,0.0044,0.0028
2020-05-01 12:33:00,0.001,-0.0001,-0.0011
2020-05-01 12:32:00,0.0012,-0.0011,-0.0023
2020-05-01 12:31:00,0.0018,0.0005,-0.0014
2020-05-01 12:30:00,0.0021,0.0035,0.0013
2020-05-01 12:29:00,0.0018,0.0047,0.0029
2020-05-01 12:28:00,0.0011,0.0047,0.0036
2020-05-01 12:27:00,0.0002,0.0061,0.0059
2020-05-01 12:26:00,-0.0013,0.0073,0.0086
2020-05-01 12:25:00,-0.0034,0.0078,0.0112
2020-05-01 12:24:00,-0.0062,0.0113,0.0175
2020-05-01 12:23:00,-0.0106,0.0105,0.021
2020-05-01 12:22:00,-0.0158,0.0083,0.0241
2020-05-01 12:21:00,-0.0219,0.0029,0.0247
2020-05-01 12:20:00,-0.028,-0.0046,0.0234
2020-05-01 12:19:00,-0.0339,-0.0075,0.0264
2020-05-01 12:18:00,-0.0405,-0.0095,0.031
2020-05-01 12:17:00,-0.0483,-0.015,0.0332
2020-05-01 12:16:00,-0.0566,-0.0188,0.0378
2020-05-01 12:15:00,-0.066,-0.0284,0.0377
2020-05-01 12:14:00,-0.0754,-0.0423,0.0332
2020-05-01 12:13:00,-0.0837,-0.0519,0.0318
2020-05-01 12:12:00,-0.0917,-0.0608,0.0309
2020-05-01 12:11:00,-0.0994,-0.0712,0.0282
2020-05-01 12:10:00,-0.1064,-0.0829,0.0235
2020-05-01 12:09:00,-0.1123,-0.0916,0.0207
2020-05-01 12:08:00,-0.1175,-0.0999,0.0176
2020-05-01 12:07:00,-0.1219,-0.1073,0.0146
2020-05-01 12:06:00,-0.1255,-0.1148,0.0107
2020-05-01 12:05:00,-0.1282,-0.1207,0.0075
2020-05-01 12:04:00,-0.1301,-0.1224,0.0077
2020-05-01 12:03:00,-0.132,-0.1259,0.0062
2020-05-01 12:02:00,-0.1335,-0.1269,0.0067
2020-05-01 12:01:00,-0.1352,-0.1279,0.0074
2020-05-01 12:00:00,-0.1371,-0.1308,0.0062
2020-05-01 11:59:00,-0.1386,-0.1383,0.0003
2020-05-01 11:58:00,-0.1387,-0.1423,-0.0036
2020-05-01 11:57:00,-0.1378,-0.1432,-0.0054
2020-05-01 11:56:00,-0.1364,-0.1439,-0.0074
2020-05-01 11:55:00,-0.1346,-0.1467,-0.0121
2020-05-01 11:54:00,-0.1316,-0.1499,-0.0184
2020-05-01 11:53:00,-0.127,-0.1511,-0.0242
2020-05-01 11:52:00,-0.1209,-0.1464,-0.0255
2020-05-01 11:51:00,-0.1146,-0.1394,-0.0249
2020-05-01 11:50:00,-0.1083,-0.1324,-0.024
2020-05-01 11:49:00,-0.1023,-0.1258,-0.0235
2020-05-01 11:48:00,-0.0965,-0.1173,-0.0209
2020-05-01 11:47:00,-0.0912,-0.1079,-0.0167
2020-05-01 11:46:00,-0.0871,-0.0989,-0.0118
2020-05-01 11:45:00,-0.0841,-0.0905,-0.0064
2020-05-01 11:44:00,-0.0825,-0.087,-0.0045
2020-05-01 11:43:00,-0.0814,-0.0855,-0.0041
2020-05-01 11:42:00,-0.0804,-0.0875,-0.0071
2020-05-01 11:41:00,-0.0786,-0.0891,-0.0105
2020-05-01 11:40:00,-0.076,-0.0936,-0.0176
2020-05-01 11:39:00,-0.0716,-0.0922,-0.0207
2020-05-01 11:38:00,-0.0664,-0.0877,-0.0213
2020-05-01 11:37:00,-0.0611,-0.0837,-0.0226
2020-05-01 11:36:00,-0.0554,-0.0789,-0.0234
2020-05-01 11:35:00,-0.0496,-0.0776,-0.0281
2020-05-01 11:34:00,-0.0426,-0.0663,-0.0238
2020-05-01 11:33:00,-0.0366,-0.058,-0.0214
2020-05-01 11:32:00,-0.0313,-0.0471,-0.0158
2020-05-01 11:31:00,-0.0273,-0.0379,-0.0106
2020-05-01 11:30:00,-0.0247,-0.0314,-0.0067
2020-05-01 11:29:00,-0.023,-0.0262,-0.0031
2020-05-01 11:28:00,-0.0222,-0.0242,-0.002
2020-05-01 11:27:00,-0.0217,-0.026,-0.0042
2020-05-01 11:26:00,-0.0207,-0.0243,-0.0036
2020-05-01 11:25:00,-0.0198,-0.0218,-0.0021
2020-05-01 11:24:00,-0.0193,-0.0183,0.001
2020-05-01 11:23:00,-0.0195,-0.0142,0.0053
2020-05-01 11:22:00,-0.0208,-0.0137,0.0071
2020-05-01 11:21:00,-0.0226,-0.0155,0.0071
2020-05-01 11:20:00,-0.0244,-0.0164,0.008
2020-05-01 11:19:00,-0.0264,-0.0179,0.0085
2020-05-01 11:18:00,-0.0285,-0.0216,0.0069
2020-05-01 11:17:00,-0.0302,-0.0244,0.0058
2020-05-01 11:16:00,-0.0316,-0.0278,0.0039
2020-05-01 11:15:00,-0.0326,-0.0321,0.0005
2020-05-01 11:14:00,-0.0327,-0.0377,-0.005
2020-05-01 11:13:00,-0.0315,-0.0402,-0.0087
2020-05-01 11:12:00,-0.0293,-0.0382,-0.0088
2020-05-01 11:11:00,-0.0271,-0.034,-0.0069
2020-05-01 11:10:00,-0.0254,-0.0342,-0.0088
2020-05-01 11:09:00,-0.0232,-0.0376,-0.0144
2020-05-01 11:08:00,-0.0196,-0.0389,-0.0193
2020-05-01 11:07:00,-0.0148,-0.037,-0.0222
2020-05-01 11:06:00,-0.0092,-0.0332,-0.024
2020-05-01 11:05:00,-0.0032,-0.0277,-0.0244
2020-05-01 11:04:00,0.0029,-0.0217,-0.0246
2020-05-01 11:03:00,0.009,-0.0117,-0.0207
2020-05-01 11:02:00,0.0142,-0.0033,-0.0175
2020-05-01 11:01:00,0.0186,0.0033,-0.0153
2020-05-01 11:00:00,0.0224,0.0107,-0.0117
2020-05-01 10:59:00,0.0254,0.0169,-0.0084
2020-05-01 10:58:00,0.0275,0.0244,-0.003
2020-05-01 10:57:00,0.0282,0.0237,-0.0045
2020-05-01 10:56:00,0.0293,0.0254,-0.0039
2020-05-01 10:55:00,0.0303,0.0237,-0.0066
2020-05-01 10:54:00,0.032,0.0248,-0.0072
2020-05-01 10:53:00,0.0338,0.0268,-0.007
2020-05-01 10:52:00,0.0355,0.0274,-0.0081
2020-05-01 10:51:00,0.0375,0.0279,-0.0096
2020-05-01 10:50:00,0.0399,0.0306,-0.0093
2020-05-01 10:49:00,0.0423,0.0346,-0.0077
2020-05-01 10:48:00,0.0442,0.0394,-0.0048
2020-05-01 10:47:00,0.0454,0.0452,-0.0002
2020-05-01 10:46:00,0.0454,0.0485,0.003
2020-05-01 10:45:00,0.0447,0.0478,0.0031
2020-05-01 10:44:00,0.0439,0.0489,0.005
2020-05-01 10:43:00,0.0427,0.05,0.0073
2020-05-01 10:42:00,0.0408,0.0517,0.0109
2020-05-01 10:41:00,0.0381,0.0516,0.0135
2020-05-01 10:40:00,0.0347,0.0528,0.0181
2020-05-01 10:39:00,0.0302,0.0541,0.0239
2020-05-01 10:38:00,0.0242,0.0539,0.0296
2020-05-01 10:37:00,0.0168,0.0538,0.037
2020-05-01 10:36:00,0.0076,0.049,0.0414
2020-05-01 10:35:00,-0.0028,0.0349,0.0377
2020-05-01 10:34:00,-0.0122,0.022,0.0342
2020-05-01 10:33:00,-0.0208,0.0067,0.0274
2020-05-01 10:32:00,-0.0276,-0.0073,0.0203
2020-05-01 10:31:00,-0.0327,-0.0173,0.0154
2020-05-01 10:30:00,-0.0365,-0.0259,0.0107
2020-05-01 10:29:00,-0.0392,-0.0348,0.0044
2020-05-01 10:28:00,-0.0403,-0.0371,0.0032
2020-05-01 10:27:00,-0.0411,-0.0411,0.0
2020-05-01 10:26:00,-0.0411,-0.0442,-0.0031
2020-05-01 10:25:00,-0.0403,-0.0494,-0.0091
2020-05-01 10:24:00,-0.038,-0.0517,-0.0136
2020-05-01 10:23:00,-0.0346,-0.0503,-0.0157
2020-05-01 10:22:00,-0.0307,-0.0401,-0.0094
2020-05-01 10:21:00,-0.0284,-0.0312,-0.0028
2020-05-01 10:20:00,-0.0277,-0.0213,0.0063
2020-05-01 10:19:00,-0.0292,-0.016,0.0133
2020-05-01 10:18:00,-0.0325,-0.0095,0.023
2020-05-01 10:17:00,-0.0383,-0.0082,0.0301
2020-05-01 10:16:00,-0.0458,-0.0125,0.0333
2020-05-01 10:15:00,-0.0542,-0.021,0.0331
2020-05-01 10:14:00,-0.0624,-0.0285,0.034
2020-05-01 10:13:00,-0.0709,-0.0403,0.0307
2020-05-01 10:12:00,-0.0786,-0.047,0.0316
2020-05-01 10:11:00,-0.0865,-0.0518,0.0347
2020-05-01 10:10:00,-0.0952,-0.0592,0.036
2020-05-01 10:09:00,-0.1042,-0.0637,0.0405
2020-05-01 10:08:00,-0.1143,-0.0767,0.0377
2020-05-01 10:07:00,-0.1238,-0.085,0.0388
2020-05-01 10:06:00,-0.1335,-0.1,0.0335
2020-05-01 10:05:00,-0.1418,-0.1161,0.0257
2020-05-01 10:04:00,-0.1483,-0.1259,0.0224
2020-05-01 10:03:00,-0.1539,-0.1324,0.0215
2020-05-01 10:02:00,-0.1593,-0.1434,0.0159
2020-05-01 10:01:00,-0.1632,-0.162,0.0012
2020-05-01 10:00:00,-0.1635,-0.1711,-0.0076
2020-05-01 09:59:00,-0.1616,-0.1757,-0.0141
2020-05-01 09:58:00,-0.1581,-0.176,-0.0179
2020-05-01 09:57:00,-0.1536,-0.1773,-0.0237
2020-05-01 09:56:00,-0.1477,-0.1744,-0.0267
2020-05-01 09:55:00,-0.1411,-0.1661,-0.025
2020-05-01 09:54:00,-0.1348,-0.149,-0.0142
2020-05-01 09:53:00,-0.1312,-0.1373,-0.006
2020-05-01 09:52:00,-0.1297,-0.1305,-0.0007
2020-05-01 09:51:00,-0.1296,-0.1166,0.0129
2020-05-01 09:50:00,-0.1328,-0.1158,0.017
2020-05-01 09:49:00,-0.137,-0.1207,0.0163
2020-05-01 09:48:00,-0.1411,-0.1236,0.0175
2020-05-01 09:47:00,-0.1455,-0.1312,0.0143
2020-05-01 09:46:00,-0.1491,-0.1375,0.0116
2020-05-01 09:45:00,-0.152,-0.1419,0.0101
2020-05-01 09:44:00,-0.1545,-0.149,0.0054
2020-05-01 09:43:00,-0.1558,-0.156,-0.0002
2020-05-01 09:42:00,-0.1558,-0.1682,-0.0125
2020-05-01 09:41:00,-0.1527,-0.1671,-0.0145
2020-05-01 09:40:00,-0.1491,-0.1663,-0.0173
2020-05-01 09:39:00,-0.1447,-0.1721,-0.0274
2020-05-01 09:38:00,-0.1379,-0.1734,-0.0355
2020-05-01 09:37:00,-0.129,-0.1816,-0.0526
2020-05-01 09:36:00,-0.1159,-0.1936,-0.0777
2020-05-01 09:35:00,-0.0964,-0.1908,-0.0943
2020-05-01 09:34:00,-0.0729,-0.1834,-0.1105
2020-05-01 09:33:00,-0.0452,-0.1601,-0.1149
2020-05-01 09:32:00,-0.0165,-0.1225,-0.106
2020-05-01 09:31:00,0.01,-0.0654,-0.0754
2020-04-30 16:00:00,0.0288,0.0332,0.0044
2020-04-30 15:59:00,0.0277,0.0334,0.0057
2020-04-30 15:58:00,0.0263,0.0372,0.0109
2020-04-30 15:57:00,0.0236,0.039,0.0154
2020-04-30 15:56:00,0.0197,0.0397,0.02
2020-04-30 15:55:00,0.0147,0.0379,0.0232
2020-04-30 15:54:00,0.0089,0.0311,0.0222
2020-04-30 15:53:00,0.0034,0.0193,0.0159
2020-04-30 15:52:00,-0.0006,0.0101,0.0108
2020-04-30 15:51:00,-0.0033,0.0008,0.0041
2020-04-30 15:50:00,-0.0043,-0.0085,-0.0042
2020-04-30 15:49:00,-0.0033,-0.0081,-0.0048
2020-04-30 15:48:00,-0.0021,-0.01,-0.0079
2020-04-30 15:47:00,-0.0001,-0.0091,-0.009
2020-04-30 15:46:00,0.0021,-0.005,-0.0071
2020-04-30 15:45:00,0.0039,-0.0031,-0.0071
2020-04-30 15:44:00,0.0057,-0.0016,-0.0073
2020-04-30 15:43:00,0.0075,-0.0018,-0.0093
2020-04-30 15:42:00,0.0098,0.0006,-0.0093
2020-04-30 15:41:00,0.0122,0.0025,-0.0097
2020-04-30 15:40:00,0.0146,0.0075,-0.0071
2020-04-30 15:39:00,0.0163,0.0086,-0.0077
2020-04-30 15:38:00,0.0183,0.0105,-0.0077
2020-04-30 15:37:00,0.0202,0.0133,-0.0069
2020-04-30 15:36:00,0.0219,0.0151,-0.0069
2020-04-30 15:35:00,0.0237,0.0171,-0.0065
2020-04-30 15:34:00,0.0253,0.019,-0.0063
2020-04-30 15:33:00,0.0269,0.0202,-0.0067
2020-04-30 15:32:00,0.0285,0.0234,-0.0052
2020-04-30 15:31:00,0.0298,0.0225,-0.0074
2020-04-30 15:30:00,0.0317,0.0241,-0.0076
2020-04-30 15:29:00,0.0336,0.0268,-0.0068
2020-04-30 15:28:00,0.0353,0.0304,-0.0049
2020-04-30 15:27:00,0.0365,0.0345,-0.0019
2020-04-30 15:26:00,0.037,0.0378,0.0008
2020-04-30 15:25:00,0.0368,0.0394,0.0026
2020-04-30 15:24:00,0.0361,0.0393,0.0032
2020-04-30 15:23:00,0.0353,0.0366,0.0012
2020-04-30 15:22:00,0.035,0.0351,0.0001
2020-04-30 15:21:00,0.035,0.0368,0.0018
2020-04-30 15:20:00,0.0345,0.0384,0.0039
2020-04-30 15:19:00,0.0336,0.0404,0.0068
2020-04-30 15:18:00,0.0319,0.0378,0.006
2020-04-30 15:17:00,0.0304,0.037,0.0067
2020-04-30 15:16:00,0.0287,0.034,0.0052
2020-04-30 15:15:00,0.0274,0.0312,0.0038
2020-04-30 15:14:00,0.0264,0.0297,0.0032
2020-04-30 15:13:00,0.0256,0.0283,0.0026
2020-04-30 15:12:00,0.025,0.0286,0.0036
2020-04-30 15:11:00,0.0241,0.0271,0.003
2020-04-30 15:10:00,0.0233,0.0283,0.005
2020-04-30 15:09:00,0.0221,0.0259,0.0038
2020-04-30 15:08:00,0.0211,0.022,0.0009
2020-04-30 15:07:00,0.0209,0.0222,0.0013
2020-04-30 15:06:00,0.0206,0.0201,-0.0004
2020-04-30 15:05:00,0.0207,0.0208,0.0001
2020-04-30 15:04:00,0.0206,0.0228,0.0022
2020-04-30 15:03:00,0.0201,0.0215,0.0015
2020-04-30 15:02:00,0.0197,0.0191,-0.0006
2020-04-30 15:01:00,0.0199,0.0177,-0.0022
2020-04-30 15:00:00,0.0204,0.0182,-0.0022
2020-04-30 14:59:00,0.021,0.0181,-0.0029
2020-04-30 14:58:00,0.0217,0.0182,-0.0035
2020-04-30 14:57:00,0.0226,0.0186,-0.004
2020-04-30 14:56:00,0.0236,0.0189,-0.0047
2020-04-30 14:55:00,0.0247,0.0199,-0.0049
2020-04-30 14:54:00,0.026,0.0219,-0.004
2020-04-30 14:53:00,0.027,0.0253,-0.0017
2020-04-30 14:52:00,0.0274,0.0266,-0.0008
2020-04-30 14:51:00,0.0276,0.0263,-0.0013
2020-04-30 14:50:00,0.0279,0.0277,-0.0002
2020-04-30 14:49:00,0.028,0.029,0.0011
2020-04-30 14:48:00,0.0277,0.0303,0.0026
2020-04-30 14:47:00,0.027,0.0294,0.0024
2020-04-30 14:46:00,0.0265,0.0279,0.0015
2020-04-30 14:45:00,0.0261,0.0276,0.0015
2020-04-30 14:44:00,0.0257,0.0273,0.0016
2020-04-30 14:43:00,0.0253,0.0275,0.0022
2020-04-30 14:42:00,0.0248,0.0259,0.0011
2020-04-30 14:41:00,0.0245,0.0275,0.003
2020-04-30 14:40:00,0.0237,0.0282,0.0044
2020-04-30 14:39:00,0.0226,0.0276,0.005
2020-04-30 14:38:00,0.0214,0.0264,0.0051
2020-04-30 14:37:00,0.0201,0.0276,0.0075
2020-04-30 14:36:00,0.0182,0.0247,0.0065
2020-04-30 14:35:00,0.0166,0.0237,0.0071
2020-04-30 14:34:00,0.0148,0.021,0.0061
2020-04-30 14:33:00,0.0133,0.0146,0.0013
2020-04-30 14:32:00,0.013,0.011,-0.002
2020-04-30 14:31:00,0.0135,0.0107,-0.0028
2020-04-30 14:30:00,0.0142,0.0102,-0.004
2020-04-30 14:29:00,0.0151,0.0114,-0.0037
2020-04-30 14:28:00,0.0161,0.0119,-0.0042
2020-04-30 14:27:00,0.0171,0.0147,-0.0024
2020-04-30 14:26:00,0.0177,0.0152,-0.0025
2020-04-30 14:25:00,0.0183,0.0171,-0.0013
2020-04-30 14:24:00,0.0187,0.0166,-0.002
2020-04-30 14:23:00,0.0192,0.0153,-0.0038
2020-04-30 14:22:00,0.0201,0.013,-0.0072
2020-04-30 14:21:00,0.0219,0.0138,-0.0081
2020-04-30 14:20:00,0.0239,0.0157,-0.0083
2020-04-30 14:19:00,0.026,0.0204,-0.0056
2020-04-30 14:18:00,0.0274,0.0246,-0.0028
2020-04-30 14:17:00,0.0281,0.0287,0.0006
2020-04-30 14:16:00,0.028,0.0326,0.0047
2020-04-30 14:15:00,0.0268,0.0369,0.0102
2020-04-30 14:14:00,0.0243,0.0358,0.0116
2020-04-30 14:13:00,0.0214,0.0348,0.0135
2020-04-30 14:12:00,0.018,0.0331,0.0151
2020-04-30 14:11:00,0.0142,0.0309,0.0167
2020-04-30 14:10:00,0.0101,0.0276,0.0176
2020-04-30 14:09:00,0.0057,0.0236,0.0179
2020-04-30 14:08:00,0.0012,0.0181,0.0169
2020-04-30 14:07:00,-0.0031,0.0129,0.0159
2020-04-30 14:06:00,-0.007,0.008,0.0151
2020-04-30 14:05:00,-0.0108,0.0038,0.0146
2020-04-30 14:04:00,-0.0145,-0.0028,0.0117
2020-04-30 14:03:00,-0.0174,-0.011,0.0063
2020-04-30 14:02:00,-0.019,-0.0142,0.0047
2020-04-30 14:01:00,-0.0201,-0.0126,0.0076
2020-04-30 14:00:00,-0.022,-0.0169,0.0051
2020-04-30 13:59:00,-0.0233,-0.0181,0.0052
2020-04-30 13:58:00,-0.0246,-0.0184,0.0062
2020-04-30 13:57:00,-0.0262,-0.019,0.0072
2020-04-30 13:56:00,-0.028,-0.0195,0.0085
2020-04-30 13:55:00,-0.0301,-0.0223,0.0078
2020-04-30 13:54:00,-0.0321,-0.0267,0.0054
2020-04-30 13:53:00,-0.0334,-0.0287,0.0048
2020-04-30 13:52:00,-0.0346,-0.0309,0.0037
2020-04-30 13:51:00,-0.0355,-0.0338,0.0017
2020-04-30 13:50:00,-0.0359,-0.037,-0.0011
2020-04-30 13:49:00,-0.0357,-0.0391,-0.0034
2020-04-30 13:48:00,-0.0348,-0.0411,-0.0063
2020-04-30 13:47:00,-0.0333,-0.0407,-0.0075
2020-04-30 13:46:00,-0.0314,-0.0375,-0.0061
2020-04-30 13:45:00,-0.0299,-0.0363,-0.0065
2020-04-30 13:44:00,-0.0283,-0.0379,-0.0096
2020-04-30 13:43:00,-0.0259,-0.0368,-0.011
2020-04-30 13:42:00,-0.0231,-0.0339,-0.0108
2020-04-30 13:41:00,-0.0204,-0.0281,-0.0077
2020-04-30 13:40:00,-0.0185,-0.0259,-0.0075
2020-04-30 13:39:00,-0.0166,-0.0244,-0.0078
2020-04-30 13:38:00,-0.0147,-0.0221,-0.0074
2020-04-30 13:37:00,-0.0128,-0.0192,-0.0064
2020-04-30 13:36:00,-0.0112,-0.0188,-0.0076
2020-04-30 13:35:00,-0.0094,-0.0186,-0.0093
2020-04-30 13:34:00,-0.007,-0.016,-0.009
2020-04-30 13:33:00,-0.0048,-0.017,-0.0122
2020-04-30 13:32:00,-0.0017,-0.015,-0.0133
2020-04-30 13:31:00,0.0016,-0.0102,-0.0118
2020-04-30 13:30:00,0.0045,-0.0065,-0.011
2020-04-30 13:29:00,0.0073,-0.0027,-0.0099
2020-04-30 13:28:00,0.0098,0.0002,-0.0095
2020-04-30 13:27:00,0.0121,0.0012,-0.011
2020-04-30 13:26:00,0.0149,0.0056,-0.0093
2020-04-30 13:25:00,0.0172,0.0127,-0.0045
2020-04-30 13:24:00,0.0183,0.0185,0.0002
2020-04-30 13:23:00,0.0183,0.0247,0.0064
2020-04-30 13:22:00,0.0166,0.0266,0.01
2020-04-30 13:21:00,0.0142,0.0271,0.013
2020-04-30 13:20:00,0.0109,0.0249,0.014
2020-04-30 13:19:00,0.0074,0.0221,0.0147
2020-04-30 13:18:00,0.0037,0.0201,0.0163
2020-04-30 13:17:00,-0.0003,0.0154,0.0157
2020-04-30 13:16:00,-0.0043,0.0066,0.0109
2020-04-30 13:15:00,-0.007,-0.0047,0.0023
2020-04-30 13:14:00,-0.0075,-0.0126,-0.005
2020-04-30 13:13:00,-0.0063,-0.0145,-0.0082
2020-04-30 13:12:00,-0.0042,-0.0133,-0.0091
2020-04-30 13:11:00,-0.002,-0.0111,-0.0092
2020-04-30 13:10:00,0.0003,-0.0077,-0.008
2020-04-30 13:09:00,0.0023,-0.0044,-0.0067
2020-04-30 13:08:00,0.004,-0.005,-0.009
2020-04-30 13:07:00,0.0063,-0.0037,-0.0099
2020-04-30 13:06:00,0.0087,-0.0029,-0.0116
2020-04-30 13:05:00,0.0117,0.0022,-0.0095
2020-04-30 13:04:00,0.014,0.0076,-0.0064
2020-04-30 13:03:00,0.0156,0.0093,-0.0063
2020-04-30 13:02:00,0.0172,0.0122,-0.005
2020-04-30 13:01:00,0.0185,0.019,0.0005
2020-04-30 13:00:00,0.0183,0.0263,0.008
2020-04-30 12:59:00,0.0163,0.0271,0.0108
2020-04-30 12:58:00,0.0136,0.0268,0.0132
2020-04-30 12:57:00,0.0103,0.0249,0.0146
2020-04-30 12:56:00,0.0067,0.0222,0.0155
2020-04-30 12:55:00,0.0028,0.0199,0.0172
2020-04-30 12:54:00,-0.0015,0.0152,0.0167
2020-04-30 12:53:00,-0.0057,0.013,0.0187
2020-04-30 12:52:00,-0.0104,0.007,0.0174
2020-04-30 12:51:00,-0.0147,-0.0008,0.0139
2020-04-30 12:50:00,-0.0182,-0.0036,0.0146
2020-04-30 12:49:00,-0.0219,-0.0086,0.0132
2020-04-30 12:48:00,-0.0252,-0.0144,0.0107
2020-04-30 12:47:00,-0.0278,-0.0196,0.0082
2020-04-30 12:46:00,-0.0299,-0.0198,0.0101
2020-04-30 12:45:00,-0.0324,-0.0208,0.0116
2020-04-30 12:44:00,-0.0353,-0.0208,0.0145
2020-04-30 12:43:00,-0.0389,-0.0245,0.0144
2020-04-30 12:42:00,-0.0425,-0.0289,0.0137
2020-04-30 12:41:00,-0.046,-0.0315,0.0145
2020-04-30 12:40:00,-0.0496,-0.0346,0.015
2020-04-30 12:39:00,-0.0533,-0.0394,0.014
2020-04-30 12:38:00,-0.0568,-0.0469,0.0099
2020-04-30 12:37:00,-0.0593,-0.0534,0.0059
2020-04-30 12:36:00,-0.0608,-0.0582,0.0025
2020-04-30 12:35:00,-0.0614,-0.0605,0.0009
2020-04-30 12:34:00,-0.0616,-0.0615,0.0001
2020-04-30 12:33:00,-0.0617,-0.0614,0.0002
2020-04-30 12:32:00,-0.0617,-0.0599,0.0018
2020-04-30 12:31:00,-0.0622,-0.0582,0.004
2020-04-30 12:30:00,-0.0632,-0.0561,0.0071
2020-04-30 12:29:00,-0.0649,-0.0597,0.0052
2020-04-30 12:28:00,-0.0662,-0.0605,0.0057
2020-04-30 12:27:00,-0.0677,-0.0636,0.0041
2020-04-30 12:26:00,-0.0687,-0.0671,0.0015
2020-04-30 12:25:00,-0.069,-0.0687,0.0004
2020-04-30 12:24:00,-0.0691,-0.0671,0.0021
2020-04-30 12:23:00,-0.0697,-0.0701,-0.0004
2020-04-30 12:22:00,-0.0696,-0.0679,0.0016
2020-04-30 12:21:00,-0.07,-0.0662,0.0038
2020-04-30 12:20:00,-0.0709,-0.0668,0.0041
2020-04-30 12:19:00,-0.0719,-0.0669,0.005
2020-04-30 12:18:00,-0.0732,-0.0661,0.0071
2020-04-30 12:17:00,-0.0749,-0.0676,0.0073
2020-04-30 12:16:00,-0.0768,-0.0732,0.0036
2020-04-30 12:15:00,-0.0776,-0.0767,0.001
2020-04-30 12:14:00,-0.0779,-0.0815,-0.0036
2020-04-30 12:13:00,-0.077,-0.0855,-0.0085
2020-04-30 12:12:00,-0.0749,-0.0893,-0.0145
2020-04-30 12:11:00,-0.0712,-0.0919,-0.0207
2020-04-30 12:10:00,-0.0661,-0.0908,-0.0248
2020-04-30 12:09:00,-0.0599,-0.0902,-0.0303
2020-04-30 12:08:00,-0.0523,-0.0849,-0.0326
2020-04-30 12:07:00,-0.0441,-0.076,-0.0319
2020-04-30 12:06:00,-0.0362,-0.061,-0.0248
2020-04-30 12:05:00,-0.03,-0.0491,-0.0191
2020-04-30 12:04:00,-0.0252,-0.0418,-0.0166
2020-04-30 12:03:00,-0.0211,-0.036,-0.015
2020-04-30 12:02:00,-0.0173,-0.0301,-0.0128
2020-04-30 12:01:00,-0.0141,-0.0211,-0.007
2020-04-30 12:00:00,-0.0124,-0.0177,-0.0053
2020-04-30 11:59:00,-0.0111,-0.0159,-0.0048
2020-04-30 11:58:00,-0.0099,-0.0143,-0.0045
2020-04-30 11:57:00,-0.0088,-0.0188,-0.0101
2020-04-30 11:56:00,-0.0062,-0.0187,-0.0125
2020-04-30 11:55:00,-0.0031,-0.0152,-0.012
2020-04-30 11:54:00,-0.0001,-0.0114,-0.0113
2020-04-30 11:53:00,0.0027,-0.0086,-0.0113
2020-04-30 11:52:00,0.0055,-0.0038,-0.0093
2020-04-30 11:51:00,0.0079,-0.0017,-0.0096
2020-04-30 11:50:00,0.0103,0.0015,-0.0087
2020-04-30 11:49:00,0.0125,0.0072,-0.0053
2020-04-30 11:48:00,0.0138,0.0122,-0.0016
2020-04-30 11:47:00,0.0142,0.0194,0.0052
2020-04-30 11:46:00,0.0129,0.0223,0.0094
2020-04-30 11:45:00,0.0105,0.0236,0.0131
2020-04-30 11:44:00,0.0072,0.0219,0.0146
2020-04-30 11:43:00,0.0036,0.0163,0.0127
2020-04-30 11:42:00,0.0004,0.012,0.0115
2020-04-30 11:41:00,-0.0025,0.0093,0.0118
2020-04-30 11:40:00,-0.0054,0.0043,0.0097
2020-04-30 11:39:00,-0.0079,0.0035,0.0113
2020-04-30 11:38:00,-0.0107,0.0053,0.016
2020-04-30 11:37:00,-0.0147,0.0046,0.0193
2020-04-30 11:36:00,-0.0195,-0.003,0.0166
2020-04-30 11:35:00,-0.0237,-0.0116,0.0121
2020-04-30 11:34:00,-0.0267,-0.0178,0.0088
2020-04-30 11:33:00,-0.0289,-0.0235,0.0054
2020-04-30 11:32:00,-0.0302,-0.0274,0.0028
2020-04-30 11:31:00,-0.031,-0.0292,0.0017
2020-04-30 11:30:00,-0.0314,-0.0318,-0.0004
2020-04-30 11:29:00,-0.0313,-0.0326,-0.0013
2020-04-30 11:28:00,-0.031,-0.0296,0.0014
2020-04-30 11:27:00,-0.0313,-0.0324,-0.0011
2020-04-30 11:26:00,-0.0311,-0.035,-0.004
2020-04-30 11:25:00,-0.0301,-0.0364,-0.0063
2020-04-30 11:24:00,-0.0285,-0.037,-0.0086
2020-04-30 11:23:00,-0.0263,-0.0313,-0.0049
2020-04-30 11:22:00,-0.0251,-0.031,-0.0059
2020-04-30 11:21:00,-0.0236,-0.0312,-0.0076
2020-04-30 11:20:00,-0.0217,-0.0286,-0.0069
2020-04-30 11:19:00,-0.02,-0.0268,-0.0068
2020-04-30 11:18:00,-0.0183,-0.0277,-0.0094
2020-04-30 11:17:00,-0.016,-0.0229,-0.007
2020-04-30 11:16:00,-0.0142,-0.0179,-0.0037
2020-04-30 11:15:00,-0.0133,-0.0186,-0.0053
2020-04-30 11:14:00,-0.012,-0.0195,-0.0075
2020-04-30 11:13:00,-0.0101,-0.0148,-0.0047
2020-04-30 11:12:00,-0.0089,-0.0127,-0.0038
2020-04-30 11:11:00,-0.008,-0.0062,0.0018
2020-04-30 11:10:00,-0.0084,-0.003,0.0054
2020-04-30 11:09:00,-0.0098,0.0012,0.011
2020-04-30 11:08:00,-0.0125,0.0025,0.015
2020-04-30 11:07:00,-0.0163,0.002,0.0183
2020-04-30 11:06:00,-0.0208,0.0004,0.0212
2020-04-30 11:05:00,-0.0261,-0.0028,0.0234
2020-04-30 11:04:00,-0.032,-0.0109,0.0211
2020-04-30 11:03:00,-0.0373,-0.021,0.0163
2020-04-30 11:02:00,-0.0413,-0.0269,0.0144
2020-04-30 11:01:00,-0.045,-0.0337,0.0113
2020-04-30 11:00:00,-0.0478,-0.0377,0.0101
2020-04-30 10:59:00,-0.0503,-0.0362,0.0141
2020-04-30 10:58:00,-0.0538,-0.0368,0.017
2020-04-30 10:57:00,-0.0581,-0.0441,0.0139
2020-04-30 10:56:00,-0.0615,-0.0508,0.0107
2020-04-30 10:55:00,-0.0642,-0.0562,0.008
2020-04-30 10:54:00,-0.0662,-0.0627,0.0035
2020-04-30 10:53:00,-0.0671,-0.069,-0.0019
2020-04-30 10:52:00,-0.0666,-0.0709,-0.0043
2020-04-30 10:51:00,-0.0656,-0.0693,-0.0037
2020-04-30 10:50:00,-0.0646,-0.0713,-0.0067
2020-04-30 10:49:00,-0.063,-0.0729,-0.0099
2020-04-30 10:48:00,-0.0605,-0.0728,-0.0123
2020-04-30 10:47:00,-0.0574,-0.0716,-0.0142
2020-04-30 10:46:00,-0.0539,-0.0701,-0.0162
2020-04-30 10:45:00,-0.0498,-0.0659,-0.0161
2020-04-30 10:44:00,-0.0458,-0.0547,-0.0089
2020-04-30 10:43:00,-0.0436,-0.0447,-0.0011
2020-04-30 10:42:00,-0.0433,-0.041,0.0024
2020-04-30 10:41:00,-0.0439,-0.0361,0.0078
2020-04-30 10:40:00,-0.0459,-0.0335,0.0124
2020-04-30 10:39:00,-0.049,-0.0347,0.0142
2020-04-30 10:38:00,-0.0525,-0.0348,0.0178
2020-04-30 10:37:00,-0.057,-0.0374,0.0196
2020-04-30 10:36:00,-0.0619,-0.0412,0.0207
2020-04-30 10:35:00,-0.067,-0.0495,0.0176
2020-04-30 10:34:00,-0.0714,-0.0568,0.0146
2020-04-30 10:33:00,-0.0751,-0.0649,0.0102
2020-04-30 10:32:00,-0.0776,-0.0753,0.0024
2020-04-30 10:31:00,-0.0782,-0.0804,-0.0022
2020-04-30 10:30:00,-0.0777,-0.0851,-0.0075
2020-04-30 10:29:00,-0.0758,-0.092,-0.0162
2020-04-30 10:28:00,-0.0718,-0.0928,-0.0211
2020-04-30 10:27:00,-0.0665,-0.0935,-0.027
2020-04-30 10:26:00,-0.0597,-0.0879,-0.0282
2020-04-30 10:25:00,-0.0527,-0.073,-0.0203
2020-04-30 10:24:00,-0.0476,-0.0645,-0.0168
2020-04-30 10:23:00,-0.0434,-0.0608,-0.0174
2020-04-30 10:22:00,-0.0391,-0.0558,-0.0167
2020-04-30 10:21:00,-0.0349,-0.0557,-0.0208
2020-04-30 10:20:00,-0.0297,-0.0492,-0.0195
2020-04-30 10:19:00,-0.0248,-0.0452,-0.0204
2020-04-30 10:18:00,-0.0197,-0.0466,-0.0269
2020-04-30 10:17:00,-0.013,-0.0388,-0.0258
2020-04-30 10:16:00,-0.0066,-0.0264,-0.0199
2020-04-30 10:15:00,-0.0016,-0.0201,-0.0185
2020-04-30 10:14:00,0.003,-0.0152,-0.0182
2020-04-30 10:13:00,0.0076,-0.0097,-0.0173
2020-04-30 10:12:00,0.0119,-0.0056,-0.0175
2020-04-30 10:11:00,0.0163,-0.0014,-0.0177
2020-04-30 10:10:00,0.0207,0.002,-0.0187
2020-04-30 10:09:00,0.0254,0.0119,-0.0134
2020-04-30 10:08:00,0.0287,0.0221,-0.0066
2020-04-30 10:07:00,0.0304,0.032,0.0016
2020-04-30 10:06:00,0.03,0.0321,0.0021
2020-04-30 10:05:00,0.0295,0.0412,0.0118
2020-04-30 10:04:00,0.0265,0.0508,0.0243
2020-04-30 10:03:00,0.0205,0.0531,0.0326
2020-04-30 10:02:00,0.0123,0.0492,0.0369
2020-04-30 10:01:00,0.0031,0.0516,0.0485
2020-04-30 10:00:00,-0.009,0.0498,0.0588
2020-04-30 09:59:00,-0.0237,0.0509,0.0747
2020-04-30 09:58:00,-0.0424,0.0435,0.0859
2020-04-30 09:57:00,-0.0639,0.0252,0.0891
2020-04-30 09:56:00,-0.0861,0.0055,0.0917
2020-04-30 09:55:00,-0.109,-0.0247,0.0843
2020-04-30 09:54:00,-0.1301,-0.0472,0.0829
2020-04-30 09:53:00,-0.1509,-0.0767,0.0742
2020-04-30 09:52:00,-0.1694,-0.1005,0.0689
2020-04-30 09:51:00,-0.1866,-0.1254,0.0612
2020-04-30 09:50:00,-0.2019,-0.1488,0.0531
2020-04-30 09:49:00,-0.2152,-0.1642,0.051
2020-04-30 09:48:00,-0.228,-0.188,0.0399
2020-04-30 09:47:00,-0.2379,-0.2051,0.0328
2020-04-30 09:46:00,-0.2461,-0.2198,0.0263
2020-04-30 09:45:00,-0.2527,-0.2323,0.0204
2020-04-30 09:44:00,-0.2578,-0.2469,0.0109
2020-04-30 09:43:00,-0.2606,-0.2727,-0.0122
2020-04-30 09:42:00,-0.2575,-0.2889,-0.0314
2020-04-30 09:41:00,-0.2497,-0.2993,-0.0497
2020-04-30 09:40:00,-0.2372,-0.299,-0.0618
2020-04-30 09:39:00,-0.2218,-0.2908,-0.069
2020-04-30 09:38:00,-0.2045,-0.2704,-0.0659
2020-04-30 09:37:00,-0.1881,-0.2517,-0.0636
2020-04-30 09:36:00,-0.1722,-0.246,-0.0738
2020-04-30 09:35:00,-0.1537,-0.2357,-0.082
2020-04-30 09:34:00,-0.1332,-0.2277,-0.0945
2020-04-30 09:33:00,-0.1096,-0.2077,-0.0981
2020-04-30 09:32:00,-0.0851,-0.1719,-0.0868
2020-04-30 09:31:00,-0.0634,-0.1148,-0.0515
2020-04-29 16:00:00,-0.0505,-0.0421,0.0084
2020-04-29 15:59:00,-0.0526,-0.0536,-0.0009
2020-04-29 15:58:00,-0.0524,-0.0567,-0.0043
2020-04-29 15:57:00,-0.0513,-0.066,-0.0147
2020-04-29 15:56:00,-0.0476,-0.0647,-0.017
2020-04-29 15:55:00,-0.0434,-0.0615,-0.0182
2020-04-29 15:54:00,-0.0388,-0.0657,-0.0269
2020-04-29 15:53:00,-0.0321,-0.058,-0.0259
2020-04-29 15:52:00,-0.0256,-0.0488,-0.0232
2020-04-29 15:51:00,-0.0198,-0.0394,-0.0195
2020-04-29 15:50:00,-0.015,-0.0298,-0.0149
2020-04-29 15:49:00,-0.0112,-0.025,-0.0138
2020-04-29 15:48:00,-0.0078,-0.0204,-0.0126
2020-04-29 15:47:00,-0.0046,-0.0152,-0.0105
2020-04-29 15:46:00,-0.002,-0.0094,-0.0074
2020-04-29 15:45:00,-0.0002,-0.0033,-0.0032
2020-04-29 15:44:00,0.0006,-0.0002,-0.0008
2020-04-29 15:43:00,0.0008,0.0018,0.001
2020-04-29 15:42:00,0.0006,0.0033,0.0027
2020-04-29 15:41:00,-0.0001,0.0022,0.0023
2020-04-29 15:40:00,-0.0007,0.0012,0.0018
2020-04-29 15:39:00,-0.0011,-0.0016,-0.0005
2020-04-29 15:38:00,-0.001,-0.0026,-0.0016
2020-04-29 15:37:00,-0.0006,-0.0024,-0.0018
2020-04-29 15:36:00,-0.0002,-0.0003,-0.0002
2020-04-29 15:35:00,-0.0001,0.0006,0.0007
2020-04-29 15:34:00,-0.0003,0.0018,0.0021
2020-04-29 15:33:00,-0.0008,0.0016,0.0024
2020-04-29 15:32:00,-0.0014,0.0019,0.0033
2020-04-29 15:31:00,-0.0022,0.0007,0.003
2020-04-29 15:30:00,-0.003,0.0001,0.0031
2020-04-29 15:29:00,-0.0038,-0.0024,0.0014
2020-04-29 15:28:00,-0.0041,-0.0026,0.0016
2020-04-29 15:27:00,-0.0045,-0.0033,0.0012
2020-04-29 15:26:00,-0.0048,-0.0047,0.0001
2020-04-29 15:25:00,-0.0049,-0.0061,-0.0012
2020-04-29 15:24:00,-0.0046,-0.008,-0.0035
2020-04-29 15:23:00,-0.0037,-0.0079,-0.0042
2020-04-29 15:22:00,-0.0026,-0.0077,-0.005
2020-04-29 15:21:00,-0.0014,-0.0062,-0.0048
2020-04-29 15:20:00,-0.0002,-0.0053,-0.0051
2020-04-29 15:19:00,0.0011,-0.003,-0.0041
2020-04-29 15:18:00,0.0021,-0.0001,-0.0022
2020-04-29 15:17:00,0.0027,0.0017,-0.001
2020-04-29 15:16:00,0.0029,0.0069,0.004
2020-04-29 15:15:00,0.0019,0.0084,0.0065
2020-04-29 15:14:00,0.0003,0.0092,0.0089
2020-04-29 15:13:00,-0.0019,0.008,0.0099
2020-04-29 15:12:00,-0.0044,0.0073,0.0117
2020-04-29 15:11:00,-0.0073,0.0044,0.0117
2020-04-29 15:10:00,-0.0102,0.0026,0.0129
2020-04-29 15:09:00,-0.0135,-0.0007,0.0128
2020-04-29 15:08:00,-0.0167,-0.0049,0.0118
2020-04-29 15:07:00,-0.0196,-0.0082,0.0114
2020-04-29 15:06:00,-0.0225,-0.0138,0.0087
2020-04-29 15:05:00,-0.0246,-0.0162,0.0085
2020-04-29 15:04:00,-0.0267,-0.0195,0.0073
2020-04-29 15:03:00,-0.0286,-0.0235,0.005
2020-04-29 15:02:00,-0.0298,-0.0265,0.0033
2020-04-29 15:01:00,-0.0306,-0.0301,0.0005
2020-04-29 15:00:00,-0.0308,-0.0343,-0.0036
2020-04-29 14:59:00,-0.0299,-0.0366,-0.0067
2020-04-29 14:58:00,-0.0282,-0.038,-0.0098
2020-04-29 14:57:00,-0.0257,-0.0367,-0.0109
2020-04-29 14:56:00,-0.023,-0.0354,-0.0124
2020-04-29 14:55:00,-0.0199,-0.0323,-0.0124
2020-04-29 14:54:00,-0.0168,-0.0269,-0.0101
2020-04-29 14:53:00,-0.0143,-0.0206,-0.0063
2020-04-29 14:52:00,-0.0127,-0.0154,-0.0027
2020-04-29 14:51:00,-0.012,-0.0135,-0.0014
2020-04-29 14:50:00,-0.0117,-0.0124,-0.0007
2020-04-29 14:49:00,-0.0115,-0.0104,0.0011
2020-04-29 14:48:00,-0.0118,-0.0101,0.0016
2020-04-29 14:47:00,-0.0122,-0.0082,0.004
2020-04-29 14:46:00,-0.0132,-0.0045,0.0087
2020-04-29 14:45:00,-0.0154,-0.0029,0.0125
2020-04-29 14:44:00,-0.0185,-0.0053,0.0132
2020-04-29 14:43:00,-0.0218,-0.0088,0.0129
2020-04-29 14:42:00,-0.025,-0.0139,0.0111
2020-04-29 14:41:00,-0.0278,-0.0205,0.0073
2020-04-29 14:40:00,-0.0296,-0.0265,0.0031
2020-04-29 14:39:00,-0.0304,-0.0308,-0.0004
2020-04-29 14:38:00,-0.0303,-0.0343,-0.004
2020-04-29 14:37:00,-0.0293,-0.0332,-0.004
2020-04-29 14:36:00,-0.0283,-0.0344,-0.0061
2020-04-29 14:35:00,-0.0268,-0.0339,-0.0071
2020-04-29 14:34:00,-0.025,-0.036,-0.011
2020-04-29 14:33:00,-0.0222,-0.0364,-0.0142
2020-04-29 14:32:00,-0.0187,-0.0349,-0.0162
2020-04-29 14:31:00,-0.0146,-0.0269,-0.0122
2020-04-29 14:30:00,-0.0116,-0.0198,-0.0082
2020-04-29 14:29:00,-0.0095,-0.015,-0.0055
2020-04-29 14:28:00,-0.0082,-0.0092,-0.001
2020-04-29 14:27:00,-0.0079,-0.0047,0.0032
2020-04-29 14:26:00,-0.0087,0.0001,0.0088
2020-04-29 14:25:00,-0.0109,-0.003,0.0079
2020-04-29 14:24:00,-0.0129,-0.0028,0.0101
2020-04-29 14:23:00,-0.0154,-0.0045,0.0109
2020-04-29 14:22:00,-0.0181,-0.0087,0.0094
2020-04-29 14:21:00,-0.0205,-0.0098,0.0107
2020-04-29 14:20:00,-0.0232,-0.0152,0.0079
2020-04-29 14:19:00,-0.0251,-0.0173,0.0079
2020-04-29 14:18:00,-0.0271,-0.0222,0.0049
2020-04-29 14:17:00,-0.0283,-0.0272,0.0012
2020-04-29 14:16:00,-0.0286,-0.0321,-0.0035
2020-04-29 14:15:00,-0.0278,-0.0386,-0.0109
2020-04-29 14:14:00,-0.025,-0.0376,-0.0125
2020-04-29 14:13:00,-0.0219,-0.0341,-0.0122
2020-04-29 14:12:00,-0.0189,-0.0317,-0.0129
2020-04-29 14:11:00,-0.0156,-0.0287,-0.0131
2020-04-29 14:10:00,-0.0124,-0.022,-0.0096
2020-04-29 14:09:00,-0.0099,-0.013,-0.0031
2020-04-29 14:08:00,-0.0092,-0.0055,0.0037
2020-04-29 14:07:00,-0.0101,-0.0029,0.0072
2020-04-29 14:06:00,-0.0119,0.0024,0.0143
2020-04-29 14:05:00,-0.0155,-0.0004,0.015
2020-04-29 14:04:00,-0.0192,-0.0046,0.0146
2020-04-29 14:03:00,-0.0229,-0.0025,0.0204
2020-04-29 14:02:00,-0.028,-0.0071,0.0209
2020-04-29 14:01:00,-0.0332,-0.0129,0.0203
2020-04-29 14:00:00,-0.0383,-0.0196,0.0187
2020-04-29 13:59:00,-0.0429,-0.0283,0.0146
2020-04-29 13:58:00,-0.0466,-0.0381,0.0085
2020-04-29 13:57:00,-0.0487,-0.046,0.0027
2020-04-29 13:56:00,-0.0494,-0.0482,0.0012
2020-04-29 13:55:00,-0.0497,-0.0503,-0.0006
2020-04-29 13:54:00,-0.0495,-0.0513,-0.0017
2020-04-29 13:53:00,-0.0491,-0.0558,-0.0067
2020-04-29 13:52:00,-0.0474,-0.0588,-0.0114
2020-04-29 13:51:00,-0.0446,-0.0561,-0.0115
2020-04-29 13:50:00,-0.0417,-0.052,-0.0103
2020-04-29 13:49:00,-0.0391,-0.0459,-0.0068
2020-04-29 13:48:00,-0.0374,-0.0441,-0.0066
2020-04-29 13:47:00,-0.0358,-0.0421,-0.0063
2020-04-29 13:46:00,-0.0342,-0.04,-0.0058
2020-04-29 13:45:00,-0.0328,-0.0362,-0.0034
2020-04-29 13:44:00,-0.0319,-0.0302,0.0017
2020-04-29 13:43:00,-0.0323,-0.0304,0.0019
2020-04-29 13:42:00,-0.0328,-0.0312,0.0016
2020-04-29 13:41:00,-0.0332,-0.0369,-0.0037
2020-04-29 13:40:00,-0.0323,-0.0431,-0.0108
2020-04-29 13:39:00,-0.0296,-0.0441,-0.0145
2020-04-29 13:38:00,-0.026,-0.0414,-0.0154
2020-04-29 13:37:00,-0.0221,-0.0398,-0.0177
2020-04-29 13:36:00,-0.0177,-0.0367,-0.019
2020-04-29 13:35:00,-0.013,-0.0301,-0.0172
2020-04-29 13:34:00,-0.0087,-0.0234,-0.0147
2020-04-29 13:33:00,-0.005,-0.017,-0.012
2020-04-29 13:32:00,-0.002,-0.0101,-0.0081
2020-04-29 13:31:00,0.0,-0.0063,-0.0063
2020-04-29 13:30:00,0.0016,-0.0048,-0.0065
2020-04-29 13:29:00,0.0032,-0.0015,-0.0048
2020-04-29 13:28:00,0.0044,-0.0012,-0.0056
2020-04-29 13:27:00,0.0058,0.0001,-0.0058
2020-04-29 13:26:00,0.0073,0.0029,-0.0044
2020-04-29 13:25:00,0.0084,0.0054,-0.003
2020-04-29 13:24:00,0.0091,0.0085,-0.0007
2020-04-29 13:23:00,0.0093,0.0103,0.001
2020-04-29 13:22:00,0.0091,0.0104,0.0013
2020-04-29 13:21:00,0.0087,0.0111,0.0024
2020-04-29 13:20:00,0.0081,0.0098,0.0016
2020-04-29 13:19:00,0.0077,0.0085,0.0008
2020-04-29 13:18:00,0.0075,0.0065,-0.001
2020-04-29 13:17:00,0.0078,0.0085,0.0007
2020-04-29 13:16:00,0.0076,0.0104,0.0028
2020-04-29 13:15:00,0.0069,0.0127,0.0058
2020-04-29 13:14:00,0.0054,0.0129,0.0074
2020-04-29 13:13:00,0.0036,0.0119,0.0083
2020-04-29 13:12:00,0.0015,0.012,0.0104
2020-04-29 13:11:00,-0.0011,0.0124,0.0135
2020-04-29 13:10:00,-0.0045,0.0097,0.0142
2020-04-29 13:09:00,-0.008,0.0052,0.0132
2020-04-29 13:08:00,-0.0113,-0.0017,0.0096
2020-04-29 13:07:00,-0.0137,-0.0082,0.0055
2020-04-29 13:06:00,-0.0151,-0.012,0.003
2020-04-29 13:05:00,-0.0158,-0.0142,0.0016
2020-04-29 13:04:00,-0.0162,-0.0138,0.0025
2020-04-29 13:03:00,-0.0169,-0.015,0.0019
2020-04-29 13:02:00,-0.0173,-0.0184,-0.0011
2020-04-29 13:01:00,-0.0171,-0.0204,-0.0034
2020-04-29 13:00:00,-0.0162,-0.0222,-0.006
2020-04-29 12:59:00,-0.0147,-0.0231,-0.0084
2020-04-29 12:58:00,-0.0126,-0.0186,-0.006
2020-04-29 12:57:00,-0.0111,-0.0139,-0.0027
2020-04-29 12:56:00,-0.0104,-0.0101,0.0003
2020-04-29 12:55:00,-0.0105,-0.0101,0.0004
2020-04-29 12:54:00,-0.0106,-0.0112,-0.0006
2020-04-29 12:53:00,-0.0104,-0.0109,-0.0004
2020-04-29 12:52:00,-0.0103,-0.0098,0.0006
2020-04-29 12:51:00,-0.0105,-0.0098,0.0007
2020-04-29 12:50:00,-0.0106,-0.0122,-0.0016
2020-04-29 12:49:00,-0.0102,-0.0136,-0.0034
2020-04-29 12:48:00,-0.0094,-0.0162,-0.0068
2020-04-29 12:47:00,-0.0077,-0.0142,-0.0065
2020-04-29 12:46:00,-0.0061,-0.0099,-0.0038
2020-04-29 12:45:00,-0.0052,-0.0067,-0.0016
2020-04-29 12:44:00,-0.0048,-0.0027,0.0021
2020-04-29 12:43:00,-0.0053,-0.0026,0.0027
2020-04-29 12:42:00,-0.006,-0.0028,0.0032
2020-04-29 12:41:00,-0.0068,-0.0039,0.0028
2020-04-29 12:40:00,-0.0075,-0.006,0.0014
2020-04-29 12:39:00,-0.0078,-0.0097,-0.0018
2020-04-29 12:38:00,-0.0074,-0.0131,-0.0058
2020-04-29 12:37:00,-0.0059,-0.0172,-0.0113
2020-04-29 12:36:00,-0.0031,-0.0163,-0.0132
2020-04-29 12:35:00,0.0002,-0.0137,-0.0139
2020-04-29 12:34:00,0.0037,-0.0114,-0.015
2020-04-29 12:33:00,0.0075,-0.0112,-0.0186
2020-04-29 12:32:00,0.0121,-0.0088,-0.0209
2020-04-29 12:31:00,0.0173,-0.0046,-0.0219
2020-04-29 12:30:00,0.0228,0.0009,-0.0219
2020-04-29 12:29:00,0.0283,0.0099,-0.0184
2020-04-29 12:28:00,0.0329,0.0171,-0.0158
2020-04-29 12:27:00,0.0368,0.021,-0.0158
2020-04-29 12:26:00,0.0408,0.0282,-0.0126
2020-04-29 12:25:00,0.044,0.0339,-0.01
2020-04-29 12:24:00,0.0465,0.0367,-0.0098
2020-04-29 12:23:00,0.0489,0.0382,-0.0107
2020-04-29 12:22:00,0.0516,0.0405,-0.0111
2020-04-29 12:21:00,0.0543,0.0444,-0.0099
2020-04-29 12:20:00,0.0568,0.048,-0.0088
2020-04-29 12:19:00,0.059,0.0491,-0.0099
2020-04-29 12:18:00,0.0615,0.0546,-0.0069
2020-04-29 12:17:00,0.0632,0.0571,-0.0062
2020-04-29 12:16:00,0.0647,0.0629,-0.0019
2020-04-29 12:15:00,0.0652,0.0643,-0.0009
2020-04-29 12:14:00,0.0654,0.0673,0.0018
2020-04-29 12:13:00,0.065,0.07,0.005
2020-04-29 12:12:00,0.0637,0.072,0.0083
2020-04-29 12:11:00,0.0617,0.0702,0.0086
2020-04-29 12:10:00,0.0595,0.0692,0.0097
2020-04-29 12:09:00,0.0571,0.0674,0.0103
2020-04-29 12:08:00,0.0545,0.0681,0.0136
2020-04-29 12:07:00,0.0511,0.0661,0.015
2020-04-29 12:06:00,0.0474,0.0569,0.0096
2020-04-29 12:05:00,0.045,0.052,0.0071
2020-04-29 12:04:00,0.0432,0.0486,0.0054
2020-04-29 12:03:00,0.0419,0.048,0.0062
2020-04-29 12:02:00,0.0403,0.0467,0.0064
2020-04-29 12:01:00,0.0387,0.0437,0.005
2020-04-29 12:00:00,0.0375,0.0414,0.0039
2020-04-29 11:59:00,0.0365,0.0419,0.0054
2020-04-29 11:58:00,0.0351,0.0404,0.0053
2020-04-29 11:57:00,0.0338,0.0404,0.0066
2020-04-29 11:56:00,0.0322,0.0389,0.0067
2020-04-29 11:55:00,0.0305,0.0392,0.0087
2020-04-29 11:54:00,0.0283,0.0358,0.0075
2020-04-29 11:53:00,0.0264,0.0301,0.0037
2020-04-29 11:52:00,0.0255,0.0277,0.0022
2020-04-29 11:51:00,0.0249,0.0247,-0.0002
2020-04-29 11:50:00,0.025,0.0231,-0.0019
2020-04-29 11:49:00,0.0255,0.0206,-0.0049
2020-04-29 11:48:00,0.0267,0.0162,-0.0105
2020-04-29 11:47:00,0.0293,0.0175,-0.0118
2020-04-29 11:46:00,0.0323,0.0204,-0.0118
2020-04-29 11:45:00,0.0352,0.0212,-0.014
2020-04-29 11:44:00,0.0387,0.0256,-0.0131
2020-04-29 11:43:00,0.042,0.0322,-0.0098
2020-04-29 11:42:00,0.0444,0.0332,-0.0113
2020-04-29 11:41:00,0.0473,0.039,-0.0083
2020-04-29 11:40:00,0.0493,0.0417,-0.0076
2020-04-29 11:39:00,0.0512,0.0441,-0.0072
2020-04-29 11:38:00,0.053,0.045,-0.0081
2020-04-29 11:37:00,0.055,0.0444,-0.0106
2020-04-29 11:36:00,0.0577,0.0481,-0.0096
2020-04-29 11:35:00,0.0601,0.0512,-0.0089
2020-04-29 11:34:00,0.0623,0.0523,-0.01
2020-04-29 11:33:00,0.0648,0.0632,-0.0016
2020-04-29 11:32:00,0.0652,0.0721,0.0069
2020-04-29 11:31:00,0.0635,0.0767,0.0133
2020-04-29 11:30:00,0.0602,0.0777,0.0176
2020-04-29 11:29:00,0.0558,0.077,0.0213
2020-04-29 11:28:00,0.0504,0.0767,0.0262
2020-04-29 11:27:00,0.0439,0.0725,0.0286
2020-04-29 11:26:00,0.0367,0.0652,0.0284
2020-04-29 11:25:00,0.0296,0.0553,0.0257
2020-04-29 11:24:00,0.0232,0.0496,0.0264
2020-04-29 11:23:00,0.0166,0.0385,0.0219
2020-04-29 11:22:00,0.0111,0.0304,0.0193
2020-04-29 11:21:00,0.0063,0.0242,0.0179
2020-04-29 11:20:00,0.0018,0.018,0.0162
2020-04-29 11:19:00,-0.0022,0.01,0.0122
2020-04-29 11:18:00,-0.0053,0.002,0.0073
2020-04-29 11:17:00,-0.0071,-0.0006,0.0065
2020-04-29 11:16:00,-0.0087,-0.0029,0.0058
2020-04-29 11:15:00,-0.0102,-0.0099,0.0003
2020-04-29 11:14:00,-0.0103,-0.0084,0.0018
2020-04-29 11:13:00,-0.0107,-0.0126,-0.0019
2020-04-29 11:12:00,-0.0103,-0.0157,-0.0055
2020-04-29 11:11:00,-0.0089,-0.0179,-0.009
2020-04-29 11:10:00,-0.0066,-0.017,-0.0103
2020-04-29 11:09:00,-0.004,-0.0124,-0.0083
2020-04-29 11:08:00,-0.002,-0.0018,0.0002
2020-04-29 11:07:00,-0.002,0.0011,0.0031
2020-04-29 11:06:00,-0.0028,0.0017,0.0045
2020-04-29 11:05:00,-0.0039,-0.0006,0.0033
2020-04-29 11:04:00,-0.0047,-0.0005,0.0042
2020-04-29 11:03:00,-0.0058,0.0007,0.0064
2020-04-29 11:02:00,-0.0074,-0.0004,0.007
2020-04-29 11:01:00,-0.0091,-0.0114,-0.0023
2020-04-29 11:00:00,-0.0085,-0.0131,-0.0046
2020-04-29 10:59:00,-0.0074,-0.0079,-0.0005
2020-04-29 10:58:00,-0.0073,-0.0073,-0.0001
2020-04-29 10:57:00,-0.0072,-0.0039,0.0033
2020-04-29 10:56:00,-0.0081,-0.0076,0.0004
2020-04-29 10:55:00,-0.0082,-0.0138,-0.0056
2020-04-29 10:54:00,-0.0068,-0.021,-0.0142
2020-04-29 10:53:00,-0.0032,-0.0232,-0.02
2020-04-29 10:52:00,0.0018,-0.0226,-0.0244
2020-04-29 10:51:00,0.0079,-0.0267,-0.0346
2020-04-29 10:50:00,0.0165,-0.0249,-0.0414
2020-04-29 10:49:00,0.0269,-0.016,-0.0429
2020-04-29 10:48:00,0.0376,-0.002,-0.0396
2020-04-29 10:47:00,0.0475,0.0167,-0.0308
2020-04-29 10:46:00,0.0552,0.0385,-0.0166
2020-04-29 10:45:00,0.0594,0.0465,-0.0128
2020-04-29 10:44:00,0.0626,0.0547,-0.0078
2020-04-29 10:43:00,0.0645,0.0632,-0.0013
2020-04-29 10:42:00,0.0649,0.0715,0.0066
2020-04-29 10:41:00,0.0632,0.0684,0.0052
2020-04-29 10:40:00,0.0619,0.0649,0.003
2020-04-29 10:39:00,0.0612,0.0585,-0.0027
2020-04-29 10:38:00,0.0618,0.0586,-0.0032
2020-04-29 10:37:00,0.0627,0.0599,-0.0027
2020-04-29 10:36:00,0.0633,0.0618,-0.0015
2020-04-29 10:35:00,0.0637,0.0613,-0.0024
2020-04-29 10:34:00,0.0643,0.0597,-0.0046
2020-04-29 10:33:00,0.0655,0.0619,-0.0036
2020-04-29 10:32:00,0.0664,0.0608,-0.0056
2020-04-29 10:31:00,0.0678,0.0605,-0.0073
2020-04-29 10:30:00,0.0696,0.0582,-0.0114
2020-04-29 10:29:00,0.0724,0.0616,-0.0109
2020-04-29 10:28:00,0.0751,0.069,-0.0061
2020-04-29 10:27:00,0.0767,0.0715,-0.0052
2020-04-29 10:26:00,0.078,0.0725,-0.0055
2020-04-29 10:25:00,0.0793,0.0717,-0.0076
2020-04-29 10:24:00,0.0812,0.0693,-0.0119
2020-04-29 10:23:00,0.0842,0.0652,-0.019
2020-04-29 10:22:00,0.0889,0.0645,-0.0244
2020-04-29 10:21:00,0.095,0.0657,-0.0293
2020-04-29 10:20:00,0.1024,0.072,-0.0304
2020-04-29 10:19:00,0.11,0.0733,-0.0367
2020-04-29 10:18:00,0.1191,0.079,-0.0402
2020-04-29 10:17:00,0.1292,0.0902,-0.039
2020-04-29 10:16:00,0.1389,0.0996,-0.0393
2020-04-29 10:15:00,0.1488,0.1026,-0.0462
2020-04-29 10:14:00,0.1603,0.109,-0.0513
2020-04-29 10:13:00,0.1731,0.1236,-0.0495
2020-04-29 10:12:00,0.1855,0.1335,-0.052
2020-04-29 10:11:00,0.1985,0.1593,-0.0392
2020-04-29 10:10:00,0.2083,0.1839,-0.0244
2020-04-29 10:09:00,0.2144,0.2034,-0.011
2020-04-29 10:08:00,0.2171,0.2132,-0.004
2020-04-29 10:07:00,0.2181,0.2179,-0.0002
2020-04-29 10:06:00,0.2182,0.2209,0.0027
2020-04-29 10:05:00,0.2175,0.228,0.0105
2020-04-29 10:04:00,0.2149,0.2261,0.0112
2020-04-29 10:03:00,0.2121,0.2261,0.014
2020-04-29 10:02:00,0.2086,0.2405,0.0319
2020-04-29 10:01:00,0.2006,0.2381,0.0375
2020-04-29 10:00:00,0.1912,0.2357,0.0445
2020-04-29 09:59:00,0.1801,0.2287,0.0486
2020-04-29 09:58:00,0.168,0.2271,0.0592
2020-04-29 09:57:00,0.1532,0.2152,0.062
2020-04-29 09:56:00,0.1377,0.1952,0.0576
2020-04-29 09:55:00,0.1233,0.1685,0.0453
2020-04-29 09:54:00,0.1119,0.1452,0.0332
2020-04-29 09:53:00,0.1036,0.1306,0.027
2020-04-29 09:52:00,0.0969,0.1182,0.0213
2020-04-29 09:51:00,0.0916,0.1028,0.0112
2020-04-29 09:50:00,0.0888,0.0927,0.004
2020-04-29 09:49:00,0.0878,0.0852,-0.0026
2020-04-29 09:48:00,0.0884,0.086,-0.0024
2020-04-29 09:47:00,0.089,0.0864,-0.0026
2020-04-29 09:46:00,0.0896,0.0968,0.0071
2020-04-29 09:45:00,0.0879,0.1076,0.0197
2020-04-29 09:44:00,0.0829,0.0888,0.0058
2020-04-29 09:43:00,0.0815,0.0909,0.0095
2020-04-29 09:42:00,0.0791,0.0782,-0.001
2020-04-29 09:41:00,0.0794,0.0811,0.0017
2020-04-29 09:40:00,0.0789,0.0979,0.0189
2020-04-29 09:39:00,0.0742,0.1179,0.0437
2020-04-29 09:38:00,0.0633,0.1233,0.0601
2020-04-29 09:37:00,0.0483,0.1229,0.0747
2020-04-29 09:36:00,0.0296,0.1232,0.0936
2020-04-29 09:35:00,0.0062,0.1049,0.0987
2020-04-29 09:34:00,-0.0185,0.0724,0.0909
2020-04-29 09:33:00,-0.0412,0.0442,0.0854
2020-04-29 09:32:00,-0.0626,-0.0012,0.0614
2020-04-29 09:31:00,-0.0779,-0.0341,0.0438
2020-04-28 16:00:00,-0.0889,-0.0885,0.0004
2020-04-28 15:59:00,-0.089,-0.0959,-0.0069
2020-04-28 15:58:00,-0.0873,-0.1075,-0.0203
2020-04-28 15:57:00,-0.0822,-0.1091,-0.0269
2020-04-28 15:56:00,-0.0755,-0.1126,-0.0372
2020-04-28 15:55:00,-0.0662,-0.1114,-0.0452
2020-04-28 15:54:00,-0.0549,-0.1,-0.0451
2020-04-28 15:53:00,-0.0436,-0.0912,-0.0476
2020-04-28 15:52:00,-0.0317,-0.074,-0.0423
2020-04-28 15:51:00,-0.0211,-0.0525,-0.0314
2020-04-28 15:50:00,-0.0133,-0.0437,-0.0304
2020-04-28 15:49:00,-0.0057,-0.0277,-0.022
2020-04-28 15:48:00,-0.0002,-0.0161,-0.0159
2020-04-28 15:47:00,0.0038,-0.0091,-0.0129
2020-04-28 15:46:00,0.007,-0.0027,-0.0097
2020-04-28 15:45:00,0.0095,0.0035,-0.0059
2020-04-28 15:44:00,0.011,0.0109,-0.0
2020-04-28 15:43:00,0.011,0.0146,0.0036
2020-04-28 15:42:00,0.0101,0.0146,0.0045
2020-04-28 15:41:00,0.0089,0.0122,0.0033
2020-04-28 15:40:00,0.0081,0.0096,0.0014
2020-04-28 15:39:00,0.0078,0.006,-0.0017
2020-04-28 15:38:00,0.0082,0.0049,-0.0032
2020-04-28 15:37:00,0.009,0.0061,-0.0029
2020-04-28 15:36:00,0.0097,0.0089,-0.0008
2020-04-28 15:35:00,0.0099,0.0125,0.0025
2020-04-28 15:34:00,0.0093,0.0127,0.0034
2020-04-28 15:33:00,0.0085,0.0123,0.0039
2020-04-28 15:32:00,0.0075,0.0112,0.0037
2020-04-28 15:31:00,0.0066,0.0095,0.0029
2020-04-28 15:30:00,0.0059,0.0073,0.0014
2020-04-28 15:29:00,0.0055,0.0043,-0.0012
2020-04-28 15:28:00,0.0058,0.0024,-0.0034
2020-04-28 15:27:00,0.0066,0.0001,-0.0066
2020-04-28 15:26:00,0.0083,-0.0009,-0.0092
2020-04-28 15:25:00,0.0106,0.003,-0.0076
2020-04-28 15:24:00,0.0125,0.0048,-0.0077
2020-04-28 15:23:00,0.0144,0.0081,-0.0063
2020-04-28 15:22:00,0.016,0.0142,-0.0018
2020-04-28 15:21:00,0.0164,0.0208,0.0043
2020-04-28 15:20:00,0.0153,0.0212,0.0059
2020-04-28 15:19:00,0.0139,0.0204,0.0066
2020-04-28 15:18:00,0.0122,0.0202,0.008
2020-04-28 15:17:00,0.0102,0.0195,0.0093
2020-04-28 15:16:00,0.0079,0.018,0.0101
2020-04-28 15:15:00,0.0054,0.0157,0.0103
2020-04-28 15:14:00,0.0028,0.0115,0.0087
2020-04-28 15:13:00,0.0006,0.0075,0.0069
2020-04-28 15:12:00,-0.0011,0.0049,0.006
2020-04-28 15:11:00,-0.0026,0.0035,0.0061
2020-04-28 15:10:00,-0.0041,0.0017,0.0058
2020-04-28 15:09:00,-0.0056,0.0019,0.0075
2020-04-28 15:08:00,-0.0074,0.0006,0.008
2020-04-28 15:07:00,-0.0094,-0.0011,0.0084
2020-04-28 15:06:00,-0.0115,-0.0032,0.0083
2020-04-28 15:05:00,-0.0136,-0.0089,0.0047
2020-04-28 15:04:00,-0.0148,-0.013,0.0018
2020-04-28 15:03:00,-0.0152,-0.0165,-0.0012
2020-04-28 15:02:00,-0.0149,-0.0223,-0.0073
2020-04-28 15:01:00,-0.0131,-0.0247,-0.0116
2020-04-28 15:00:00,-0.0102,-0.0244,-0.0143
2020-04-28 14:59:00,-0.0066,-0.0207,-0.0141
2020-04-28 14:58:00,-0.0031,-0.0122,-0.0091
2020-04-28 14:57:00,-0.0008,-0.0041,-0.0032
2020-04-28 14:56:00,-0.0,0.0023,0.0023
2020-04-28 14:55:00,-0.0006,0.0033,0.0039
2020-04-28 14:54:00,-0.0016,0.005,0.0066
2020-04-28 14:53:00,-0.0032,0.0015,0.0047
2020-04-28 14:52:00,-0.0044,-0.0014,0.003
2020-04-28 14:51:00,-0.0051,-0.0047,0.0005
2020-04-28 14:50:00,-0.0052,-0.0097,-0.0045
2020-04-28 14:49:00,-0.0041,-0.0105,-0.0064
2020-04-28 14:48:00,-0.0025,-0.0098,-0.0073
2020-04-28 14:47:00,-0.0007,-0.0107,-0.0101
2020-04-28 14:46:00,0.0018,-0.0103,-0.0121
2020-04-28 14:45:00,0.0049,-0.0081,-0.0129
2020-04-28 14:44:00,0.0081,-0.0051,-0.0131
2020-04-28 14:43:00,0.0114,-0.0032,-0.0146
2020-04-28 14:42:00,0.015,-0.0008,-0.0158
2020-04-28 14:41:00,0.019,0.0033,-0.0157
2020-04-28 14:40:00,0.0229,0.0054,-0.0175
2020-04-28 14:39:00,0.0273,0.0106,-0.0167
2020-04-28 14:38:00,0.0315,0.0145,-0.017
2020-04-28 14:37:00,0.0357,0.0203,-0.0154
2020-04-28 14:36:00,0.0395,0.0284,-0.0111
2020-04-28 14:35:00,0.0423,0.0343,-0.008
2020-04-28 14:34:00,0.0443,0.0382,-0.0061
2020-04-28 14:33:00,0.0459,0.0407,-0.0052
2020-04-28 14:32:00,0.0472,0.0402,-0.007
2020-04-28 14:31:00,0.0489,0.042,-0.0069
2020-04-28 14:30:00,0.0506,0.0453,-0.0054
2020-04-28 14:29:00,0.052,0.0496,-0.0024
2020-04-28 14:28:00,0.0526,0.0571,0.0045
2020-04-28 14:27:00,0.0514,0.0589,0.0075
2020-04-28 14:26:00,0.0496,0.0576,0.0081
2020-04-28 14:25:00,0.0475,0.0547,0.0071
2020-04-28 14:24:00,0.0458,0.0526,0.0069
2020-04-28 14:23:00,0.044,0.0518,0.0078
2020-04-28 14:22:00,0.0421,0.0495,0.0074
2020-04-28 14:21:00,0.0402,0.0474,0.0072
2020-04-28 14:20:00,0.0384,0.048,0.0096
2020-04-28 14:19:00,0.036,0.0461,0.0101
2020-04-28 14:18:00,0.0335,0.0434,0.0099
2020-04-28 14:17:00,0.031,0.0409,0.0099
2020-04-28 14:16:00,0.0286,0.0383,0.0098
2020-04-28 14:15:00,0.0261,0.0349,0.0087
2020-04-28 14:14:00,0.0239,0.0301,0.0061
2020-04-28 14:13:00,0.0224,0.0249,0.0025
2020-04-28 14:12:00,0.0218,0.0229,0.0011
2020-04-28 14:11:00,0.0215,0.0212,-0.0003
2020-04-28 14:10:00,0.0216,0.0207,-0.0009
2020-04-28 14:09:00,0.0218,0.0223,0.0005
2020-04-28 14:08:00,0.0217,0.0236,0.0019
2020-04-28 14:07:00,0.0212,0.0274,0.0062
2020-04-28 14:06:00,0.0196,0.0287,0.0091
2020-04-28 14:05:00,0.0173,0.0291,0.0117
2020-04-28 14:04:00,0.0144,0.0259,0.0115
2020-04-28 14:03:00,0.0115,0.0195,0.008
2020-04-28 14:02:00,0.0095,0.0157,0.0062
2020-04-28 14:01:00,0.008,0.0122,0.0043
2020-04-28 14:00:00,0.0069,0.0101,0.0032
2020-04-28 13:59:00,0.0061,0.0132,0.0071
2020-04-28 13:58:00,0.0044,0.0156,0.0112
2020-04-28 13:57:00,0.0016,0.0127,0.0112
2020-04-28 13:56:00,-0.0012,0.0074,0.0086
2020-04-28 13:55:00,-0.0034,0.0031,0.0065
2020-04-28 13:54:00,-0.005,-0.0022,0.0028
2020-04-28 13:53:00,-0.0057,-0.0056,0.0001
2020-04-28 13:52:00,-0.0057,-0.0079,-0.0022
2020-04-28 13:51:00,-0.0052,-0.0092,-0.004
2020-04-28 13:50:00,-0.0042,-0.0097,-0.0055
2020-04-28 13:49:00,-0.0028,-0.0097,-0.0069
2020-04-28 13:48:00,-0.001,-0.01,-0.009
2020-04-28 13:47:00,0.0012,-0.0093,-0.0104
2020-04-28 13:46:00,0.0038,-0.0091,-0.0129
2020-04-28 13:45:00,0.007,-0.0053,-0.0124
2020-04-28 13:44:00,0.0101,-0.004,-0.0141
2020-04-28 13:43:00,0.0137,-0.0002,-0.0138
2020-04-28 13:42:00,0.0171,0.0057,-0.0114
2020-04-28 13:41:00,0.02,0.0131,-0.0069
2020-04-28 13:40:00,0.0217,0.0173,-0.0044
2020-04-28 13:39:00,0.0228,0.0219,-0.0009
2020-04-28 13:38:00,0.023,0.0239,0.0009
2020-04-28 13:37:00,0.0228,0.0231,0.0003
2020-04-28 13:36:00,0.0227,0.0237,0.001
2020-04-28 13:35:00,0.0225,0.0191,-0.0034
2020-04-28 13:34:00,0.0233,0.019,-0.0044
2020-04-28 13:33:00,0.0244,0.0206,-0.0038
2020-04-28 13:32:00,0.0254,0.0203,-0.0051
2020-04-28 13:31:00,0.0267,0.0218,-0.0049
2020-04-28 13:30:00,0.0279,0.0253,-0.0026
2020-04-28 13:29:00,0.0285,0.0269,-0.0016
2020-04-28 13:28:00,0.0289,0.027,-0.0019
2020-04-28 13:27:00,0.0294,0.028,-0.0014
2020-04-28 13:26:00,0.0298,0.0289,-0.0009
2020-04-28 13:25:00,0.03,0.0294,-0.0006
2020-04-28 13:24:00,0.0302,0.03,-0.0001
2020-04-28 13:23:00,0.0302,0.03,-0.0002
2020-04-28 13:22:00,0.0303,0.0284,-0.0019
2020-04-28 13:21:00,0.0307,0.028,-0.0027
2020-04-28 13:20:00,0.0314,0.0262,-0.0052
2020-04-28 13:19:00,0.0327,0.0279,-0.0048
2020-04-28 13:18:00,0.0339,0.0268,-0.0071
2020-04-28 13:17:00,0.0357,0.029,-0.0067
2020-04-28 13:16:00,0.0374,0.0308,-0.0065
2020-04-28 13:15:00,0.039,0.0328,-0.0063
2020-04-28 13:14:00,0.0406,0.0388,-0.0018
2020-04-28 13:13:00,0.041,0.0412,0.0002
2020-04-28 13:12:00,0.041,0.0433,0.0024
2020-04-28 13:11:00,0.0404,0.0424,0.002
2020-04-28 13:10:00,0.0399,0.0432,0.0034
2020-04-28 13:09:00,0.039,0.0451,0.0061
2020-04-28 13:08:00,0.0375,0.0458,0.0083
2020-04-28 13:07:00,0.0354,0.046,0.0105
2020-04-28 13:06:00,0.0328,0.0425,0.0097
2020-04-28 13:05:00,0.0304,0.0384,0.0081
2020-04-28 13:04:00,0.0283,0.0348,0.0064
2020-04-28 13:03:00,0.0267,0.0316,0.0049
2020-04-28 13:02:00,0.0255,0.0312,0.0057
2020-04-28 13:01:00,0.0241,0.0307,0.0067
2020-04-28 13:00:00,0.0224,0.0302,0.0078
2020-04-28 12:59:00,0.0205,0.0316,0.0111
2020-04-28 12:58:00,0.0177,0.0253,0.0076
2020-04-28 12:57:00,0.0158,0.0202,0.0044
2020-04-28 12:56:00,0.0147,0.013,-0.0017
2020-04-28 12:55:00,0.0151,0.0119,-0.0032
2020-04-28 12:54:00,0.0159,0.0114,-0.0045
2020-04-28 12:53:00,0.017,0.0146,-0.0024
2020-04-28 12:52:00,0.0176,0.0165,-0.0012
2020-04-28 12:51:00,0.0179,0.0189,0.001
2020-04-28 12:50:00,0.0177,0.0158,-0.0019
2020-04-28 12:49:00,0.0182,0.0142,-0.0039
2020-04-28 12:48:00,0.0191,0.012,-0.0072
2020-04-28 12:47:00,0.0209,0.0135,-0.0074
2020-04-28 12:46:00,0.0228,0.0178,-0.005
2020-04-28 12:45:00,0.0241,0.0226,-0.0015
2020-04-28 12:44:00,0.0244,0.0237,-0.0007
2020-04-28 12:43:00,0.0246,0.0248,0.0002
2020-04-28 12:42:00,0.0246,0.0279,0.0033
2020-04-28 12:41:00,0.0237,0.0273,0.0036
2020-04-28 12:40:00,0.0228,0.0251,0.0023
2020-04-28 12:39:00,0.0223,0.0231,0.0008
2020-04-28 12:38:00,0.0221,0.0196,-0.0025
2020-04-28 12:37:00,0.0227,0.0205,-0.0022
2020-04-28 12:36:00,0.0232,0.0223,-0.0009
2020-04-28 12:35:00,0.0235,0.0223,-0.0011
2020-04-28 12:34:00,0.0237,0.0235,-0.0002
2020-04-28 12:33:00,0.0238,0.0242,0.0004
2020-04-28 12:32:00,0.0237,0.0253,0.0016
2020-04-28 12:31:00,0.0233,0.0257,0.0024
2020-04-28 12:30:00,0.0227,0.0259,0.0032
2020-04-28 12:29:00,0.0219,0.0227,0.0008
2020-04-28 12:28:00,0.0217,0.0173,-0.0044
2020-04-28 12:27:00,0.0228,0.0162,-0.0066
2020-04-28 12:26:00,0.0244,0.0116,-0.0129
2020-04-28 12:25:00,0.0277,0.0085,-0.0192
2020-04-28 12:24:00,0.0325,0.0096,-0.0229
2020-04-28 12:23:00,0.0382,0.0144,-0.0238
2020-04-28 12:22:00,0.0441,0.0187,-0.0254
2020-04-28 12:21:00,0.0505,0.021,-0.0295
2020-04-28 12:20:00,0.0579,0.0266,-0.0312
2020-04-28 12:19:00,0.0657,0.0365,-0.0292
2020-04-28 12:18:00,0.073,0.0516,-0.0214
2020-04-28 12:17:00,0.0783,0.064,-0.0143
2020-04-28 12:16:00,0.0819,0.0739,-0.008
2020-04-28 12:15:00,0.0839,0.0874,0.0035
2020-04-28 12:14:00,0.083,0.0952,0.0122
2020-04-28 12:13:00,0.0799,0.1017,0.0217
2020-04-28 12:12:00,0.0745,0.1045,0.03
2020-04-28 12:11:00,0.067,0.0974,0.0304
2020-04-28 12:10:00,0.0594,0.0895,0.0301
2020-04-28 12:09:00,0.0519,0.0791,0.0272
2020-04-28 12:08:00,0.0451,0.0667,0.0216
2020-04-28 12:07:00,0.0397,0.0554,0.0157
2020-04-28 12:06:00,0.0357,0.0485,0.0127
2020-04-28 12:05:00,0.0326,0.0404,0.0079
2020-04-28 12:04:00,0.0306,0.0352,0.0046
2020-04-28 12:03:00,0.0295,0.0329,0.0035
2020-04-28 12:02:00,0.0286,0.0358,0.0072
2020-04-28 12:01:00,0.0268,0.0303,0.0036
2020-04-28 12:00:00,0.0259,0.0264,0.0005
2020-04-28 11:59:00,0.0257,0.0272,0.0014
2020-04-28 11:58:00,0.0254,0.0308,0.0054
2020-04-28 11:57:00,0.024,0.0273,0.0032
2020-04-28 11:56:00,0.0232,0.024,0.0007
2020-04-28 11:55:00,0.0231,0.0223,-0.0007
2020-04-28 11:54:00,0.0232,0.021,-0.0022
2020-04-28 11:53:00,0.0238,0.016,-0.0078
2020-04-28 11:52:00,0.0257,0.0159,-0.0099
2020-04-28 11:51:00,0.0282,0.0273,-0.0009
2020-04-28 11:50:00,0.0284,0.031,0.0026
2020-04-28 11:49:00,0.0278,0.031,0.0032
2020-04-28 11:48:00,0.027,0.0321,0.0051
2020-04-28 11:47:00,0.0257,0.0289,0.0032
2020-04-28 11:46:00,0.0249,0.0275,0.0026
2020-04-28 11:45:00,0.0243,0.0223,-0.0019
2020-04-28 11:44:00,0.0247,0.0224,-0.0023
2020-04-28 11:43:00,0.0253,0.0253,-0.0
2020-04-28 11:42:00,0.0253,0.0246,-0.0008
2020-04-28 11:41:00,0.0255,0.0293,0.0038
2020-04-28 11:40:00,0.0246,0.035,0.0105
2020-04-28 11:39:00,0.0219,0.0397,0.0178
2020-04-28 11:38:00,0.0175,0.0354,0.0179
2020-04-28 11:37:00,0.013,0.0294,0.0164
2020-04-28 11:36:00,0.0089,0.0203,0.0114
2020-04-28 11:35:00,0.0061,0.0191,0.0131
2020-04-28 11:34:00,0.0028,0.0156,0.0128
2020-04-28 11:33:00,-0.0004,0.0177,0.0181
2020-04-28 11:32:00,-0.0049,0.0171,0.0221
2020-04-28 11:31:00,-0.0105,0.0151,0.0255
2020-04-28 11:30:00,-0.0168,0.0051,0.0219
2020-04-28 11:29:00,-0.0223,-0.0026,0.0197
2020-04-28 11:28:00,-0.0273,-0.0114,0.0159
2020-04-28 11:27:00,-0.0312,-0.0183,0.0129
2020-04-28 11:26:00,-0.0344,-0.0179,0.0165
2020-04-28 11:25:00,-0.0386,-0.018,0.0206
2020-04-28 11:24:00,-0.0437,-0.0214,0.0223
2020-04-28 11:23:00,-0.0493,-0.0331,0.0162
2020-04-28 11:22:00,-0.0534,-0.0445,0.0089
2020-04-28 11:21:00,-0.0556,-0.0507,0.0049
2020-04-28 11:20:00,-0.0568,-0.0524,0.0045
2020-04-28 11:19:00,-0.0579,-0.0506,0.0073
2020-04-28 11:18:00,-0.0598,-0.0492,0.0105
2020-04-28 11:17:00,-0.0624,-0.0449,0.0175
2020-04-28 11:16:00,-0.0668,-0.041,0.0258
2020-04-28 11:15:00,-0.0732,-0.0426,0.0306
2020-04-28 11:14:00,-0.0809,-0.0501,0.0307
2020-04-28 11:13:00,-0.0885,-0.0596,0.0289
2020-04-28 11:12:00,-0.0958,-0.0661,0.0296
2020-04-28 11:11:00,-0.1032,-0.0685,0.0347
2020-04-28 11:10:00,-0.1118,-0.0781,0.0338
2020-04-28 11:09:00,-0.1203,-0.0876,0.0327
2020-04-28 11:08:00,-0.1285,-0.1016,0.0268
2020-04-28 11:07:00,-0.1352,-0.1124,0.0227
2020-04-28 11:06:00,-0.1408,-0.119,0.0219
2020-04-28 11:05:00,-0.1463,-0.1266,0.0197
2020-04-28 11:04:00,-0.1512,-0.1359,0.0153
2020-04-28 11:03:00,-0.1551,-0.1502,0.0049
2020-04-28 11:02:00,-0.1563,-0.1645,-0.0082
2020-04-28 11:01:00,-0.1542,-0.1733,-0.019
2020-04-28 11:00:00,-0.1495,-0.1725,-0.023
2020-04-28 10:59:00,-0.1437,-0.1713,-0.0276
2020-04-28 10:58:00,-0.1369,-0.1663,-0.0295
2020-04-28 10:57:00,-0.1295,-0.1705,-0.0411
2020-04-28 10:56:00,-0.1192,-0.1533,-0.0341
2020-04-28 10:55:00,-0.1107,-0.1382,-0.0275
2020-04-28 10:54:00,-0.1038,-0.1251,-0.0213
2020-04-28 10:53:00,-0.0985,-0.1199,-0.0214
2020-04-28 10:52:00,-0.0932,-0.1195,-0.0264
2020-04-28 10:51:00,-0.0866,-0.1224,-0.0359
2020-04-28 10:50:00,-0.0776,-0.1092,-0.0316
2020-04-28 10:49:00,-0.0697,-0.0962,-0.0266
2020-04-28 10:48:00,-0.0631,-0.087,-0.024
2020-04-28 10:47:00,-0.0571,-0.0769,-0.0199
2020-04-28 10:46:00,-0.0521,-0.0711,-0.019
2020-04-28 10:45:00,-0.0473,-0.0646,-0.0173
2020-04-28 10:44:00,-0.043,-0.044,-0.0009
2020-04-28 10:43:00,-0.0428,-0.0325,0.0103
2020-04-28 10:42:00,-0.0454,-0.0255,0.0198
2020-04-28 10:41:00,-0.0503,-0.0168,0.0336
2020-04-28 10:40:00,-0.0587,-0.015,0.0437
2020-04-28 10:39:00,-0.0696,-0.0172,0.0524
2020-04-28 10:38:00,-0.0827,-0.0271,0.0556
2020-04-28 10:37:00,-0.0966,-0.0385,0.0581
2020-04-28 10:36:00,-0.1112,-0.0541,0.0571
2020-04-28 10:35:00,-0.1254,-0.0726,0.0529
2020-04-28 10:34:00,-0.1387,-0.0906,0.048
2020-04-28 10:33:00,-0.1507,-0.107,0.0436
2020-04-28 10:32:00,-0.1616,-0.1251,0.0364
2020-04-28 10:31:00,-0.1707,-0.1474,0.0233
2020-04-28 10:30:00,-0.1765,-0.1594,0.0171
2020-04-28 10:29:00,-0.1808,-0.1704,0.0103
2020-04-28 10:28:00,-0.1833,-0.1825,0.0008
2020-04-28 10:27:00,-0.1835,-0.1953,-0.0117
2020-04-28 10:26:00,-0.1806,-0.2046,-0.024
2020-04-28 10:25:00,-0.1746,-0.2121,-0.0375
2020-04-28 10:24:00,-0.1652,-0.2109,-0.0456
2020-04-28 10:23:00,-0.1538,-0.2018,-0.048
2020-04-28 10:22:00,-0.1418,-0.18,-0.0382
2020-04-28 10:21:00,-0.1323,-0.1598,-0.0275
2020-04-28 10:20:00,-0.1254,-0.1475,-0.0221
2020-04-28 10:19:00,-0.1199,-0.1336,-0.0137
2020-04-28 10:18:00,-0.1165,-0.1298,-0.0134
2020-04-28 10:17:00,-0.1131,-0.1302,-0.0171
2020-04-28 10:16:00,-0.1088,-0.1257,-0.0169
2020-04-28 10:15:00,-0.1046,-0.1222,-0.0176
2020-04-28 10:14:00,-0.1002,-0.115,-0.0148
2020-04-28 10:13:00,-0.0965,-0.1034,-0.0069
2020-04-28 10:12:00,-0.0948,-0.1011,-0.0063
2020-04-28 10:11:00,-0.0932,-0.0992,-0.0059
2020-04-28 10:10:00,-0.0917,-0.0988,-0.0071
2020-04-28 10:09:00,-0.09,-0.1,-0.01
2020-04-28 10:08:00,-0.0875,-0.1051,-0.0176
2020-04-28 10:07:00,-0.0831,-0.1093,-0.0263
2020-04-28 10:06:00,-0.0765,-0.1185,-0.042
2020-04-28 10:05:00,-0.066,-0.1239,-0.0579
2020-04-28 10:04:00,-0.0515,-0.128,-0.0765
2020-04-28 10:03:00,-0.0324,-0.1198,-0.0875
2020-04-28 10:02:00,-0.0105,-0.1044,-0.0939
2020-04-28 10:01:00,0.013,-0.0832,-0.0962
2020-04-28 10:00:00,0.037,-0.0583,-0.0953
2020-04-28 09:59:00,0.0608,-0.0248,-0.0857
2020-04-28 09:58:00,0.0822,0.0131,-0.0691
2020-04-28 09:57:00,0.0995,0.037,-0.0625
2020-04-28 09:56:00,0.1152,0.0553,-0.0598
2020-04-28 09:55:00,0.1301,0.0686,-0.0615
2020-04-28 09:54:00,0.1455,0.0779,-0.0676
2020-04-28 09:53:00,0.1624,0.0898,-0.0725
2020-04-28 09:52:00,0.1805,0.1058,-0.0747
2020-04-28 09:51:00,0.1992,0.1331,-0.0661
2020-04-28 09:50:00,0.2157,0.1539,-0.0619
2020-04-28 09:49:00,0.2312,0.1765,-0.0547
2020-04-28 09:48:00,0.2449,0.2029,-0.042
2020-04-28 09:47:00,0.2554,0.2291,-0.0263
2020-04-28 09:46:00,0.2619,0.2405,-0.0214
2020-04-28 09:45:00,0.2673,0.2525,-0.0148
2020-04-28 09:44:00,0.271,0.263,-0.008
2020-04-28 09:43:00,0.273,0.2894,0.0164
2020-04-28 09:42:00,0.2689,0.3219,0.053
2020-04-28 09:41:00,0.2557,0.3318,0.0761
2020-04-28 09:40:00,0.2366,0.3314,0.0948
2020-04-28 09:39:00,0.2129,0.3281,0.1152
2020-04-28 09:38:00,0.1841,0.3169,0.1328
2020-04-28 09:37:00,0.151,0.2631,0.1121
2020-04-28 09:36:00,0.1229,0.2267,0.1038
2020-04-28 09:35:00,0.097,0.1902,0.0933
2020-04-28 09:34:00,0.0737,0.1643,0.0907
2020-04-28 09:33:00,0.051,0.1421,0.0911
2020-04-28 09:32:00,0.0282,0.1025,0.0743
2020-04-28 09:31:00,0.0096,0.0515,0.0418
2020-04-27 16:00:00,-0.0008,-0.0175,-0.0167
2020-04-27 15:59:00,0.0034,-0.0115,-0.0149
2020-04-27 15:58:00,0.0071,-0.0043,-0.0114
2020-04-27 15:57:00,0.0099,-0.0021,-0.012
2020-04-27 15:56:00,0.0129,0.0012,-0.0117
2020-04-27 15:55:00,0.0158,0.0035,-0.0124
2020-04-27 15:54:00,0.0189,0.0068,-0.0121
2020-04-27 15:53:00,0.022,0.0084,-0.0136
2020-04-27 15:52:00,0.0253,0.0143,-0.011
2020-04-27 15:51:00,0.0281,0.0201,-0.008
2020-04-27 15:50:00,0.0301,0.0278,-0.0023
2020-04-27 15:49:00,0.0307,0.0295,-0.0011
2020-04-27 15:48:00,0.031,0.0313,0.0004
2020-04-27 15:47:00,0.0309,0.0332,0.0023
2020-04-27 15:46:00,0.0303,0.0356,0.0053
2020-04-27 15:45:00,0.0289,0.0364,0.0075
2020-04-27 15:44:00,0.0271,0.0361,0.0091
2020-04-27 15:43:00,0.0248,0.0352,0.0104
2020-04-27 15:42:00,0.0222,0.0345,0.0123
2020-04-27 15:41:00,0.0191,0.0326,0.0135
2020-04-27 15:40:00,0.0158,0.0307,0.0149
2020-04-27 15:39:00,0.012,0.0253,0.0133
2020-04-27 15:38:00,0.0087,0.0179,0.0092
2020-04-27 15:37:00,0.0064,0.012,0.0056
2020-04-27 15:36:00,0.005,0.0083,0.0033
2020-04-27 15:35:00,0.0042,0.007,0.0028
2020-04-27 15:34:00,0.0035,0.0067,0.0032
2020-04-27 15:33:00,0.0027,0.0069,0.0042
2020-04-27 15:32:00,0.0017,0.008,0.0063
2020-04-27 15:31:00,0.0001,0.0061,0.006
2020-04-27 15:30:00,-0.0014,0.0037,0.0051
2020-04-27 15:29:00,-0.0027,0.0006,0.0033
2020-04-27 15:28:00,-0.0035,-0.0018,0.0017
2020-04-27 15:27:00,-0.0039,-0.0029,0.001
2020-04-27 15:26:00,-0.0042,-0.0038,0.0004
2020-04-27 15:25:00,-0.0043,-0.0038,0.0005
2020-04-27 15:24:00,-0.0044,-0.0037,0.0007
2020-04-27 15:23:00,-0.0046,-0.0041,0.0004
2020-04-27 15:22:00,-0.0047,-0.0061,-0.0014
2020-04-27 15:21:00,-0.0043,-0.008,-0.0036
2020-04-27 15:20:00,-0.0034,-0.0072,-0.0038
2020-04-27 15:19:00,-0.0025,-0.0072,-0.0047
2020-04-27 15:18:00,-0.0013,-0.005,-0.0037
2020-04-27 15:17:00,-0.0004,-0.0031,-0.0028
2020-04-27 15:16:00,0.0003,-0.0028,-0.0031
2020-04-27 15:15:00,0.0011,-0.0053,-0.0064
2020-04-27 15:14:00,0.0027,-0.0059,-0.0086
2020-04-27 15:13:00,0.0048,-0.0035,-0.0084
2020-04-27 15:12:00,0.0069,-0.0005,-0.0074
2020-04-27 15:11:00,0.0088,0.0029,-0.0059
2020-04-27 15:10:00,0.0103,0.0052,-0.0051
2020-04-27 15:09:00,0.0115,0.006,-0.0055
2020-04-27 15:08:00,0.0129,0.0065,-0.0064
2020-04-27 15:07:00,0.0145,0.007,-0.0075
2020-04-27 15:06:00,0.0164,0.0095,-0.0068
2020-04-27 15:05:00,0.0181,0.0121,-0.006
2020-04-27 15:04:00,0.0196,0.0164,-0.0032
2020-04-27 15:03:00,0.0204,0.021,0.0006
2020-04-27 15:02:00,0.0202,0.0204,0.0001
2020-04-27 15:01:00,0.0202,0.0203,0.0001
2020-04-27 15:00:00,0.0202,0.0205,0.0003
2020-04-27 14:59:00,0.0201,0.0205,0.0004
2020-04-27 14:58:00,0.02,0.0216,0.0016
2020-04-27 14:57:00,0.0196,0.0222,0.0026
2020-04-27 14:56:00,0.0189,0.0202,0.0012
2020-04-27 14:55:00,0.0186,0.0203,0.0017
2020-04-27 14:54:00,0.0182,0.0202,0.002
2020-04-27 14:53:00,0.0177,0.0187,0.001
2020-04-27 14:52:00,0.0175,0.0176,0.0001
2020-04-27 14:51:00,0.0174,0.0169,-0.0005
2020-04-27 14:50:00,0.0176,0.0186,0.0011
2020-04-27 14:49:00,0.0173,0.0208,0.0035
2020-04-27 14:48:00,0.0164,0.0197,0.0033
2020-04-27 14:47:00,0.0156,0.017,0.0014
2020-04-27 14:46:00,0.0152,0.0147,-0.0005
2020-04-27 14:45:00,0.0154,0.0132,-0.0021
2020-04-27 14:44:00,0.0159,0.0137,-0.0022
2020-04-27 14:43:00,0.0165,0.0135,-0.0029
2020-04-27 14:42:00,0.0172,0.0126,-0.0046
2020-04-27 14:41:00,0.0183,0.0128,-0.0055
2020-04-27 14:40:00,0.0197,0.0134,-0.0063
2020-04-27 14:39:00,0.0213,0.0144,-0.0069
2020-04-27 14:38:00,0.023,0.015,-0.008
2020-04-27 14:37:00,0.025,0.0199,-0.0051
2020-04-27 14:36:00,0.0263,0.0226,-0.0037
2020-04-27 14:35:00,0.0272,0.0241,-0.0031
2020-04-27 14:34:00,0.028,0.027,-0.001
2020-04-27 14:33:00,0.0283,0.0297,0.0014
2020-04-27 14:32:00,0.0279,0.033,0.0051
2020-04-27 14:31:00,0.0266,0.0357,0.0091
2020-04-27 14:30:00,0.0244,0.0354,0.0111
2020-04-27 14:29:00,0.0216,0.0332,0.0117
2020-04-27 14:28:00,0.0187,0.0284,0.0097
2020-04-27 14:27:00,0.0162,0.025,0.0088
2020-04-27 14:26:00,0.0141,0.0248,0.0107
2020-04-27 14:25:00,0.0114,0.0236,0.0122
2020-04-27 14:24:00,0.0083,0.0197,0.0114
2020-04-27 14:23:00,0.0055,0.013,0.0075
2020-04-27 14:22:00,0.0036,0.0087,0.0051
2020-04-27 14:21:00,0.0023,0.0052,0.0029
2020-04-27 14:20:00,0.0016,0.0017,0.0002
2020-04-27 14:19:00,0.0015,0.0012,-0.0004
2020-04-27 14:18:00,0.0016,0.0014,-0.0002
2020-04-27 14:17:00,0.0017,0.0009,-0.0008
2020-04-27 14:16:00,0.0019,0.0011,-0.0007
2020-04-27 14:15:00,0.002,0.0016,-0.0005
2020-04-27 14:14:00,0.0022,0.001,-0.0011
2020-04-27 14:13:00,0.0024,0.0003,-0.0022
2020-04-27 14:12:00,0.003,0.0003,-0.0026
2020-04-27 14:11:00,0.0036,0.0004,-0.0032
2020-04-27 14:10:00,0.0045,0.001,-0.0034
2020-04-27 14:09:00,0.0053,0.0028,-0.0025
2020-04-27 14:08:00,0.0059,0.0045,-0.0014
2020-04-27 14:07:00,0.0063,0.0062,-0.0001
2020-04-27 14:06:00,0.0063,0.0076,0.0014
2020-04-27 14:05:00,0.006,0.0094,0.0035
2020-04-27 14:04:00,0.0051,0.0095,0.0044
2020-04-27 14:03:00,0.004,0.0074,0.0035
2020-04-27 14:02:00,0.0031,0.0072,0.0041
2020-04-27 14:01:00,0.0021,0.0054,0.0033
2020-04-27 14:00:00,0.0013,0.0029,0.0016
2020-04-27 13:59:00,0.0009,0.0017,0.0008
2020-04-27 13:58:00,0.0006,0.0018,0.0011
2020-04-27 13:57:00,0.0004,0.0023,0.0019
2020-04-27 13:56:00,-0.0001,0.0009,0.001
2020-04-27 13:55:00,-0.0004,0.0011,0.0015
2020-04-27 13:54:00,-0.0007,0.0003,0.0011
2020-04-27 13:53:00,-0.001,-0.0001,0.0009
2020-04-27 13:52:00,-0.0012,0.0008,0.002
2020-04-27 13:51:00,-0.0017,-0.0011,0.0006
2020-04-27 13:50:00,-0.0019,-0.002,-0.0001
2020-04-27 13:49:00,-0.0019,-0.0035,-0.0017
2020-04-27 13:48:00,-0.0014,-0.0029,-0.0015
2020-04-27 13:47:00,-0.0011,-0.0037,-0.0026
2020-04-27 13:46:00,-0.0004,-0.0046,-0.0042
2020-04-27 13:45:00,0.0006,-0.0026,-0.0032
2020-04-27 13:44:00,0.0014,-0.0003,-0.0018
2020-04-27 13:43:00,0.0019,0.0006,-0.0013
2020-04-27 13:42:00,0.0022,0.002,-0.0002
2020-04-27 13:41:00,0.0022,0.0018,-0.0005
2020-04-27 13:40:00,0.0023,0.0014,-0.0009
2020-04-27 13:39:00,0.0026,0.0019,-0.0006
2020-04-27 13:38:00,0.0027,0.0031,0.0004
2020-04-27 13:37:00,0.0026,0.0035,0.0009
2020-04-27 13:36:00,0.0024,0.0042,0.0018
2020-04-27 13:35:00,0.0019,0.0074,0.0055
2020-04-27 13:34:00,0.0006,0.0098,0.0093
2020-04-27 13:33:00,-0.0018,0.0123,0.014
2020-04-27 13:32:00,-0.0053,0.0111,0.0164
2020-04-27 13:31:00,-0.0094,0.0054,0.0148
2020-04-27 13:30:00,-0.0131,0.0001,0.0132
2020-04-27 13:29:00,-0.0163,-0.0047,0.0117
2020-04-27 13:28:00,-0.0193,-0.0117,0.0076
2020-04-27 13:27:00,-0.0212,-0.0179,0.0033
2020-04-27 13:26:00,-0.022,-0.0241,-0.0021
2020-04-27 13:25:00,-0.0215,-0.026,-0.0045
2020-04-27 13:24:00,-0.0203,-0.0235,-0.0031
2020-04-27 13:23:00,-0.0196,-0.022,-0.0024
2020-04-27 13:22:00,-0.0189,-0.0208,-0.0018
2020-04-27 13:21:00,-0.0185,-0.0214,-0.0029
2020-04-27 13:20:00,-0.0178,-0.0206,-0.0028
2020-04-27 13:19:00,-0.0171,-0.0191,-0.002
2020-04-27 13:18:00,-0.0165,-0.0199,-0.0034
2020-04-27 13:17:00,-0.0157,-0.0207,-0.005
2020-04-27 13:16:00,-0.0144,-0.0209,-0.0065
2020-04-27 13:15:00,-0.0128,-0.0184,-0.0055
2020-04-27 13:14:00,-0.0114,-0.0148,-0.0034
2020-04-27 13:13:00,-0.0106,-0.0139,-0.0033
2020-04-27 13:12:00,-0.0098,-0.0148,-0.005
2020-04-27 13:11:00,-0.0085,-0.0147,-0.0062
2020-04-27 13:10:00,-0.007,-0.0144,-0.0074
2020-04-27 13:09:00,-0.0051,-0.0153,-0.0102
2020-04-27 13:08:00,-0.0026,-0.0157,-0.0131
2020-04-27 13:07:00,0.0007,-0.0145,-0.0152
2020-04-27 13:06:00,0.0045,-0.0122,-0.0167
2020-04-27 13:05:00,0.0087,-0.0061,-0.0148
2020-04-27 13:04:00,0.0124,0.0008,-0.0116
2020-04-27 13:03:00,0.0152,0.0086,-0.0067
2020-04-27 13:02:00,0.0169,0.0122,-0.0047
2020-04-27 13:01:00,0.0181,0.0178,-0.0003
2020-04-27 13:00:00,0.0182,0.0205,0.0023
2020-04-27 12:59:00,0.0176,0.0196,0.002
2020-04-27 12:58:00,0.0171,0.0192,0.0021
2020-04-27 12:57:00,0.0166,0.0195,0.0029
2020-04-27 12:56:00,0.0158,0.0185,0.0026
2020-04-27 12:55:00,0.0152,0.0179,0.0028
2020-04-27 12:54:00,0.0145,0.0196,0.0051
2020-04-27 12:53:00,0.0132,0.0219,0.0087
2020-04-27 12:52:00,0.011,0.0219,0.0109
2020-04-27 12:51:00,0.0083,0.0202,0.0118
2020-04-27 12:50:00,0.0054,0.0161,0.0107
2020-04-27 12:49:00,0.0027,0.0096,0.0069
2020-04-27 12:48:00,0.001,0.0033,0.0023
2020-04-27 12:47:00,0.0004,-0.0003,-0.0006
2020-04-27 12:46:00,0.0005,-0.0023,-0.0028
2020-04-27 12:45:00,0.0012,-0.0053,-0.0065
2020-04-27 12:44:00,0.0029,-0.0111,-0.014
2020-04-27 12:43:00,0.0064,-0.0092,-0.0156
2020-04-27 12:42:00,0.0103,-0.0,-0.0103
2020-04-27 12:41:00,0.0128,0.0066,-0.0063
2020-04-27 12:40:00,0.0144,0.0134,-0.001
2020-04-27 12:39:00,0.0147,0.0194,0.0047
2020-04-27 12:38:00,0.0135,0.0201,0.0066
2020-04-27 12:37:00,0.0119,0.0227,0.0109
2020-04-27 12:36:00,0.0091,0.0212,0.0121
2020-04-27 12:35:00,0.0061,0.0176,0.0115
2020-04-27 12:34:00,0.0033,0.0131,0.0098
2020-04-27 12:33:00,0.0008,0.0072,0.0064
2020-04-27 12:32:00,-0.0008,0.0038,0.0046
2020-04-27 12:31:00,-0.0019,0.0022,0.0042
2020-04-27 12:30:00,-0.003,0.0012,0.0042
2020-04-27 12:29:00,-0.0041,-0.0002,0.0038
2020-04-27 12:28:00,-0.005,-0.0014,0.0036
2020-04-27 12:27:00,-0.0059,-0.0014,0.0046
2020-04-27 12:26:00,-0.0071,-0.0023,0.0048
2020-04-27 12:25:00,-0.0082,-0.003,0.0053
2020-04-27 12:24:00,-0.0096,-0.0048,0.0048
2020-04-27 12:23:00,-0.0108,-0.005,0.0058
2020-04-27 12:22:00,-0.0122,-0.0072,0.0049
2020-04-27 12:21:00,-0.0134,-0.0075,0.006
2020-04-27 12:20:00,-0.0149,-0.0091,0.0059
2020-04-27 12:19:00,-0.0164,-0.0126,0.0038
2020-04-27 12:18:00,-0.0173,-0.0154,0.002
2020-04-27 12:17:00,-0.0178,-0.0187,-0.0009
2020-04-27 12:16:00,-0.0176,-0.0197,-0.0021
2020-04-27 12:15:00,-0.0171,-0.0226,-0.0055
2020-04-27 12:14:00,-0.0157,-0.023,-0.0073
2020-04-27 12:13:00,-0.0139,-0.0191,-0.0052
2020-04-27 12:12:00,-0.0126,-0.0118,0.0008
2020-04-27 12:11:00,-0.0127,-0.0074,0.0054
2020-04-27 12:10:00,-0.0141,-0.0041,0.01
2020-04-27 12:09:00,-0.0166,-0.0045,0.0121
2020-04-27 12:08:00,-0.0196,-0.008,0.0116
2020-04-27 12:07:00,-0.0225,-0.0118,0.0107
2020-04-27 12:06:00,-0.0252,-0.017,0.0082
2020-04-27 12:05:00,-0.0272,-0.0194,0.0078
2020-04-27 12:04:00,-0.0292,-0.0227,0.0065
2020-04-27 12:03:00,-0.0308,-0.026,0.0048
2020-04-27 12:02:00,-0.032,-0.0304,0.0017
2020-04-27 12:01:00,-0.0325,-0.0319,0.0005
2020-04-27 12:00:00,-0.0326,-0.0355,-0.0029
2020-04-27 11:59:00,-0.0319,-0.0386,-0.0067
2020-04-27 11:58:00,-0.0302,-0.0409,-0.0107
2020-04-27 11:57:00,-0.0275,-0.0452,-0.0177
2020-04-27 11:56:00,-0.0231,-0.0446,-0.0215
2020-04-27 11:55:00,-0.0177,-0.0446,-0.0269
2020-04-27 11:54:00,-0.011,-0.043,-0.0319
2020-04-27 11:53:00,-0.003,-0.0311,-0.028
2020-04-27 11:52:00,0.004,-0.0221,-0.0261
2020-04-27 11:51:00,0.0105,-0.0148,-0.0252
2020-04-27 11:50:00,0.0168,-0.0028,-0.0196
2020-04-27 11:49:00,0.0217,0.012,-0.0097
2020-04-27 11:48:00,0.0241,0.0206,-0.0035
2020-04-27 11:47:00,0.025,0.0267,0.0016
2020-04-27 11:46:00,0.0246,0.0274,0.0028
2020-04-27 11:45:00,0.0239,0.0305,0.0066
2020-04-27 11:44:00,0.0223,0.0294,0.0071
2020-04-27 11:43:00,0.0205,0.0296,0.0091
2020-04-27 11:42:00,0.0182,0.0279,0.0097
2020-04-27 11:41:00,0.0158,0.0259,0.0101
2020-04-27 11:40:00,0.0132,0.0265,0.0133
2020-04-27 11:39:00,0.0099,0.0197,0.0098
2020-04-27 11:38:00,0.0075,0.0154,0.0079
2020-04-27 11:37:00,0.0055,0.0112,0.0057
2020-04-27 11:36:00,0.0041,0.0117,0.0077
2020-04-27 11:35:00,0.0021,0.0097,0.0076
2020-04-27 11:34:00,0.0002,0.0091,0.0088
2020-04-27 11:33:00,-0.002,0.0081,0.01
2020-04-27 11:32:00,-0.0045,0.0087,0.0132
2020-04-27 11:31:00,-0.0078,0.0049,0.0126
2020-04-27 11:30:00,-0.0109,-0.0022,0.0087
2020-04-27 11:29:00,-0.0131,-0.0044,0.0087
2020-04-27 11:28:00,-0.0153,-0.0077,0.0075
2020-04-27 11:27:00,-0.0172,-0.0089,0.0082
2020-04-27 11:26:00,-0.0192,-0.0108,0.0085
2020-04-27 11:25:00,-0.0213,-0.0135,0.0078
2020-04-27 11:24:00,-0.0233,-0.0142,0.0091
2020-04-27 11:23:00,-0.0256,-0.0145,0.0111
2020-04-27 11:22:00,-0.0283,-0.0197,0.0086
2020-04-27 11:21:00,-0.0305,-0.027,0.0035
2020-04-27 11:20:00,-0.0313,-0.0323,-0.0009
2020-04-27 11:19:00,-0.0311,-0.0356,-0.0045
2020-04-27 11:18:00,-0.03,-0.0347,-0.0047
2020-04-27 11:17:00,-0.0288,-0.0341,-0.0053
2020-04-27 11:16:00,-0.0275,-0.0337,-0.0062
2020-04-27 11:15:00,-0.0259,-0.0344,-0.0085
2020-04-27 11:14:00,-0.0238,-0.0338,-0.01
2020-04-27 11:13:00,-0.0213,-0.0335,-0.0122
2020-04-27 11:12:00,-0.0182,-0.0327,-0.0145
2020-04-27 11:11:00,-0.0146,-0.0308,-0.0162
2020-04-27 11:10:00,-0.0106,-0.0273,-0.0167
2020-04-27 11:09:00,-0.0064,-0.0234,-0.0171
2020-04-27 11:08:00,-0.0021,-0.0177,-0.0155
2020-04-27 11:07:00,0.0018,-0.0116,-0.0133
2020-04-27 11:06:00,0.0051,-0.0036,-0.0087
2020-04-27 11:05:00,0.0073,0.0005,-0.0068
2020-04-27 11:04:00,0.009,0.0001,-0.0089
2020-04-27 11:03:00,0.0112,-0.0034,-0.0146
2020-04-27 11:02:00,0.0148,-0.0053,-0.0201
2020-04-27 11:01:00,0.0198,0.0005,-0.0193
2020-04-27 11:00:00,0.0247,0.0074,-0.0173
2020-04-27 10:59:00,0.029,0.0166,-0.0124
2020-04-27 10:58:00,0.0321,0.0214,-0.0106
2020-04-27 10:57:00,0.0348,0.0278,-0.0069
2020-04-27 10:56:00,0.0365,0.0331,-0.0034
2020-04-27 10:55:00,0.0373,0.0372,-0.0001
2020-04-27 10:54:00,0.0374,0.0374,-0.0
2020-04-27 10:53:00,0.0374,0.0411,0.0037
2020-04-27 10:52:00,0.0364,0.0468,0.0104
2020-04-27 10:51:00,0.0339,0.0508,0.017
2020-04-27 10:50:00,0.0296,0.0502,0.0206
2020-04-27 10:49:00,0.0245,0.0461,0.0216
2020-04-27 10:48:00,0.0191,0.0396,0.0206
2020-04-27 10:47:00,0.0139,0.0369,0.023
2020-04-27 10:46:00,0.0082,0.033,0.0248
2020-04-27 10:45:00,0.002,0.0234,0.0214
2020-04-27 10:44:00,-0.0034,0.0097,0.0131
2020-04-27 10:43:00,-0.0067,-0.0012,0.0055
2020-04-27 10:42:00,-0.0081,-0.0075,0.0006
2020-04-27 10:41:00,-0.0082,-0.0108,-0.0026
2020-04-27 10:40:00,-0.0076,-0.0144,-0.0068
2020-04-27 10:39:00,-0.0059,-0.013,-0.0071
2020-04-27 10:38:00,-0.0041,-0.0096,-0.0055
2020-04-27 10:37:00,-0.0027,-0.0088,-0.006
2020-04-27 10:36:00,-0.0012,-0.0081,-0.0068
2020-04-27 10:35:00,0.0005,-0.008,-0.0084
2020-04-27 10:34:00,0.0026,-0.0089,-0.0115
2020-04-27 10:33:00,0.0054,-0.0094,-0.0148
2020-04-27 10:32:00,0.0091,-0.0114,-0.0205
2020-04-27 10:31:00,0.0143,-0.0124,-0.0267
2020-04-27 10:30:00,0.021,-0.0119,-0.0328
2020-04-27 10:29:00,0.0292,-0.0059,-0.0351
2020-04-27 10:28:00,0.0379,0.0058,-0.0321
2020-04-27 10:27:00,0.046,0.0218,-0.0242
2020-04-27 10:26:00,0.052,0.0275,-0.0245
2020-04-27 10:25:00,0.0581,0.0335,-0.0247
2020-04-27 10:24:00,0.0643,0.0395,-0.0247
2020-04-27 10:23:00,0.0705,0.0493,-0.0212
2020-04-27 10:22:00,0.0758,0.062,-0.0138
2020-04-27 10:21:00,0.0792,0.0702,-0.009
2020-04-27 10:20:00,0.0815,0.0725,-0.009
2020-04-27 10:19:00,0.0837,0.0749,-0.0089
2020-04-27 10:18:00,0.086,0.0763,-0.0096
2020-04-27 10:17:00,0.0884,0.0736,-0.0148
2020-04-27 10:16:00,0.0921,0.0712,-0.0208
2020-04-27 10:15:00,0.0973,0.07,-0.0273
2020-04-27 10:14:00,0.1041,0.0735,-0.0305
2020-04-27 10:13:00,0.1117,0.0799,-0.0318
2020-04-27 10:12:00,0.1197,0.0865,-0.0332
2020-04-27 10:11:00,0.128,0.0941,-0.0339
2020-04-27 10:10:00,0.1364,0.1066,-0.0299
2020-04-27 10:09:00,0.1439,0.1168,-0.0271
2020-04-27 10:08:00,0.1507,0.1267,-0.0239
2020-04-27 10:07:00,0.1567,0.1467,-0.01
2020-04-27 10:06:00,0.1592,0.1639,0.0047
2020-04-27 10:05:00,0.158,0.1667,0.0087
2020-04-27 10:04:00,0.1558,0.1705,0.0147
